[INFO] 2025-05-24 03:53:02 UTC (2025-05-23 20:53:02 PT) - Starting nightly FINS data download
[INFO] 2025-05-24 03:53:02 UTC (2025-05-23 20:53:02 PT) - API key found
[INFO] 2025-05-24 03:53:02 UTC (2025-05-23 20:53:02 PT) - Current PT time: 2025-05-23 20:53:02
[INFO] 2025-05-24 03:53:02 UTC (2025-05-23 20:53:02 PT) - Requesting ALL historical trapping data through 05/24/2025 for NPT GRSME Program only
[INFO] 2025-05-24 03:53:39 UTC (2025-05-23 20:53:39 PT) - Downloaded 19675 rows of data
[INFO] 2025-05-24 03:53:39 UTC (2025-05-23 20:53:39 PT) - Columns: Finalize, Verify, Follow-Up, Trapped Date, Is Import, Facility, Trap, Trap Is Offsite, Trapping Session Name, Target Species, Target Run, Trapping Session Comments, Fish ID, Count, Species, Run, Sex, Origin, Origin Expression, Origin Description, Origin Start Date, Origin End Date, Origin Creator, Origin Creation Date, Living Status, Length, Age Designation, Age Calculated, Age Criteria Start Length, Age Criteria End Length, Age Criteria Start Date, Age Criteria End Date, Moved To Facility, Moved To, Moved To Location Type, Moved To Is Offsite, Offsite Owner Facility, Offsite Location Latitude, Offsite Location Longitude, Offsite Location Description, Disposition, Release Site, Release Site Latitude, Release Site Longitude, Purpose, Existing Marks, Existing Marks Quantity, Applied Marks, Applied Marks Quantity, Existing Tags, Applied Tags, Existing CWT, Existing CWT Value, Applied CWT, Applied CWT Value, Existing PIT, Applied PIT, Samples, Conditions, Recap, Injected, Weight, Notes, Group Notes, Import Custom
[INFO] 2025-05-24 03:53:39 UTC (2025-05-23 20:53:39 PT) - Successfully saved file: data/TrappingData.csv - Size: 11294133 bytes
[INFO] 2025-05-24 03:53:39 UTC (2025-05-23 20:53:39 PT) - Data summary:
[INFO] 2025-05-24 03:53:39 UTC (2025-05-23 20:53:39 PT) -   Date range: 10/10/2023 to 9/9/2022
[INFO] 2025-05-24 03:53:39 UTC (2025-05-23 20:53:39 PT) -   Total records: 19675
[INFO] 2025-05-24 03:53:39 UTC (2025-05-23 20:53:39 PT) - Download completed successfully
[INFO] 2025-05-25 03:36:21 UTC (2025-05-24 20:36:21 PT) - Starting nightly FINS data download
[INFO] 2025-05-25 03:36:21 UTC (2025-05-24 20:36:21 PT) - API key found
[INFO] 2025-05-25 03:36:21 UTC (2025-05-24 20:36:21 PT) - Current PT time: 2025-05-24 20:36:21
[INFO] 2025-05-25 03:36:21 UTC (2025-05-24 20:36:21 PT) - Requesting ALL historical trapping data through 05/25/2025 for NPT GRSME Program only
[INFO] 2025-05-25 03:37:00 UTC (2025-05-24 20:37:00 PT) - Downloaded 19675 rows of data
[INFO] 2025-05-25 03:37:00 UTC (2025-05-24 20:37:00 PT) - Columns: Finalize, Verify, Follow-Up, Trapped Date, Is Import, Facility, Trap, Trap Is Offsite, Trapping Session Name, Target Species, Target Run, Trapping Session Comments, Fish ID, Count, Species, Run, Sex, Origin, Origin Expression, Origin Description, Origin Start Date, Origin End Date, Origin Creator, Origin Creation Date, Living Status, Length, Age Designation, Age Calculated, Age Criteria Start Length, Age Criteria End Length, Age Criteria Start Date, Age Criteria End Date, Moved To Facility, Moved To, Moved To Location Type, Moved To Is Offsite, Offsite Owner Facility, Offsite Location Latitude, Offsite Location Longitude, Offsite Location Description, Disposition, Release Site, Release Site Latitude, Release Site Longitude, Purpose, Existing Marks, Existing Marks Quantity, Applied Marks, Applied Marks Quantity, Existing Tags, Applied Tags, Existing CWT, Existing CWT Value, Applied CWT, Applied CWT Value, Existing PIT, Applied PIT, Samples, Conditions, Recap, Injected, Weight, Notes, Group Notes, Import Custom
[INFO] 2025-05-25 03:37:00 UTC (2025-05-24 20:37:00 PT) - Successfully saved file: data/TrappingData.csv - Size: 11294133 bytes
[INFO] 2025-05-25 03:37:00 UTC (2025-05-24 20:37:00 PT) - Data summary:
[INFO] 2025-05-25 03:37:00 UTC (2025-05-24 20:37:00 PT) -   Date range: 10/10/2023 to 9/9/2022
[INFO] 2025-05-25 03:37:00 UTC (2025-05-24 20:37:00 PT) -   Total records: 19675
[INFO] 2025-05-25 03:37:00 UTC (2025-05-24 20:37:00 PT) - Download completed successfully
[INFO] 2025-05-26 03:34:36 UTC (2025-05-25 20:34:36 PT) - Starting nightly FINS data download
[INFO] 2025-05-26 03:34:36 UTC (2025-05-25 20:34:36 PT) - API key found
[INFO] 2025-05-26 03:34:36 UTC (2025-05-25 20:34:36 PT) - Current PT time: 2025-05-25 20:34:36
[INFO] 2025-05-26 03:34:36 UTC (2025-05-25 20:34:36 PT) - Requesting ALL historical trapping data through 05/26/2025 for NPT GRSME Program only
[INFO] 2025-05-26 03:35:07 UTC (2025-05-25 20:35:07 PT) - Downloaded 19675 rows of data
[INFO] 2025-05-26 03:35:07 UTC (2025-05-25 20:35:07 PT) - Columns: Finalize, Verify, Follow-Up, Trapped Date, Is Import, Facility, Trap, Trap Is Offsite, Trapping Session Name, Target Species, Target Run, Trapping Session Comments, Fish ID, Count, Species, Run, Sex, Origin, Origin Expression, Origin Description, Origin Start Date, Origin End Date, Origin Creator, Origin Creation Date, Living Status, Length, Age Designation, Age Calculated, Age Criteria Start Length, Age Criteria End Length, Age Criteria Start Date, Age Criteria End Date, Moved To Facility, Moved To, Moved To Location Type, Moved To Is Offsite, Offsite Owner Facility, Offsite Location Latitude, Offsite Location Longitude, Offsite Location Description, Disposition, Release Site, Release Site Latitude, Release Site Longitude, Purpose, Existing Marks, Existing Marks Quantity, Applied Marks, Applied Marks Quantity, Existing Tags, Applied Tags, Existing CWT, Existing CWT Value, Applied CWT, Applied CWT Value, Existing PIT, Applied PIT, Samples, Conditions, Recap, Injected, Weight, Notes, Group Notes, Import Custom
[INFO] 2025-05-26 03:35:07 UTC (2025-05-25 20:35:07 PT) - Successfully saved file: data/TrappingData.csv - Size: 11294133 bytes
[INFO] 2025-05-26 03:35:07 UTC (2025-05-25 20:35:07 PT) - Data summary:
[INFO] 2025-05-26 03:35:07 UTC (2025-05-25 20:35:07 PT) -   Date range: 10/10/2023 to 9/9/2022
[INFO] 2025-05-26 03:35:07 UTC (2025-05-25 20:35:07 PT) -   Total records: 19675
[INFO] 2025-05-26 03:35:07 UTC (2025-05-25 20:35:07 PT) - Download completed successfully
[INFO] 2025-05-27 03:31:26 UTC (2025-05-26 20:31:26 PT) - Starting nightly FINS data download
[INFO] 2025-05-27 03:31:26 UTC (2025-05-26 20:31:26 PT) - API key found
[INFO] 2025-05-27 03:31:26 UTC (2025-05-26 20:31:26 PT) - Current PT time: 2025-05-26 20:31:26
[INFO] 2025-05-27 03:31:26 UTC (2025-05-26 20:31:26 PT) - Requesting ALL historical trapping data through 05/27/2025 for NPT GRSME Program only
[INFO] 2025-05-27 03:32:01 UTC (2025-05-26 20:32:01 PT) - Downloaded 19675 rows of data
[INFO] 2025-05-27 03:32:01 UTC (2025-05-26 20:32:01 PT) - Columns: Finalize, Verify, Follow-Up, Trapped Date, Is Import, Facility, Trap, Trap Is Offsite, Trapping Session Name, Target Species, Target Run, Trapping Session Comments, Fish ID, Count, Species, Run, Sex, Origin, Origin Expression, Origin Description, Origin Start Date, Origin End Date, Origin Creator, Origin Creation Date, Living Status, Length, Age Designation, Age Calculated, Age Criteria Start Length, Age Criteria End Length, Age Criteria Start Date, Age Criteria End Date, Moved To Facility, Moved To, Moved To Location Type, Moved To Is Offsite, Offsite Owner Facility, Offsite Location Latitude, Offsite Location Longitude, Offsite Location Description, Disposition, Release Site, Release Site Latitude, Release Site Longitude, Purpose, Existing Marks, Existing Marks Quantity, Applied Marks, Applied Marks Quantity, Existing Tags, Applied Tags, Existing CWT, Existing CWT Value, Applied CWT, Applied CWT Value, Existing PIT, Applied PIT, Samples, Conditions, Recap, Injected, Weight, Notes, Group Notes, Import Custom
[INFO] 2025-05-27 03:32:02 UTC (2025-05-26 20:32:02 PT) - Successfully saved file: data/TrappingData.csv - Size: 11294133 bytes
[INFO] 2025-05-27 03:32:02 UTC (2025-05-26 20:32:02 PT) - Data summary:
[INFO] 2025-05-27 03:32:02 UTC (2025-05-26 20:32:02 PT) -   Date range: 10/10/2023 to 9/9/2022
[INFO] 2025-05-27 03:32:02 UTC (2025-05-26 20:32:02 PT) -   Total records: 19675
[INFO] 2025-05-27 03:32:02 UTC (2025-05-26 20:32:02 PT) - Download completed successfully
[INFO] 2025-05-28 03:32:42 UTC (2025-05-27 20:32:42 PT) - Starting nightly FINS data download
[INFO] 2025-05-28 03:32:42 UTC (2025-05-27 20:32:42 PT) - API key found
[INFO] 2025-05-28 03:32:42 UTC (2025-05-27 20:32:42 PT) - Current PT time: 2025-05-27 20:32:42
[INFO] 2025-05-28 03:32:42 UTC (2025-05-27 20:32:42 PT) - Requesting ALL historical trapping data through 05/28/2025 for NPT GRSME Program only
[INFO] 2025-05-28 03:33:16 UTC (2025-05-27 20:33:16 PT) - Downloaded 19675 rows of data
[INFO] 2025-05-28 03:33:16 UTC (2025-05-27 20:33:16 PT) - Columns: Finalize, Verify, Follow-Up, Trapped Date, Is Import, Facility, Trap, Trap Is Offsite, Trapping Session Name, Target Species, Target Run, Trapping Session Comments, Fish ID, Count, Species, Run, Sex, Origin, Origin Expression, Origin Description, Origin Start Date, Origin End Date, Origin Creator, Origin Creation Date, Living Status, Length, Age Designation, Age Calculated, Age Criteria Start Length, Age Criteria End Length, Age Criteria Start Date, Age Criteria End Date, Moved To Facility, Moved To, Moved To Location Type, Moved To Is Offsite, Offsite Owner Facility, Offsite Location Latitude, Offsite Location Longitude, Offsite Location Description, Disposition, Release Site, Release Site Latitude, Release Site Longitude, Purpose, Existing Marks, Existing Marks Quantity, Applied Marks, Applied Marks Quantity, Existing Tags, Applied Tags, Existing CWT, Existing CWT Value, Applied CWT, Applied CWT Value, Existing PIT, Applied PIT, Samples, Conditions, Recap, Injected, Weight, Notes, Group Notes, Import Custom
[INFO] 2025-05-28 03:33:16 UTC (2025-05-27 20:33:16 PT) - Successfully saved file: data/TrappingData.csv - Size: 11294133 bytes
[INFO] 2025-05-28 03:33:16 UTC (2025-05-27 20:33:16 PT) - Data summary:
[INFO] 2025-05-28 03:33:16 UTC (2025-05-27 20:33:16 PT) -   Date range: 10/10/2023 to 9/9/2022
[INFO] 2025-05-28 03:33:16 UTC (2025-05-27 20:33:16 PT) -   Total records: 19675
[INFO] 2025-05-28 03:33:16 UTC (2025-05-27 20:33:16 PT) - Download completed successfully
[INFO] 2025-05-29 03:34:00 UTC (2025-05-28 20:34:00 PT) - Starting nightly FINS data download
[INFO] 2025-05-29 03:34:00 UTC (2025-05-28 20:34:00 PT) - API key found
[INFO] 2025-05-29 03:34:00 UTC (2025-05-28 20:34:00 PT) - Current PT time: 2025-05-28 20:34:00
[INFO] 2025-05-29 03:34:00 UTC (2025-05-28 20:34:00 PT) - Requesting ALL historical trapping data through 05/29/2025 for NPT GRSME Program only
[INFO] 2025-05-29 03:34:31 UTC (2025-05-28 20:34:31 PT) - Downloaded 19684 rows of data
[INFO] 2025-05-29 03:34:31 UTC (2025-05-28 20:34:31 PT) - Columns: Finalize, Verify, Follow-Up, Trapped Date, Is Import, Facility, Trap, Trap Is Offsite, Trapping Session Name, Target Species, Target Run, Trapping Session Comments, Fish ID, Count, Species, Run, Sex, Origin, Origin Expression, Origin Description, Origin Start Date, Origin End Date, Origin Creator, Origin Creation Date, Living Status, Length, Age Designation, Age Calculated, Age Criteria Start Length, Age Criteria End Length, Age Criteria Start Date, Age Criteria End Date, Moved To Facility, Moved To, Moved To Location Type, Moved To Is Offsite, Offsite Owner Facility, Offsite Location Latitude, Offsite Location Longitude, Offsite Location Description, Disposition, Release Site, Release Site Latitude, Release Site Longitude, Purpose, Existing Marks, Existing Marks Quantity, Applied Marks, Applied Marks Quantity, Existing Tags, Applied Tags, Existing CWT, Existing CWT Value, Applied CWT, Applied CWT Value, Existing PIT, Applied PIT, Samples, Conditions, Recap, Injected, Weight, Notes, Group Notes, Import Custom
[INFO] 2025-05-29 03:34:31 UTC (2025-05-28 20:34:31 PT) - Successfully saved file: data/TrappingData.csv - Size: 11299094 bytes
[INFO] 2025-05-29 03:34:31 UTC (2025-05-28 20:34:31 PT) - Data summary:
[INFO] 2025-05-29 03:34:31 UTC (2025-05-28 20:34:31 PT) -   Date range: 10/10/2023 to 9/9/2022
[INFO] 2025-05-29 03:34:31 UTC (2025-05-28 20:34:31 PT) -   Total records: 19684
[INFO] 2025-05-29 03:34:31 UTC (2025-05-28 20:34:31 PT) - Download completed successfully
[INFO] 2025-05-30 03:32:47 UTC (2025-05-29 20:32:47 PT) - Starting nightly FINS data download
[INFO] 2025-05-30 03:32:47 UTC (2025-05-29 20:32:47 PT) - API key found
[INFO] 2025-05-30 03:32:47 UTC (2025-05-29 20:32:47 PT) - Current PT time: 2025-05-29 20:32:47
[INFO] 2025-05-30 03:32:47 UTC (2025-05-29 20:32:47 PT) - Requesting ALL historical trapping data through 05/30/2025 for NPT GRSME Program only
[INFO] 2025-05-30 03:33:21 UTC (2025-05-29 20:33:21 PT) - Downloaded 19684 rows of data
[INFO] 2025-05-30 03:33:21 UTC (2025-05-29 20:33:21 PT) - Columns: Finalize, Verify, Follow-Up, Trapped Date, Is Import, Facility, Trap, Trap Is Offsite, Trapping Session Name, Target Species, Target Run, Trapping Session Comments, Fish ID, Count, Species, Run, Sex, Origin, Origin Expression, Origin Description, Origin Start Date, Origin End Date, Origin Creator, Origin Creation Date, Living Status, Length, Age Designation, Age Calculated, Age Criteria Start Length, Age Criteria End Length, Age Criteria Start Date, Age Criteria End Date, Moved To Facility, Moved To, Moved To Location Type, Moved To Is Offsite, Offsite Owner Facility, Offsite Location Latitude, Offsite Location Longitude, Offsite Location Description, Disposition, Release Site, Release Site Latitude, Release Site Longitude, Purpose, Existing Marks, Existing Marks Quantity, Applied Marks, Applied Marks Quantity, Existing Tags, Applied Tags, Existing CWT, Existing CWT Value, Applied CWT, Applied CWT Value, Existing PIT, Applied PIT, Samples, Conditions, Recap, Injected, Weight, Notes, Group Notes, Import Custom
[INFO] 2025-05-30 03:33:21 UTC (2025-05-29 20:33:21 PT) - Successfully saved file: data/TrappingData.csv - Size: 11299094 bytes
[INFO] 2025-05-30 03:33:21 UTC (2025-05-29 20:33:21 PT) - Data summary:
[INFO] 2025-05-30 03:33:21 UTC (2025-05-29 20:33:21 PT) -   Date range: 10/10/2023 to 9/9/2022
[INFO] 2025-05-30 03:33:21 UTC (2025-05-29 20:33:21 PT) -   Total records: 19684
[INFO] 2025-05-30 03:33:21 UTC (2025-05-29 20:33:21 PT) - Download completed successfully
[INFO] 2025-05-31 03:30:11 UTC (2025-05-30 20:30:11 PT) - Starting nightly FINS data download
[INFO] 2025-05-31 03:30:11 UTC (2025-05-30 20:30:11 PT) - API key found
[INFO] 2025-05-31 03:30:11 UTC (2025-05-30 20:30:11 PT) - Current PT time: 2025-05-30 20:30:11
[INFO] 2025-05-31 03:30:11 UTC (2025-05-30 20:30:11 PT) - Requesting ALL historical trapping data through 05/31/2025 for NPT GRSME Program only
[INFO] 2025-05-31 03:30:44 UTC (2025-05-30 20:30:44 PT) - Downloaded 19684 rows of data
[INFO] 2025-05-31 03:30:44 UTC (2025-05-30 20:30:44 PT) - Columns: Finalize, Verify, Follow-Up, Trapped Date, Is Import, Facility, Trap, Trap Is Offsite, Trapping Session Name, Target Species, Target Run, Trapping Session Comments, Fish ID, Count, Species, Run, Sex, Origin, Origin Expression, Origin Description, Origin Start Date, Origin End Date, Origin Creator, Origin Creation Date, Living Status, Length, Age Designation, Age Calculated, Age Criteria Start Length, Age Criteria End Length, Age Criteria Start Date, Age Criteria End Date, Moved To Facility, Moved To, Moved To Location Type, Moved To Is Offsite, Offsite Owner Facility, Offsite Location Latitude, Offsite Location Longitude, Offsite Location Description, Disposition, Release Site, Release Site Latitude, Release Site Longitude, Purpose, Existing Marks, Existing Marks Quantity, Applied Marks, Applied Marks Quantity, Existing Tags, Applied Tags, Existing CWT, Existing CWT Value, Applied CWT, Applied CWT Value, Existing PIT, Applied PIT, Samples, Conditions, Recap, Injected, Weight, Notes, Group Notes, Import Custom
[INFO] 2025-05-31 03:30:44 UTC (2025-05-30 20:30:44 PT) - Successfully saved file: data/TrappingData.csv - Size: 11299094 bytes
[INFO] 2025-05-31 03:30:44 UTC (2025-05-30 20:30:44 PT) - Data summary:
[INFO] 2025-05-31 03:30:44 UTC (2025-05-30 20:30:44 PT) -   Date range: 10/10/2023 to 9/9/2022
[INFO] 2025-05-31 03:30:44 UTC (2025-05-30 20:30:44 PT) -   Total records: 19684
[INFO] 2025-05-31 03:30:44 UTC (2025-05-30 20:30:44 PT) - Download completed successfully
[INFO] 2025-06-01 03:50:49 UTC (2025-05-31 20:50:49 PT) - Starting nightly FINS data download
[INFO] 2025-06-01 03:50:49 UTC (2025-05-31 20:50:49 PT) - API key found
[INFO] 2025-06-01 03:50:49 UTC (2025-05-31 20:50:49 PT) - Current PT time: 2025-05-31 20:50:49
[INFO] 2025-06-01 03:50:49 UTC (2025-05-31 20:50:49 PT) - Requesting ALL historical trapping data through 06/01/2025 for NPT GRSME Program only
[INFO] 2025-06-01 03:51:23 UTC (2025-05-31 20:51:23 PT) - Downloaded 19684 rows of data
[INFO] 2025-06-01 03:51:23 UTC (2025-05-31 20:51:23 PT) - Columns: Finalize, Verify, Follow-Up, Trapped Date, Is Import, Facility, Trap, Trap Is Offsite, Trapping Session Name, Target Species, Target Run, Trapping Session Comments, Fish ID, Count, Species, Run, Sex, Origin, Origin Expression, Origin Description, Origin Start Date, Origin End Date, Origin Creator, Origin Creation Date, Living Status, Length, Age Designation, Age Calculated, Age Criteria Start Length, Age Criteria End Length, Age Criteria Start Date, Age Criteria End Date, Moved To Facility, Moved To, Moved To Location Type, Moved To Is Offsite, Offsite Owner Facility, Offsite Location Latitude, Offsite Location Longitude, Offsite Location Description, Disposition, Release Site, Release Site Latitude, Release Site Longitude, Purpose, Existing Marks, Existing Marks Quantity, Applied Marks, Applied Marks Quantity, Existing Tags, Applied Tags, Existing CWT, Existing CWT Value, Applied CWT, Applied CWT Value, Existing PIT, Applied PIT, Samples, Conditions, Recap, Injected, Weight, Notes, Group Notes, Import Custom
[INFO] 2025-06-01 03:51:23 UTC (2025-05-31 20:51:23 PT) - Successfully saved file: data/TrappingData.csv - Size: 11299094 bytes
[INFO] 2025-06-01 03:51:23 UTC (2025-05-31 20:51:23 PT) - Data summary:
[INFO] 2025-06-01 03:51:23 UTC (2025-05-31 20:51:23 PT) -   Date range: 10/10/2023 to 9/9/2022
[INFO] 2025-06-01 03:51:23 UTC (2025-05-31 20:51:23 PT) -   Total records: 19684
[INFO] 2025-06-01 03:51:23 UTC (2025-05-31 20:51:23 PT) - Download completed successfully
[INFO] 2025-06-02 03:39:42 UTC (2025-06-01 20:39:42 PT) - Starting nightly FINS data download
[INFO] 2025-06-02 03:39:42 UTC (2025-06-01 20:39:42 PT) - API key found
[INFO] 2025-06-02 03:39:42 UTC (2025-06-01 20:39:42 PT) - Current PT time: 2025-06-01 20:39:42
[INFO] 2025-06-02 03:39:42 UTC (2025-06-01 20:39:42 PT) - Requesting ALL historical trapping data through 06/02/2025 for NPT GRSME Program only
[INFO] 2025-06-02 03:40:18 UTC (2025-06-01 20:40:18 PT) - Downloaded 19684 rows of data
[INFO] 2025-06-02 03:40:18 UTC (2025-06-01 20:40:18 PT) - Columns: Finalize, Verify, Follow-Up, Trapped Date, Is Import, Facility, Trap, Trap Is Offsite, Trapping Session Name, Target Species, Target Run, Trapping Session Comments, Fish ID, Count, Species, Run, Sex, Origin, Origin Expression, Origin Description, Origin Start Date, Origin End Date, Origin Creator, Origin Creation Date, Living Status, Length, Age Designation, Age Calculated, Age Criteria Start Length, Age Criteria End Length, Age Criteria Start Date, Age Criteria End Date, Moved To Facility, Moved To, Moved To Location Type, Moved To Is Offsite, Offsite Owner Facility, Offsite Location Latitude, Offsite Location Longitude, Offsite Location Description, Disposition, Release Site, Release Site Latitude, Release Site Longitude, Purpose, Existing Marks, Existing Marks Quantity, Applied Marks, Applied Marks Quantity, Existing Tags, Applied Tags, Existing CWT, Existing CWT Value, Applied CWT, Applied CWT Value, Existing PIT, Applied PIT, Samples, Conditions, Recap, Injected, Weight, Notes, Group Notes, Import Custom
[INFO] 2025-06-02 03:40:18 UTC (2025-06-01 20:40:18 PT) - Successfully saved file: data/TrappingData.csv - Size: 11299094 bytes
[INFO] 2025-06-02 03:40:18 UTC (2025-06-01 20:40:18 PT) - Data summary:
[INFO] 2025-06-02 03:40:18 UTC (2025-06-01 20:40:18 PT) -   Date range: 10/10/2023 to 9/9/2022
[INFO] 2025-06-02 03:40:18 UTC (2025-06-01 20:40:18 PT) -   Total records: 19684
[INFO] 2025-06-02 03:40:18 UTC (2025-06-01 20:40:18 PT) - Download completed successfully
[INFO] 2025-06-03 03:35:28 UTC (2025-06-02 20:35:28 PT) - Starting nightly FINS data download
[INFO] 2025-06-03 03:35:28 UTC (2025-06-02 20:35:28 PT) - API key found
[INFO] 2025-06-03 03:35:28 UTC (2025-06-02 20:35:28 PT) - Current PT time: 2025-06-02 20:35:28
[INFO] 2025-06-03 03:35:28 UTC (2025-06-02 20:35:28 PT) - Requesting ALL historical trapping data through 06/03/2025 for NPT GRSME Program only
[INFO] 2025-06-03 03:36:00 UTC (2025-06-02 20:36:00 PT) - Downloaded 19684 rows of data
[INFO] 2025-06-03 03:36:00 UTC (2025-06-02 20:36:00 PT) - Columns: Finalize, Verify, Follow-Up, Trapped Date, Is Import, Facility, Trap, Trap Is Offsite, Trapping Session Name, Target Species, Target Run, Trapping Session Comments, Fish ID, Count, Species, Run, Sex, Origin, Origin Expression, Origin Description, Origin Start Date, Origin End Date, Origin Creator, Origin Creation Date, Living Status, Length, Age Designation, Age Calculated, Age Criteria Start Length, Age Criteria End Length, Age Criteria Start Date, Age Criteria End Date, Moved To Facility, Moved To, Moved To Location Type, Moved To Is Offsite, Offsite Owner Facility, Offsite Location Latitude, Offsite Location Longitude, Offsite Location Description, Disposition, Release Site, Release Site Latitude, Release Site Longitude, Purpose, Existing Marks, Existing Marks Quantity, Applied Marks, Applied Marks Quantity, Existing Tags, Applied Tags, Existing CWT, Existing CWT Value, Applied CWT, Applied CWT Value, Existing PIT, Applied PIT, Samples, Conditions, Recap, Injected, Weight, Notes, Group Notes, Import Custom
[INFO] 2025-06-03 03:36:00 UTC (2025-06-02 20:36:00 PT) - Successfully saved file: data/TrappingData.csv - Size: 11299094 bytes
[INFO] 2025-06-03 03:36:00 UTC (2025-06-02 20:36:00 PT) - Data summary:
[INFO] 2025-06-03 03:36:00 UTC (2025-06-02 20:36:00 PT) -   Date range: 10/10/2023 to 9/9/2022
[INFO] 2025-06-03 03:36:00 UTC (2025-06-02 20:36:00 PT) -   Total records: 19684
[INFO] 2025-06-03 03:36:00 UTC (2025-06-02 20:36:00 PT) - Download completed successfully
[INFO] 2025-06-04 03:35:33 UTC (2025-06-03 20:35:33 PT) - Starting nightly FINS data download
[INFO] 2025-06-04 03:35:33 UTC (2025-06-03 20:35:33 PT) - API key found
[INFO] 2025-06-04 03:35:33 UTC (2025-06-03 20:35:33 PT) - Current PT time: 2025-06-03 20:35:33
[INFO] 2025-06-04 03:35:33 UTC (2025-06-03 20:35:33 PT) - Requesting ALL historical trapping data through 06/04/2025 for NPT GRSME Program only
[INFO] 2025-06-04 03:36:05 UTC (2025-06-03 20:36:05 PT) - Downloaded 19684 rows of data
[INFO] 2025-06-04 03:36:05 UTC (2025-06-03 20:36:05 PT) - Columns: Finalize, Verify, Follow-Up, Trapped Date, Is Import, Facility, Trap, Trap Is Offsite, Trapping Session Name, Target Species, Target Run, Trapping Session Comments, Fish ID, Count, Species, Run, Sex, Origin, Origin Expression, Origin Description, Origin Start Date, Origin End Date, Origin Creator, Origin Creation Date, Living Status, Length, Age Designation, Age Calculated, Age Criteria Start Length, Age Criteria End Length, Age Criteria Start Date, Age Criteria End Date, Moved To Facility, Moved To, Moved To Location Type, Moved To Is Offsite, Offsite Owner Facility, Offsite Location Latitude, Offsite Location Longitude, Offsite Location Description, Disposition, Release Site, Release Site Latitude, Release Site Longitude, Purpose, Existing Marks, Existing Marks Quantity, Applied Marks, Applied Marks Quantity, Existing Tags, Applied Tags, Existing CWT, Existing CWT Value, Applied CWT, Applied CWT Value, Existing PIT, Applied PIT, Samples, Conditions, Recap, Injected, Weight, Notes, Group Notes, Import Custom
[INFO] 2025-06-04 03:36:05 UTC (2025-06-03 20:36:05 PT) - Successfully saved file: data/TrappingData.csv - Size: 11299094 bytes
[INFO] 2025-06-04 03:36:05 UTC (2025-06-03 20:36:05 PT) - Data summary:
[INFO] 2025-06-04 03:36:05 UTC (2025-06-03 20:36:05 PT) -   Date range: 10/10/2023 to 9/9/2022
[INFO] 2025-06-04 03:36:05 UTC (2025-06-03 20:36:05 PT) -   Total records: 19684
[INFO] 2025-06-04 03:36:05 UTC (2025-06-03 20:36:05 PT) - Download completed successfully
[INFO] 2025-06-05 03:36:18 UTC (2025-06-04 20:36:18 PT) - Starting nightly FINS data download
[INFO] 2025-06-05 03:36:18 UTC (2025-06-04 20:36:18 PT) - API key found
[INFO] 2025-06-05 03:36:18 UTC (2025-06-04 20:36:18 PT) - Current PT time: 2025-06-04 20:36:18
[INFO] 2025-06-05 03:36:18 UTC (2025-06-04 20:36:18 PT) - Requesting ALL historical trapping data through 06/05/2025 for NPT GRSME Program only
[INFO] 2025-06-05 03:36:50 UTC (2025-06-04 20:36:50 PT) - Downloaded 19684 rows of data
[INFO] 2025-06-05 03:36:50 UTC (2025-06-04 20:36:50 PT) - Columns: Finalize, Verify, Follow-Up, Trapped Date, Is Import, Facility, Trap, Trap Is Offsite, Trapping Session Name, Target Species, Target Run, Trapping Session Comments, Fish ID, Count, Species, Run, Sex, Origin, Origin Expression, Origin Description, Origin Start Date, Origin End Date, Origin Creator, Origin Creation Date, Living Status, Length, Age Designation, Age Calculated, Age Criteria Start Length, Age Criteria End Length, Age Criteria Start Date, Age Criteria End Date, Moved To Facility, Moved To, Moved To Location Type, Moved To Is Offsite, Offsite Owner Facility, Offsite Location Latitude, Offsite Location Longitude, Offsite Location Description, Disposition, Release Site, Release Site Latitude, Release Site Longitude, Purpose, Existing Marks, Existing Marks Quantity, Applied Marks, Applied Marks Quantity, Existing Tags, Applied Tags, Existing CWT, Existing CWT Value, Applied CWT, Applied CWT Value, Existing PIT, Applied PIT, Samples, Conditions, Recap, Injected, Weight, Notes, Group Notes, Import Custom
[INFO] 2025-06-05 03:36:50 UTC (2025-06-04 20:36:50 PT) - Successfully saved file: data/TrappingData.csv - Size: 11299002 bytes
[INFO] 2025-06-05 03:36:50 UTC (2025-06-04 20:36:50 PT) - Data summary:
[INFO] 2025-06-05 03:36:50 UTC (2025-06-04 20:36:50 PT) -   Date range: 10/10/2023 to 9/9/2022
[INFO] 2025-06-05 03:36:50 UTC (2025-06-04 20:36:50 PT) -   Total records: 19684
[INFO] 2025-06-05 03:36:50 UTC (2025-06-04 20:36:50 PT) - Download completed successfully
[INFO] 2025-06-06 03:35:39 UTC (2025-06-05 20:35:39 PT) - Starting nightly FINS data download
[INFO] 2025-06-06 03:35:39 UTC (2025-06-05 20:35:39 PT) - API key found
[INFO] 2025-06-06 03:35:39 UTC (2025-06-05 20:35:39 PT) - Current PT time: 2025-06-05 20:35:39
[INFO] 2025-06-06 03:35:39 UTC (2025-06-05 20:35:39 PT) - Requesting ALL historical trapping data through 06/06/2025 for NPT GRSME Program only
[INFO] 2025-06-06 03:36:22 UTC (2025-06-05 20:36:22 PT) - Downloaded 19684 rows of data
[INFO] 2025-06-06 03:36:22 UTC (2025-06-05 20:36:22 PT) - Columns: Finalize, Verify, Follow-Up, Trapped Date, Is Import, Facility, Trap, Trap Is Offsite, Trapping Session Name, Target Species, Target Run, Trapping Session Comments, Fish ID, Count, Species, Run, Sex, Origin, Origin Expression, Origin Description, Origin Start Date, Origin End Date, Origin Creator, Origin Creation Date, Living Status, Length, Age Designation, Age Calculated, Age Criteria Start Length, Age Criteria End Length, Age Criteria Start Date, Age Criteria End Date, Moved To Facility, Moved To, Moved To Location Type, Moved To Is Offsite, Offsite Owner Facility, Offsite Location Latitude, Offsite Location Longitude, Offsite Location Description, Disposition, Release Site, Release Site Latitude, Release Site Longitude, Purpose, Existing Marks, Existing Marks Quantity, Applied Marks, Applied Marks Quantity, Existing Tags, Applied Tags, Existing CWT, Existing CWT Value, Applied CWT, Applied CWT Value, Existing PIT, Applied PIT, Samples, Conditions, Recap, Injected, Weight, Notes, Group Notes, Import Custom
[INFO] 2025-06-06 03:36:22 UTC (2025-06-05 20:36:22 PT) - Successfully saved file: data/TrappingData.csv - Size: 11299094 bytes
[INFO] 2025-06-06 03:36:22 UTC (2025-06-05 20:36:22 PT) - Data summary:
[INFO] 2025-06-06 03:36:22 UTC (2025-06-05 20:36:22 PT) -   Date range: 10/10/2023 to 9/9/2022
[INFO] 2025-06-06 03:36:22 UTC (2025-06-05 20:36:22 PT) -   Total records: 19684
[INFO] 2025-06-06 03:36:22 UTC (2025-06-05 20:36:22 PT) - Download completed successfully
[INFO] 2025-06-07 03:33:38 UTC (2025-06-06 20:33:38 PT) - Starting nightly FINS data download
[INFO] 2025-06-07 03:33:38 UTC (2025-06-06 20:33:38 PT) - API key found
[INFO] 2025-06-07 03:33:38 UTC (2025-06-06 20:33:38 PT) - Current PT time: 2025-06-06 20:33:38
[INFO] 2025-06-07 03:33:38 UTC (2025-06-06 20:33:38 PT) - Requesting ALL historical trapping data through 06/07/2025 for NPT GRSME Program only
[INFO] 2025-06-07 03:34:14 UTC (2025-06-06 20:34:14 PT) - Downloaded 19684 rows of data
[INFO] 2025-06-07 03:34:14 UTC (2025-06-06 20:34:14 PT) - Columns: Finalize, Verify, Follow-Up, Trapped Date, Is Import, Facility, Trap, Trap Is Offsite, Trapping Session Name, Target Species, Target Run, Trapping Session Comments, Fish ID, Count, Species, Run, Sex, Origin, Origin Expression, Origin Description, Origin Start Date, Origin End Date, Origin Creator, Origin Creation Date, Living Status, Length, Age Designation, Age Calculated, Age Criteria Start Length, Age Criteria End Length, Age Criteria Start Date, Age Criteria End Date, Moved To Facility, Moved To, Moved To Location Type, Moved To Is Offsite, Offsite Owner Facility, Offsite Location Latitude, Offsite Location Longitude, Offsite Location Description, Disposition, Release Site, Release Site Latitude, Release Site Longitude, Purpose, Existing Marks, Existing Marks Quantity, Applied Marks, Applied Marks Quantity, Existing Tags, Applied Tags, Existing CWT, Existing CWT Value, Applied CWT, Applied CWT Value, Existing PIT, Applied PIT, Samples, Conditions, Recap, Injected, Weight, Notes, Group Notes, Import Custom
[INFO] 2025-06-07 03:34:14 UTC (2025-06-06 20:34:14 PT) - Successfully saved file: data/TrappingData.csv - Size: 11299094 bytes
[INFO] 2025-06-07 03:34:14 UTC (2025-06-06 20:34:14 PT) - Data summary:
[INFO] 2025-06-07 03:34:14 UTC (2025-06-06 20:34:14 PT) -   Date range: 10/10/2023 to 9/9/2022
[INFO] 2025-06-07 03:34:14 UTC (2025-06-06 20:34:14 PT) -   Total records: 19684
[INFO] 2025-06-07 03:34:14 UTC (2025-06-06 20:34:14 PT) - Download completed successfully
[INFO] 2025-06-08 03:40:07 UTC (2025-06-07 20:40:07 PT) - Starting nightly FINS data download
[INFO] 2025-06-08 03:40:07 UTC (2025-06-07 20:40:07 PT) - API key found
[INFO] 2025-06-08 03:40:07 UTC (2025-06-07 20:40:07 PT) - Current PT time: 2025-06-07 20:40:07
[INFO] 2025-06-08 03:40:07 UTC (2025-06-07 20:40:07 PT) - Requesting ALL historical trapping data through 06/08/2025 for NPT GRSME Program only
[INFO] 2025-06-08 03:40:41 UTC (2025-06-07 20:40:41 PT) - Downloaded 19684 rows of data
[INFO] 2025-06-08 03:40:41 UTC (2025-06-07 20:40:41 PT) - Columns: Finalize, Verify, Follow-Up, Trapped Date, Is Import, Facility, Trap, Trap Is Offsite, Trapping Session Name, Target Species, Target Run, Trapping Session Comments, Fish ID, Count, Species, Run, Sex, Origin, Origin Expression, Origin Description, Origin Start Date, Origin End Date, Origin Creator, Origin Creation Date, Living Status, Length, Age Designation, Age Calculated, Age Criteria Start Length, Age Criteria End Length, Age Criteria Start Date, Age Criteria End Date, Moved To Facility, Moved To, Moved To Location Type, Moved To Is Offsite, Offsite Owner Facility, Offsite Location Latitude, Offsite Location Longitude, Offsite Location Description, Disposition, Release Site, Release Site Latitude, Release Site Longitude, Purpose, Existing Marks, Existing Marks Quantity, Applied Marks, Applied Marks Quantity, Existing Tags, Applied Tags, Existing CWT, Existing CWT Value, Applied CWT, Applied CWT Value, Existing PIT, Applied PIT, Samples, Conditions, Recap, Injected, Weight, Notes, Group Notes, Import Custom
[INFO] 2025-06-08 03:40:41 UTC (2025-06-07 20:40:41 PT) - Successfully saved file: data/TrappingData.csv - Size: 11299094 bytes
[INFO] 2025-06-08 03:40:41 UTC (2025-06-07 20:40:41 PT) - Data summary:
[INFO] 2025-06-08 03:40:41 UTC (2025-06-07 20:40:41 PT) -   Date range: 10/10/2023 to 9/9/2022
[INFO] 2025-06-08 03:40:41 UTC (2025-06-07 20:40:41 PT) -   Total records: 19684
[INFO] 2025-06-08 03:40:41 UTC (2025-06-07 20:40:41 PT) - Download completed successfully
[INFO] 2025-06-09 03:42:28 UTC (2025-06-08 20:42:28 PT) - Starting nightly FINS data download
[INFO] 2025-06-09 03:42:28 UTC (2025-06-08 20:42:28 PT) - API key found
[INFO] 2025-06-09 03:42:28 UTC (2025-06-08 20:42:28 PT) - Current PT time: 2025-06-08 20:42:28
[INFO] 2025-06-09 03:42:29 UTC (2025-06-08 20:42:29 PT) - Requesting ALL historical trapping data through 06/09/2025 for NPT GRSME Program only
[INFO] 2025-06-09 03:43:02 UTC (2025-06-08 20:43:02 PT) - Downloaded 19684 rows of data
[INFO] 2025-06-09 03:43:02 UTC (2025-06-08 20:43:02 PT) - Columns: Finalize, Verify, Follow-Up, Trapped Date, Is Import, Facility, Trap, Trap Is Offsite, Trapping Session Name, Target Species, Target Run, Trapping Session Comments, Fish ID, Count, Species, Run, Sex, Origin, Origin Expression, Origin Description, Origin Start Date, Origin End Date, Origin Creator, Origin Creation Date, Living Status, Length, Age Designation, Age Calculated, Age Criteria Start Length, Age Criteria End Length, Age Criteria Start Date, Age Criteria End Date, Moved To Facility, Moved To, Moved To Location Type, Moved To Is Offsite, Offsite Owner Facility, Offsite Location Latitude, Offsite Location Longitude, Offsite Location Description, Disposition, Release Site, Release Site Latitude, Release Site Longitude, Purpose, Existing Marks, Existing Marks Quantity, Applied Marks, Applied Marks Quantity, Existing Tags, Applied Tags, Existing CWT, Existing CWT Value, Applied CWT, Applied CWT Value, Existing PIT, Applied PIT, Samples, Conditions, Recap, Injected, Weight, Notes, Group Notes, Import Custom
[INFO] 2025-06-09 03:43:02 UTC (2025-06-08 20:43:02 PT) - Successfully saved file: data/TrappingData.csv - Size: 11299094 bytes
[INFO] 2025-06-09 03:43:02 UTC (2025-06-08 20:43:02 PT) - Data summary:
[INFO] 2025-06-09 03:43:02 UTC (2025-06-08 20:43:02 PT) -   Date range: 10/10/2023 to 9/9/2022
[INFO] 2025-06-09 03:43:02 UTC (2025-06-08 20:43:02 PT) -   Total records: 19684
[INFO] 2025-06-09 03:43:02 UTC (2025-06-08 20:43:02 PT) - Download completed successfully
[INFO] 2025-06-10 03:36:34 UTC (2025-06-09 20:36:34 PT) - Starting nightly FINS data download
[INFO] 2025-06-10 03:36:34 UTC (2025-06-09 20:36:34 PT) - API key found
[INFO] 2025-06-10 03:36:34 UTC (2025-06-09 20:36:34 PT) - Current PT time: 2025-06-09 20:36:34
[INFO] 2025-06-10 03:36:34 UTC (2025-06-09 20:36:34 PT) - Requesting ALL historical trapping data through 06/10/2025 for NPT GRSME Program only
[INFO] 2025-06-10 03:37:05 UTC (2025-06-09 20:37:05 PT) - Downloaded 19684 rows of data
[INFO] 2025-06-10 03:37:05 UTC (2025-06-09 20:37:05 PT) - Columns: Finalize, Verify, Follow-Up, Trapped Date, Is Import, Facility, Trap, Trap Is Offsite, Trapping Session Name, Target Species, Target Run, Trapping Session Comments, Fish ID, Count, Species, Run, Sex, Origin, Origin Expression, Origin Description, Origin Start Date, Origin End Date, Origin Creator, Origin Creation Date, Living Status, Length, Age Designation, Age Calculated, Age Criteria Start Length, Age Criteria End Length, Age Criteria Start Date, Age Criteria End Date, Moved To Facility, Moved To, Moved To Location Type, Moved To Is Offsite, Offsite Owner Facility, Offsite Location Latitude, Offsite Location Longitude, Offsite Location Description, Disposition, Release Site, Release Site Latitude, Release Site Longitude, Purpose, Existing Marks, Existing Marks Quantity, Applied Marks, Applied Marks Quantity, Existing Tags, Applied Tags, Existing CWT, Existing CWT Value, Applied CWT, Applied CWT Value, Existing PIT, Applied PIT, Samples, Conditions, Recap, Injected, Weight, Notes, Group Notes, Import Custom
[INFO] 2025-06-10 03:37:05 UTC (2025-06-09 20:37:05 PT) - Successfully saved file: data/TrappingData.csv - Size: 11299094 bytes
[INFO] 2025-06-10 03:37:05 UTC (2025-06-09 20:37:05 PT) - Data summary:
[INFO] 2025-06-10 03:37:05 UTC (2025-06-09 20:37:05 PT) -   Date range: 10/10/2023 to 9/9/2022
[INFO] 2025-06-10 03:37:05 UTC (2025-06-09 20:37:05 PT) -   Total records: 19684
[INFO] 2025-06-10 03:37:05 UTC (2025-06-09 20:37:05 PT) - Download completed successfully
[INFO] 2025-06-12 03:34:57 UTC (2025-06-11 20:34:57 PT) - Starting nightly FINS data download
[INFO] 2025-06-12 03:34:57 UTC (2025-06-11 20:34:57 PT) - API key found
[INFO] 2025-06-12 03:34:57 UTC (2025-06-11 20:34:57 PT) - Current PT time: 2025-06-11 20:34:57
[INFO] 2025-06-12 03:34:57 UTC (2025-06-11 20:34:57 PT) - Requesting ALL historical trapping data through 06/12/2025 for NPT GRSME Program only
[INFO] 2025-06-12 03:35:33 UTC (2025-06-11 20:35:33 PT) - Downloaded 19684 rows of data
[INFO] 2025-06-12 03:35:33 UTC (2025-06-11 20:35:33 PT) - Columns: Finalize, Verify, Follow-Up, Trapped Date, Is Import, Facility, Trap, Trap Is Offsite, Trapping Session Name, Target Species, Target Run, Trapping Session Comments, Fish ID, Count, Species, Run, Sex, Origin, Origin Expression, Origin Description, Origin Start Date, Origin End Date, Origin Creator, Origin Creation Date, Living Status, Length, Age Designation, Age Calculated, Age Criteria Start Length, Age Criteria End Length, Age Criteria Start Date, Age Criteria End Date, Moved To Facility, Moved To, Moved To Location Type, Moved To Is Offsite, Offsite Owner Facility, Offsite Location Latitude, Offsite Location Longitude, Offsite Location Description, Disposition, Release Site, Release Site Latitude, Release Site Longitude, Purpose, Existing Marks, Existing Marks Quantity, Applied Marks, Applied Marks Quantity, Existing Tags, Applied Tags, Existing CWT, Existing CWT Value, Applied CWT, Applied CWT Value, Existing PIT, Applied PIT, Samples, Conditions, Recap, Injected, Weight, Notes, Group Notes, Import Custom
[INFO] 2025-06-12 03:35:33 UTC (2025-06-11 20:35:33 PT) - Successfully saved file: data/TrappingData.csv - Size: 11299094 bytes
[INFO] 2025-06-12 03:35:33 UTC (2025-06-11 20:35:33 PT) - Data summary:
[INFO] 2025-06-12 03:35:33 UTC (2025-06-11 20:35:33 PT) -   Date range: 10/10/2023 to 9/9/2022
[INFO] 2025-06-12 03:35:33 UTC (2025-06-11 20:35:33 PT) -   Total records: 19684
[INFO] 2025-06-12 03:35:33 UTC (2025-06-11 20:35:33 PT) - Download completed successfully
[INFO] 2025-06-13 03:35:52 UTC (2025-06-12 20:35:52 PT) - Starting nightly FINS data download
[INFO] 2025-06-13 03:35:52 UTC (2025-06-12 20:35:52 PT) - API key found
[INFO] 2025-06-13 03:35:52 UTC (2025-06-12 20:35:52 PT) - Current PT time: 2025-06-12 20:35:52
[INFO] 2025-06-13 03:35:52 UTC (2025-06-12 20:35:52 PT) - Requesting ALL historical trapping data through 06/13/2025 for NPT GRSME Program only
[INFO] 2025-06-13 03:36:29 UTC (2025-06-12 20:36:29 PT) - Downloaded 19684 rows of data
[INFO] 2025-06-13 03:36:29 UTC (2025-06-12 20:36:29 PT) - Columns: Finalize, Verify, Follow-Up, Trapped Date, Is Import, Facility, Trap, Trap Is Offsite, Trapping Session Name, Target Species, Target Run, Trapping Session Comments, Fish ID, Count, Species, Run, Sex, Origin, Origin Expression, Origin Description, Origin Start Date, Origin End Date, Origin Creator, Origin Creation Date, Living Status, Length, Age Designation, Age Calculated, Age Criteria Start Length, Age Criteria End Length, Age Criteria Start Date, Age Criteria End Date, Moved To Facility, Moved To, Moved To Location Type, Moved To Is Offsite, Offsite Owner Facility, Offsite Location Latitude, Offsite Location Longitude, Offsite Location Description, Disposition, Release Site, Release Site Latitude, Release Site Longitude, Purpose, Existing Marks, Existing Marks Quantity, Applied Marks, Applied Marks Quantity, Existing Tags, Applied Tags, Existing CWT, Existing CWT Value, Applied CWT, Applied CWT Value, Existing PIT, Applied PIT, Samples, Conditions, Recap, Injected, Weight, Notes, Group Notes, Import Custom
[INFO] 2025-06-13 03:36:29 UTC (2025-06-12 20:36:29 PT) - Successfully saved file: data/TrappingData.csv - Size: 11299094 bytes
[INFO] 2025-06-13 03:36:29 UTC (2025-06-12 20:36:29 PT) - Data summary:
[INFO] 2025-06-13 03:36:29 UTC (2025-06-12 20:36:29 PT) -   Date range: 10/10/2023 to 9/9/2022
[INFO] 2025-06-13 03:36:29 UTC (2025-06-12 20:36:29 PT) -   Total records: 19684
[INFO] 2025-06-13 03:36:29 UTC (2025-06-12 20:36:29 PT) - Download completed successfully
[INFO] 2025-06-14 03:32:08 UTC (2025-06-13 20:32:08 PT) - Starting nightly FINS data download
[INFO] 2025-06-14 03:32:08 UTC (2025-06-13 20:32:08 PT) - API key found
[INFO] 2025-06-14 03:32:08 UTC (2025-06-13 20:32:08 PT) - Current PT time: 2025-06-13 20:32:08
[INFO] 2025-06-14 03:32:08 UTC (2025-06-13 20:32:08 PT) - Requesting ALL historical trapping data through 06/14/2025 for NPT GRSME Program only
[INFO] 2025-06-14 03:32:37 UTC (2025-06-13 20:32:37 PT) - Downloaded 19684 rows of data
[INFO] 2025-06-14 03:32:37 UTC (2025-06-13 20:32:37 PT) - Columns: Finalize, Verify, Follow-Up, Trapped Date, Is Import, Facility, Trap, Trap Is Offsite, Trapping Session Name, Target Species, Target Run, Trapping Session Comments, Fish ID, Count, Species, Run, Sex, Origin, Origin Expression, Origin Description, Origin Start Date, Origin End Date, Origin Creator, Origin Creation Date, Living Status, Length, Age Designation, Age Calculated, Age Criteria Start Length, Age Criteria End Length, Age Criteria Start Date, Age Criteria End Date, Moved To Facility, Moved To, Moved To Location Type, Moved To Is Offsite, Offsite Owner Facility, Offsite Location Latitude, Offsite Location Longitude, Offsite Location Description, Disposition, Release Site, Release Site Latitude, Release Site Longitude, Purpose, Existing Marks, Existing Marks Quantity, Applied Marks, Applied Marks Quantity, Existing Tags, Applied Tags, Existing CWT, Existing CWT Value, Applied CWT, Applied CWT Value, Existing PIT, Applied PIT, Samples, Conditions, Recap, Injected, Weight, Notes, Group Notes, Import Custom
[INFO] 2025-06-14 03:32:37 UTC (2025-06-13 20:32:37 PT) - Successfully saved file: data/TrappingData.csv - Size: 11299094 bytes
[INFO] 2025-06-14 03:32:37 UTC (2025-06-13 20:32:37 PT) - Data summary:
[INFO] 2025-06-14 03:32:37 UTC (2025-06-13 20:32:37 PT) -   Date range: 10/10/2023 to 9/9/2022
[INFO] 2025-06-14 03:32:37 UTC (2025-06-13 20:32:37 PT) -   Total records: 19684
[INFO] 2025-06-14 03:32:37 UTC (2025-06-13 20:32:37 PT) - Download completed successfully
[INFO] 2025-06-15 04:05:56 UTC (2025-06-14 21:05:56 PT) - Starting nightly FINS data download
[INFO] 2025-06-15 04:05:56 UTC (2025-06-14 21:05:56 PT) - API key found
[INFO] 2025-06-15 04:05:56 UTC (2025-06-14 21:05:56 PT) - Current PT time: 2025-06-14 21:05:56
[INFO] 2025-06-15 04:05:56 UTC (2025-06-14 21:05:56 PT) - Requesting ALL historical trapping data through 06/15/2025 for NPT GRSME Program only
[INFO] 2025-06-15 04:06:30 UTC (2025-06-14 21:06:30 PT) - Downloaded 19684 rows of data
[INFO] 2025-06-15 04:06:30 UTC (2025-06-14 21:06:30 PT) - Columns: Finalize, Verify, Follow-Up, Trapped Date, Is Import, Facility, Trap, Trap Is Offsite, Trapping Session Name, Target Species, Target Run, Trapping Session Comments, Fish ID, Count, Species, Run, Sex, Origin, Origin Expression, Origin Description, Origin Start Date, Origin End Date, Origin Creator, Origin Creation Date, Living Status, Length, Age Designation, Age Calculated, Age Criteria Start Length, Age Criteria End Length, Age Criteria Start Date, Age Criteria End Date, Moved To Facility, Moved To, Moved To Location Type, Moved To Is Offsite, Offsite Owner Facility, Offsite Location Latitude, Offsite Location Longitude, Offsite Location Description, Disposition, Release Site, Release Site Latitude, Release Site Longitude, Purpose, Existing Marks, Existing Marks Quantity, Applied Marks, Applied Marks Quantity, Existing Tags, Applied Tags, Existing CWT, Existing CWT Value, Applied CWT, Applied CWT Value, Existing PIT, Applied PIT, Samples, Conditions, Recap, Injected, Weight, Notes, Group Notes, Import Custom
[INFO] 2025-06-15 04:06:30 UTC (2025-06-14 21:06:30 PT) - Successfully saved file: data/TrappingData.csv - Size: 11299094 bytes
[INFO] 2025-06-15 04:06:30 UTC (2025-06-14 21:06:30 PT) - Data summary:
[INFO] 2025-06-15 04:06:30 UTC (2025-06-14 21:06:30 PT) -   Date range: 10/10/2023 to 9/9/2022
[INFO] 2025-06-15 04:06:30 UTC (2025-06-14 21:06:30 PT) -   Total records: 19684
[INFO] 2025-06-15 04:06:30 UTC (2025-06-14 21:06:30 PT) - Download completed successfully
[INFO] 2025-06-16 03:40:09 UTC (2025-06-15 20:40:09 PT) - Starting nightly FINS data download
[INFO] 2025-06-16 03:40:09 UTC (2025-06-15 20:40:09 PT) - API key found
[INFO] 2025-06-16 03:40:09 UTC (2025-06-15 20:40:09 PT) - Current PT time: 2025-06-15 20:40:09
[INFO] 2025-06-16 03:40:09 UTC (2025-06-15 20:40:09 PT) - Requesting ALL historical trapping data through 06/16/2025 for NPT GRSME Program only
[INFO] 2025-06-16 03:40:45 UTC (2025-06-15 20:40:45 PT) - Downloaded 19684 rows of data
[INFO] 2025-06-16 03:40:45 UTC (2025-06-15 20:40:45 PT) - Columns: Finalize, Verify, Follow-Up, Trapped Date, Is Import, Facility, Trap, Trap Is Offsite, Trapping Session Name, Target Species, Target Run, Trapping Session Comments, Fish ID, Count, Species, Run, Sex, Origin, Origin Expression, Origin Description, Origin Start Date, Origin End Date, Origin Creator, Origin Creation Date, Living Status, Length, Age Designation, Age Calculated, Age Criteria Start Length, Age Criteria End Length, Age Criteria Start Date, Age Criteria End Date, Moved To Facility, Moved To, Moved To Location Type, Moved To Is Offsite, Offsite Owner Facility, Offsite Location Latitude, Offsite Location Longitude, Offsite Location Description, Disposition, Release Site, Release Site Latitude, Release Site Longitude, Purpose, Existing Marks, Existing Marks Quantity, Applied Marks, Applied Marks Quantity, Existing Tags, Applied Tags, Existing CWT, Existing CWT Value, Applied CWT, Applied CWT Value, Existing PIT, Applied PIT, Samples, Conditions, Recap, Injected, Weight, Notes, Group Notes, Import Custom
[INFO] 2025-06-16 03:40:45 UTC (2025-06-15 20:40:45 PT) - Successfully saved file: data/TrappingData.csv - Size: 11299094 bytes
[INFO] 2025-06-16 03:40:45 UTC (2025-06-15 20:40:45 PT) - Data summary:
[INFO] 2025-06-16 03:40:45 UTC (2025-06-15 20:40:45 PT) -   Date range: 10/10/2023 to 9/9/2022
[INFO] 2025-06-16 03:40:45 UTC (2025-06-15 20:40:45 PT) -   Total records: 19684
[INFO] 2025-06-16 03:40:45 UTC (2025-06-15 20:40:45 PT) - Download completed successfully
[INFO] 2025-06-17 03:36:13 UTC (2025-06-16 20:36:13 PT) - Starting nightly FINS data download
[INFO] 2025-06-17 03:36:13 UTC (2025-06-16 20:36:13 PT) - API key found
[INFO] 2025-06-17 03:36:13 UTC (2025-06-16 20:36:13 PT) - Current PT time: 2025-06-16 20:36:13
[INFO] 2025-06-17 03:36:13 UTC (2025-06-16 20:36:13 PT) - Requesting ALL historical trapping data through 06/17/2025 for NPT GRSME Program only
[INFO] 2025-06-17 03:36:44 UTC (2025-06-16 20:36:44 PT) - Downloaded 19684 rows of data
[INFO] 2025-06-17 03:36:44 UTC (2025-06-16 20:36:44 PT) - Columns: Finalize, Verify, Follow-Up, Trapped Date, Is Import, Facility, Trap, Trap Is Offsite, Trapping Session Name, Target Species, Target Run, Trapping Session Comments, Fish ID, Count, Species, Run, Sex, Origin, Origin Expression, Origin Description, Origin Start Date, Origin End Date, Origin Creator, Origin Creation Date, Living Status, Length, Age Designation, Age Calculated, Age Criteria Start Length, Age Criteria End Length, Age Criteria Start Date, Age Criteria End Date, Moved To Facility, Moved To, Moved To Location Type, Moved To Is Offsite, Offsite Owner Facility, Offsite Location Latitude, Offsite Location Longitude, Offsite Location Description, Disposition, Release Site, Release Site Latitude, Release Site Longitude, Purpose, Existing Marks, Existing Marks Quantity, Applied Marks, Applied Marks Quantity, Existing Tags, Applied Tags, Existing CWT, Existing CWT Value, Applied CWT, Applied CWT Value, Existing PIT, Applied PIT, Samples, Conditions, Recap, Injected, Weight, Notes, Group Notes, Import Custom
[INFO] 2025-06-17 03:36:44 UTC (2025-06-16 20:36:44 PT) - Successfully saved file: data/TrappingData.csv - Size: 11299094 bytes
[INFO] 2025-06-17 03:36:44 UTC (2025-06-16 20:36:44 PT) - Data summary:
[INFO] 2025-06-17 03:36:44 UTC (2025-06-16 20:36:44 PT) -   Date range: 10/10/2023 to 9/9/2022
[INFO] 2025-06-17 03:36:44 UTC (2025-06-16 20:36:44 PT) -   Total records: 19684
[INFO] 2025-06-17 03:36:44 UTC (2025-06-16 20:36:44 PT) - Download completed successfully
[INFO] 2025-06-18 03:35:43 UTC (2025-06-17 20:35:43 PT) - Starting nightly FINS data download
[INFO] 2025-06-18 03:35:43 UTC (2025-06-17 20:35:43 PT) - API key found
[INFO] 2025-06-18 03:35:43 UTC (2025-06-17 20:35:43 PT) - Current PT time: 2025-06-17 20:35:43
[INFO] 2025-06-18 03:35:43 UTC (2025-06-17 20:35:43 PT) - Requesting ALL historical trapping data through 06/18/2025 for NPT GRSME Program only
[INFO] 2025-06-18 03:36:16 UTC (2025-06-17 20:36:16 PT) - Downloaded 19684 rows of data
[INFO] 2025-06-18 03:36:16 UTC (2025-06-17 20:36:16 PT) - Columns: Finalize, Verify, Follow-Up, Trapped Date, Is Import, Facility, Trap, Trap Is Offsite, Trapping Session Name, Target Species, Target Run, Trapping Session Comments, Fish ID, Count, Species, Run, Sex, Origin, Origin Expression, Origin Description, Origin Start Date, Origin End Date, Origin Creator, Origin Creation Date, Living Status, Length, Age Designation, Age Calculated, Age Criteria Start Length, Age Criteria End Length, Age Criteria Start Date, Age Criteria End Date, Moved To Facility, Moved To, Moved To Location Type, Moved To Is Offsite, Offsite Owner Facility, Offsite Location Latitude, Offsite Location Longitude, Offsite Location Description, Disposition, Release Site, Release Site Latitude, Release Site Longitude, Purpose, Existing Marks, Existing Marks Quantity, Applied Marks, Applied Marks Quantity, Existing Tags, Applied Tags, Existing CWT, Existing CWT Value, Applied CWT, Applied CWT Value, Existing PIT, Applied PIT, Samples, Conditions, Recap, Injected, Weight, Notes, Group Notes, Import Custom
[INFO] 2025-06-18 03:36:16 UTC (2025-06-17 20:36:16 PT) - Successfully saved file: data/TrappingData.csv - Size: 11299094 bytes
[INFO] 2025-06-18 03:36:16 UTC (2025-06-17 20:36:16 PT) - Data summary:
[INFO] 2025-06-18 03:36:16 UTC (2025-06-17 20:36:16 PT) -   Date range: 10/10/2023 to 9/9/2022
[INFO] 2025-06-18 03:36:16 UTC (2025-06-17 20:36:16 PT) -   Total records: 19684
[INFO] 2025-06-18 03:36:16 UTC (2025-06-17 20:36:16 PT) - Download completed successfully
[INFO] 2025-06-19 03:35:52 UTC (2025-06-18 20:35:52 PT) - Starting nightly FINS data download
[INFO] 2025-06-19 03:35:52 UTC (2025-06-18 20:35:52 PT) - API key found
[INFO] 2025-06-19 03:35:52 UTC (2025-06-18 20:35:52 PT) - Current PT time: 2025-06-18 20:35:52
[INFO] 2025-06-19 03:35:52 UTC (2025-06-18 20:35:52 PT) - Requesting ALL historical trapping data through 06/19/2025 for NPT GRSME Program only
[INFO] 2025-06-19 03:36:27 UTC (2025-06-18 20:36:27 PT) - Downloaded 19684 rows of data
[INFO] 2025-06-19 03:36:27 UTC (2025-06-18 20:36:27 PT) - Columns: Finalize, Verify, Follow-Up, Trapped Date, Is Import, Facility, Trap, Trap Is Offsite, Trapping Session Name, Target Species, Target Run, Trapping Session Comments, Fish ID, Count, Species, Run, Sex, Origin, Origin Expression, Origin Description, Origin Start Date, Origin End Date, Origin Creator, Origin Creation Date, Living Status, Length, Age Designation, Age Calculated, Age Criteria Start Length, Age Criteria End Length, Age Criteria Start Date, Age Criteria End Date, Moved To Facility, Moved To, Moved To Location Type, Moved To Is Offsite, Offsite Owner Facility, Offsite Location Latitude, Offsite Location Longitude, Offsite Location Description, Disposition, Release Site, Release Site Latitude, Release Site Longitude, Purpose, Existing Marks, Existing Marks Quantity, Applied Marks, Applied Marks Quantity, Existing Tags, Applied Tags, Existing CWT, Existing CWT Value, Applied CWT, Applied CWT Value, Existing PIT, Applied PIT, Samples, Conditions, Recap, Injected, Weight, Notes, Group Notes, Import Custom
[INFO] 2025-06-19 03:36:27 UTC (2025-06-18 20:36:27 PT) - Successfully saved file: data/TrappingData.csv - Size: 11299094 bytes
[INFO] 2025-06-19 03:36:27 UTC (2025-06-18 20:36:27 PT) - Data summary:
[INFO] 2025-06-19 03:36:27 UTC (2025-06-18 20:36:27 PT) -   Date range: 10/10/2023 to 9/9/2022
[INFO] 2025-06-19 03:36:27 UTC (2025-06-18 20:36:27 PT) -   Total records: 19684
[INFO] 2025-06-19 03:36:27 UTC (2025-06-18 20:36:27 PT) - Download completed successfully
[INFO] 2025-06-20 03:35:21 UTC (2025-06-19 20:35:21 PT) - Starting nightly FINS data download
[INFO] 2025-06-20 03:35:21 UTC (2025-06-19 20:35:21 PT) - API key found
[INFO] 2025-06-20 03:35:21 UTC (2025-06-19 20:35:21 PT) - Current PT time: 2025-06-19 20:35:21
[INFO] 2025-06-20 03:35:21 UTC (2025-06-19 20:35:21 PT) - Requesting ALL historical trapping data through 06/20/2025 for NPT GRSME Program only
[INFO] 2025-06-20 03:35:56 UTC (2025-06-19 20:35:56 PT) - Downloaded 19684 rows of data
[INFO] 2025-06-20 03:35:56 UTC (2025-06-19 20:35:56 PT) - Columns: Finalize, Verify, Follow-Up, Trapped Date, Is Import, Facility, Trap, Trap Is Offsite, Trapping Session Name, Target Species, Target Run, Trapping Session Comments, Fish ID, Count, Species, Run, Sex, Origin, Origin Expression, Origin Description, Origin Start Date, Origin End Date, Origin Creator, Origin Creation Date, Living Status, Length, Age Designation, Age Calculated, Age Criteria Start Length, Age Criteria End Length, Age Criteria Start Date, Age Criteria End Date, Moved To Facility, Moved To, Moved To Location Type, Moved To Is Offsite, Offsite Owner Facility, Offsite Location Latitude, Offsite Location Longitude, Offsite Location Description, Disposition, Release Site, Release Site Latitude, Release Site Longitude, Purpose, Existing Marks, Existing Marks Quantity, Applied Marks, Applied Marks Quantity, Existing Tags, Applied Tags, Existing CWT, Existing CWT Value, Applied CWT, Applied CWT Value, Existing PIT, Applied PIT, Samples, Conditions, Recap, Injected, Weight, Notes, Group Notes, Import Custom
[INFO] 2025-06-20 03:35:56 UTC (2025-06-19 20:35:56 PT) - Successfully saved file: data/TrappingData.csv - Size: 11299094 bytes
[INFO] 2025-06-20 03:35:56 UTC (2025-06-19 20:35:56 PT) - Data summary:
[INFO] 2025-06-20 03:35:56 UTC (2025-06-19 20:35:56 PT) -   Date range: 10/10/2023 to 9/9/2022
[INFO] 2025-06-20 03:35:56 UTC (2025-06-19 20:35:56 PT) -   Total records: 19684
[INFO] 2025-06-20 03:35:56 UTC (2025-06-19 20:35:56 PT) - Download completed successfully
[INFO] 2025-06-21 03:32:48 UTC (2025-06-20 20:32:48 PT) - Starting nightly FINS data download
[INFO] 2025-06-21 03:32:48 UTC (2025-06-20 20:32:48 PT) - API key found
[INFO] 2025-06-21 03:32:48 UTC (2025-06-20 20:32:48 PT) - Current PT time: 2025-06-20 20:32:48
[INFO] 2025-06-21 03:32:48 UTC (2025-06-20 20:32:48 PT) - Requesting ALL historical trapping data through 06/21/2025 for NPT GRSME Program only
[INFO] 2025-06-21 03:33:23 UTC (2025-06-20 20:33:23 PT) - Downloaded 19684 rows of data
[INFO] 2025-06-21 03:33:23 UTC (2025-06-20 20:33:23 PT) - Columns: Finalize, Verify, Follow-Up, Trapped Date, Is Import, Facility, Trap, Trap Is Offsite, Trapping Session Name, Target Species, Target Run, Trapping Session Comments, Fish ID, Count, Species, Run, Sex, Origin, Origin Expression, Origin Description, Origin Start Date, Origin End Date, Origin Creator, Origin Creation Date, Living Status, Length, Age Designation, Age Calculated, Age Criteria Start Length, Age Criteria End Length, Age Criteria Start Date, Age Criteria End Date, Moved To Facility, Moved To, Moved To Location Type, Moved To Is Offsite, Offsite Owner Facility, Offsite Location Latitude, Offsite Location Longitude, Offsite Location Description, Disposition, Release Site, Release Site Latitude, Release Site Longitude, Purpose, Existing Marks, Existing Marks Quantity, Applied Marks, Applied Marks Quantity, Existing Tags, Applied Tags, Existing CWT, Existing CWT Value, Applied CWT, Applied CWT Value, Existing PIT, Applied PIT, Samples, Conditions, Recap, Injected, Weight, Notes, Group Notes, Import Custom
[INFO] 2025-06-21 03:33:23 UTC (2025-06-20 20:33:23 PT) - Successfully saved file: data/TrappingData.csv - Size: 11299094 bytes
[INFO] 2025-06-21 03:33:23 UTC (2025-06-20 20:33:23 PT) - Data summary:
[INFO] 2025-06-21 03:33:23 UTC (2025-06-20 20:33:23 PT) -   Date range: 10/10/2023 to 9/9/2022
[INFO] 2025-06-21 03:33:23 UTC (2025-06-20 20:33:23 PT) -   Total records: 19684
[INFO] 2025-06-21 03:33:23 UTC (2025-06-20 20:33:23 PT) - Download completed successfully
[INFO] 2025-06-22 03:41:51 UTC (2025-06-21 20:41:51 PT) - Starting nightly FINS data download
[INFO] 2025-06-22 03:41:51 UTC (2025-06-21 20:41:51 PT) - API key found
[INFO] 2025-06-22 03:41:51 UTC (2025-06-21 20:41:51 PT) - Current PT time: 2025-06-21 20:41:51
[INFO] 2025-06-22 03:41:51 UTC (2025-06-21 20:41:51 PT) - Requesting ALL historical trapping data through 06/22/2025 for NPT GRSME Program only
[INFO] 2025-06-22 03:42:23 UTC (2025-06-21 20:42:23 PT) - Downloaded 19684 rows of data
[INFO] 2025-06-22 03:42:23 UTC (2025-06-21 20:42:23 PT) - Columns: Finalize, Verify, Follow-Up, Trapped Date, Is Import, Facility, Trap, Trap Is Offsite, Trapping Session Name, Target Species, Target Run, Trapping Session Comments, Fish ID, Count, Species, Run, Sex, Origin, Origin Expression, Origin Description, Origin Start Date, Origin End Date, Origin Creator, Origin Creation Date, Living Status, Length, Age Designation, Age Calculated, Age Criteria Start Length, Age Criteria End Length, Age Criteria Start Date, Age Criteria End Date, Moved To Facility, Moved To, Moved To Location Type, Moved To Is Offsite, Offsite Owner Facility, Offsite Location Latitude, Offsite Location Longitude, Offsite Location Description, Disposition, Release Site, Release Site Latitude, Release Site Longitude, Purpose, Existing Marks, Existing Marks Quantity, Applied Marks, Applied Marks Quantity, Existing Tags, Applied Tags, Existing CWT, Existing CWT Value, Applied CWT, Applied CWT Value, Existing PIT, Applied PIT, Samples, Conditions, Recap, Injected, Weight, Notes, Group Notes, Import Custom
[INFO] 2025-06-22 03:42:23 UTC (2025-06-21 20:42:23 PT) - Successfully saved file: data/TrappingData.csv - Size: 11299094 bytes
[INFO] 2025-06-22 03:42:23 UTC (2025-06-21 20:42:23 PT) - Data summary:
[INFO] 2025-06-22 03:42:23 UTC (2025-06-21 20:42:23 PT) -   Date range: 10/10/2023 to 9/9/2022
[INFO] 2025-06-22 03:42:23 UTC (2025-06-21 20:42:23 PT) -   Total records: 19684
[INFO] 2025-06-22 03:42:23 UTC (2025-06-21 20:42:23 PT) - Download completed successfully
[INFO] 2025-06-23 03:43:38 UTC (2025-06-22 20:43:38 PT) - Starting nightly FINS data download
[INFO] 2025-06-23 03:43:38 UTC (2025-06-22 20:43:38 PT) - API key found
[INFO] 2025-06-23 03:43:38 UTC (2025-06-22 20:43:38 PT) - Current PT time: 2025-06-22 20:43:38
[INFO] 2025-06-23 03:43:38 UTC (2025-06-22 20:43:38 PT) - Requesting ALL historical trapping data through 06/23/2025 for NPT GRSME Program only
[INFO] 2025-06-23 03:44:14 UTC (2025-06-22 20:44:14 PT) - Downloaded 19684 rows of data
[INFO] 2025-06-23 03:44:14 UTC (2025-06-22 20:44:14 PT) - Columns: Finalize, Verify, Follow-Up, Trapped Date, Is Import, Facility, Trap, Trap Is Offsite, Trapping Session Name, Target Species, Target Run, Trapping Session Comments, Fish ID, Count, Species, Run, Sex, Origin, Origin Expression, Origin Description, Origin Start Date, Origin End Date, Origin Creator, Origin Creation Date, Living Status, Length, Age Designation, Age Calculated, Age Criteria Start Length, Age Criteria End Length, Age Criteria Start Date, Age Criteria End Date, Moved To Facility, Moved To, Moved To Location Type, Moved To Is Offsite, Offsite Owner Facility, Offsite Location Latitude, Offsite Location Longitude, Offsite Location Description, Disposition, Release Site, Release Site Latitude, Release Site Longitude, Purpose, Existing Marks, Existing Marks Quantity, Applied Marks, Applied Marks Quantity, Existing Tags, Applied Tags, Existing CWT, Existing CWT Value, Applied CWT, Applied CWT Value, Existing PIT, Applied PIT, Samples, Conditions, Recap, Injected, Weight, Notes, Group Notes, Import Custom
[INFO] 2025-06-23 03:44:14 UTC (2025-06-22 20:44:14 PT) - Successfully saved file: data/TrappingData.csv - Size: 11299094 bytes
[INFO] 2025-06-23 03:44:14 UTC (2025-06-22 20:44:14 PT) - Data summary:
[INFO] 2025-06-23 03:44:14 UTC (2025-06-22 20:44:14 PT) -   Date range: 10/10/2023 to 9/9/2022
[INFO] 2025-06-23 03:44:14 UTC (2025-06-22 20:44:14 PT) -   Total records: 19684
[INFO] 2025-06-23 03:44:14 UTC (2025-06-22 20:44:14 PT) - Download completed successfully
[INFO] 2025-06-24 03:37:21 UTC (2025-06-23 20:37:21 PT) - Starting nightly FINS data download
[INFO] 2025-06-24 03:37:21 UTC (2025-06-23 20:37:21 PT) - API key found
[INFO] 2025-06-24 03:37:21 UTC (2025-06-23 20:37:21 PT) - Current PT time: 2025-06-23 20:37:21
[INFO] 2025-06-24 03:37:21 UTC (2025-06-23 20:37:21 PT) - Requesting ALL historical trapping data through 06/24/2025 for NPT GRSME Program only
[INFO] 2025-06-24 03:37:56 UTC (2025-06-23 20:37:56 PT) - Downloaded 19696 rows of data
[INFO] 2025-06-24 03:37:56 UTC (2025-06-23 20:37:56 PT) - Columns: Finalize, Verify, Follow-Up, Trapped Date, Is Import, Facility, Trap, Trap Is Offsite, Trapping Session Name, Target Species, Target Run, Trapping Session Comments, Fish ID, Count, Species, Run, Sex, Origin, Origin Expression, Origin Description, Origin Start Date, Origin End Date, Origin Creator, Origin Creation Date, Living Status, Length, Age Designation, Age Calculated, Age Criteria Start Length, Age Criteria End Length, Age Criteria Start Date, Age Criteria End Date, Moved To Facility, Moved To, Moved To Location Type, Moved To Is Offsite, Offsite Owner Facility, Offsite Location Latitude, Offsite Location Longitude, Offsite Location Description, Disposition, Release Site, Release Site Latitude, Release Site Longitude, Purpose, Existing Marks, Existing Marks Quantity, Applied Marks, Applied Marks Quantity, Existing Tags, Applied Tags, Existing CWT, Existing CWT Value, Applied CWT, Applied CWT Value, Existing PIT, Applied PIT, Samples, Conditions, Recap, Injected, Weight, Notes, Group Notes, Import Custom
[INFO] 2025-06-24 03:37:56 UTC (2025-06-23 20:37:56 PT) - Successfully saved file: data/TrappingData.csv - Size: 11305735 bytes
[INFO] 2025-06-24 03:37:56 UTC (2025-06-23 20:37:56 PT) - Data summary:
[INFO] 2025-06-24 03:37:56 UTC (2025-06-23 20:37:56 PT) -   Date range: 10/10/2023 to 9/9/2022
[INFO] 2025-06-24 03:37:56 UTC (2025-06-23 20:37:56 PT) -   Total records: 19696
[INFO] 2025-06-24 03:37:56 UTC (2025-06-23 20:37:56 PT) - Download completed successfully
[INFO] 2025-06-25 03:38:44 UTC (2025-06-24 20:38:44 PT) - Starting nightly FINS data download
[INFO] 2025-06-25 03:38:44 UTC (2025-06-24 20:38:44 PT) - API key found
[INFO] 2025-06-25 03:38:44 UTC (2025-06-24 20:38:44 PT) - Current PT time: 2025-06-24 20:38:44
[INFO] 2025-06-25 03:38:44 UTC (2025-06-24 20:38:44 PT) - Requesting ALL historical trapping data through 06/25/2025 for NPT GRSME Program only
[INFO] 2025-06-25 03:39:15 UTC (2025-06-24 20:39:15 PT) - Downloaded 19696 rows of data
[INFO] 2025-06-25 03:39:15 UTC (2025-06-24 20:39:15 PT) - Columns: Finalize, Verify, Follow-Up, Trapped Date, Is Import, Facility, Trap, Trap Is Offsite, Trapping Session Name, Target Species, Target Run, Trapping Session Comments, Fish ID, Count, Species, Run, Sex, Origin, Origin Expression, Origin Description, Origin Start Date, Origin End Date, Origin Creator, Origin Creation Date, Living Status, Length, Age Designation, Age Calculated, Age Criteria Start Length, Age Criteria End Length, Age Criteria Start Date, Age Criteria End Date, Moved To Facility, Moved To, Moved To Location Type, Moved To Is Offsite, Offsite Owner Facility, Offsite Location Latitude, Offsite Location Longitude, Offsite Location Description, Disposition, Release Site, Release Site Latitude, Release Site Longitude, Purpose, Existing Marks, Existing Marks Quantity, Applied Marks, Applied Marks Quantity, Existing Tags, Applied Tags, Existing CWT, Existing CWT Value, Applied CWT, Applied CWT Value, Existing PIT, Applied PIT, Samples, Conditions, Recap, Injected, Weight, Notes, Group Notes, Import Custom
[INFO] 2025-06-25 03:39:15 UTC (2025-06-24 20:39:15 PT) - Successfully saved file: data/TrappingData.csv - Size: 11305735 bytes
[INFO] 2025-06-25 03:39:15 UTC (2025-06-24 20:39:15 PT) - Data summary:
[INFO] 2025-06-25 03:39:15 UTC (2025-06-24 20:39:15 PT) -   Date range: 10/10/2023 to 9/9/2022
[INFO] 2025-06-25 03:39:15 UTC (2025-06-24 20:39:15 PT) -   Total records: 19696
[INFO] 2025-06-25 03:39:15 UTC (2025-06-24 20:39:15 PT) - Download completed successfully
[INFO] 2025-06-26 03:37:04 UTC (2025-06-25 20:37:04 PT) - Starting nightly FINS data download
[INFO] 2025-06-26 03:37:04 UTC (2025-06-25 20:37:04 PT) - API key found
[INFO] 2025-06-26 03:37:04 UTC (2025-06-25 20:37:04 PT) - Current PT time: 2025-06-25 20:37:04
[INFO] 2025-06-26 03:37:04 UTC (2025-06-25 20:37:04 PT) - Requesting ALL historical trapping data through 06/26/2025 for NPT GRSME Program only
[INFO] 2025-06-26 03:37:41 UTC (2025-06-25 20:37:41 PT) - Downloaded 19713 rows of data
[INFO] 2025-06-26 03:37:41 UTC (2025-06-25 20:37:41 PT) - Columns: Finalize, Verify, Follow-Up, Trapped Date, Is Import, Facility, Trap, Trap Is Offsite, Trapping Session Name, Target Species, Target Run, Trapping Session Comments, Fish ID, Count, Species, Run, Sex, Origin, Origin Expression, Origin Description, Origin Start Date, Origin End Date, Origin Creator, Origin Creation Date, Living Status, Length, Age Designation, Age Calculated, Age Criteria Start Length, Age Criteria End Length, Age Criteria Start Date, Age Criteria End Date, Moved To Facility, Moved To, Moved To Location Type, Moved To Is Offsite, Offsite Owner Facility, Offsite Location Latitude, Offsite Location Longitude, Offsite Location Description, Disposition, Release Site, Release Site Latitude, Release Site Longitude, Purpose, Existing Marks, Existing Marks Quantity, Applied Marks, Applied Marks Quantity, Existing Tags, Applied Tags, Existing CWT, Existing CWT Value, Applied CWT, Applied CWT Value, Existing PIT, Applied PIT, Samples, Conditions, Recap, Injected, Weight, Notes, Group Notes, Import Custom
[INFO] 2025-06-26 03:37:41 UTC (2025-06-25 20:37:41 PT) - Successfully saved file: data/TrappingData.csv - Size: 11315408 bytes
[INFO] 2025-06-26 03:37:41 UTC (2025-06-25 20:37:41 PT) - Data summary:
[INFO] 2025-06-26 03:37:41 UTC (2025-06-25 20:37:41 PT) -   Date range: 10/10/2023 to 9/9/2022
[INFO] 2025-06-26 03:37:41 UTC (2025-06-25 20:37:41 PT) -   Total records: 19713
[INFO] 2025-06-26 03:37:41 UTC (2025-06-25 20:37:41 PT) - Download completed successfully
[INFO] 2025-06-27 03:38:12 UTC (2025-06-26 20:38:12 PT) - Starting nightly FINS data download
[INFO] 2025-06-27 03:38:12 UTC (2025-06-26 20:38:12 PT) - API key found
[INFO] 2025-06-27 03:38:12 UTC (2025-06-26 20:38:12 PT) - Current PT time: 2025-06-26 20:38:12
[INFO] 2025-06-27 03:38:12 UTC (2025-06-26 20:38:12 PT) - Requesting ALL historical trapping data through 06/27/2025 for NPT GRSME Program only
[INFO] 2025-06-27 03:38:49 UTC (2025-06-26 20:38:49 PT) - Downloaded 19713 rows of data
[INFO] 2025-06-27 03:38:49 UTC (2025-06-26 20:38:49 PT) - Columns: Finalize, Verify, Follow-Up, Trapped Date, Is Import, Facility, Trap, Trap Is Offsite, Trapping Session Name, Target Species, Target Run, Trapping Session Comments, Fish ID, Count, Species, Run, Sex, Origin, Origin Expression, Origin Description, Origin Start Date, Origin End Date, Origin Creator, Origin Creation Date, Living Status, Length, Age Designation, Age Calculated, Age Criteria Start Length, Age Criteria End Length, Age Criteria Start Date, Age Criteria End Date, Moved To Facility, Moved To, Moved To Location Type, Moved To Is Offsite, Offsite Owner Facility, Offsite Location Latitude, Offsite Location Longitude, Offsite Location Description, Disposition, Release Site, Release Site Latitude, Release Site Longitude, Purpose, Existing Marks, Existing Marks Quantity, Applied Marks, Applied Marks Quantity, Existing Tags, Applied Tags, Existing CWT, Existing CWT Value, Applied CWT, Applied CWT Value, Existing PIT, Applied PIT, Samples, Conditions, Recap, Injected, Weight, Notes, Group Notes, Import Custom
[INFO] 2025-06-27 03:38:49 UTC (2025-06-26 20:38:49 PT) - Successfully saved file: data/TrappingData.csv - Size: 11315408 bytes
[INFO] 2025-06-27 03:38:49 UTC (2025-06-26 20:38:49 PT) - Data summary:
[INFO] 2025-06-27 03:38:49 UTC (2025-06-26 20:38:49 PT) -   Date range: 10/10/2023 to 9/9/2022
[INFO] 2025-06-27 03:38:49 UTC (2025-06-26 20:38:49 PT) -   Total records: 19713
[INFO] 2025-06-27 03:38:49 UTC (2025-06-26 20:38:49 PT) - Download completed successfully
[INFO] 2025-06-28 03:34:02 UTC (2025-06-27 20:34:02 PT) - Starting nightly FINS data download
[INFO] 2025-06-28 03:34:02 UTC (2025-06-27 20:34:02 PT) - API key found
[INFO] 2025-06-28 03:34:02 UTC (2025-06-27 20:34:02 PT) - Current PT time: 2025-06-27 20:34:02
[INFO] 2025-06-28 03:34:02 UTC (2025-06-27 20:34:02 PT) - Requesting ALL historical trapping data through 06/28/2025 for NPT GRSME Program only
[INFO] 2025-06-28 03:34:37 UTC (2025-06-27 20:34:37 PT) - Downloaded 19713 rows of data
[INFO] 2025-06-28 03:34:37 UTC (2025-06-27 20:34:37 PT) - Columns: Finalize, Verify, Follow-Up, Trapped Date, Is Import, Facility, Trap, Trap Is Offsite, Trapping Session Name, Target Species, Target Run, Trapping Session Comments, Fish ID, Count, Species, Run, Sex, Origin, Origin Expression, Origin Description, Origin Start Date, Origin End Date, Origin Creator, Origin Creation Date, Living Status, Length, Age Designation, Age Calculated, Age Criteria Start Length, Age Criteria End Length, Age Criteria Start Date, Age Criteria End Date, Moved To Facility, Moved To, Moved To Location Type, Moved To Is Offsite, Offsite Owner Facility, Offsite Location Latitude, Offsite Location Longitude, Offsite Location Description, Disposition, Release Site, Release Site Latitude, Release Site Longitude, Purpose, Existing Marks, Existing Marks Quantity, Applied Marks, Applied Marks Quantity, Existing Tags, Applied Tags, Existing CWT, Existing CWT Value, Applied CWT, Applied CWT Value, Existing PIT, Applied PIT, Samples, Conditions, Recap, Injected, Weight, Notes, Group Notes, Import Custom
[INFO] 2025-06-28 03:34:37 UTC (2025-06-27 20:34:37 PT) - Successfully saved file: data/TrappingData.csv - Size: 11315408 bytes
[INFO] 2025-06-28 03:34:37 UTC (2025-06-27 20:34:37 PT) - Data summary:
[INFO] 2025-06-28 03:34:37 UTC (2025-06-27 20:34:37 PT) -   Date range: 10/10/2023 to 9/9/2022
[INFO] 2025-06-28 03:34:37 UTC (2025-06-27 20:34:37 PT) -   Total records: 19713
[INFO] 2025-06-28 03:34:37 UTC (2025-06-27 20:34:37 PT) - Download completed successfully
[INFO] 2025-06-29 03:44:54 UTC (2025-06-28 20:44:54 PT) - Starting nightly FINS data download
[INFO] 2025-06-29 03:44:54 UTC (2025-06-28 20:44:54 PT) - API key found
[INFO] 2025-06-29 03:44:54 UTC (2025-06-28 20:44:54 PT) - Current PT time: 2025-06-28 20:44:54
[INFO] 2025-06-29 03:44:54 UTC (2025-06-28 20:44:54 PT) - Requesting ALL historical trapping data through 06/29/2025 for NPT GRSME Program only
[INFO] 2025-06-29 03:45:32 UTC (2025-06-28 20:45:32 PT) - Downloaded 19713 rows of data
[INFO] 2025-06-29 03:45:32 UTC (2025-06-28 20:45:32 PT) - Columns: Finalize, Verify, Follow-Up, Trapped Date, Is Import, Facility, Trap, Trap Is Offsite, Trapping Session Name, Target Species, Target Run, Trapping Session Comments, Fish ID, Count, Species, Run, Sex, Origin, Origin Expression, Origin Description, Origin Start Date, Origin End Date, Origin Creator, Origin Creation Date, Living Status, Length, Age Designation, Age Calculated, Age Criteria Start Length, Age Criteria End Length, Age Criteria Start Date, Age Criteria End Date, Moved To Facility, Moved To, Moved To Location Type, Moved To Is Offsite, Offsite Owner Facility, Offsite Location Latitude, Offsite Location Longitude, Offsite Location Description, Disposition, Release Site, Release Site Latitude, Release Site Longitude, Purpose, Existing Marks, Existing Marks Quantity, Applied Marks, Applied Marks Quantity, Existing Tags, Applied Tags, Existing CWT, Existing CWT Value, Applied CWT, Applied CWT Value, Existing PIT, Applied PIT, Samples, Conditions, Recap, Injected, Weight, Notes, Group Notes, Import Custom
[INFO] 2025-06-29 03:45:32 UTC (2025-06-28 20:45:32 PT) - Successfully saved file: data/TrappingData.csv - Size: 11315408 bytes
[INFO] 2025-06-29 03:45:32 UTC (2025-06-28 20:45:32 PT) - Data summary:
[INFO] 2025-06-29 03:45:32 UTC (2025-06-28 20:45:32 PT) -   Date range: 10/10/2023 to 9/9/2022
[INFO] 2025-06-29 03:45:32 UTC (2025-06-28 20:45:32 PT) -   Total records: 19713
[INFO] 2025-06-29 03:45:32 UTC (2025-06-28 20:45:32 PT) - Download completed successfully
[INFO] 2025-06-30 03:43:24 UTC (2025-06-29 20:43:24 PT) - Starting nightly FINS data download
[INFO] 2025-06-30 03:43:24 UTC (2025-06-29 20:43:24 PT) - API key found
[INFO] 2025-06-30 03:43:24 UTC (2025-06-29 20:43:24 PT) - Current PT time: 2025-06-29 20:43:24
[INFO] 2025-06-30 03:43:24 UTC (2025-06-29 20:43:24 PT) - Requesting ALL historical trapping data through 06/30/2025 for NPT GRSME Program only
[INFO] 2025-06-30 03:43:56 UTC (2025-06-29 20:43:56 PT) - Downloaded 19713 rows of data
[INFO] 2025-06-30 03:43:56 UTC (2025-06-29 20:43:56 PT) - Columns: Finalize, Verify, Follow-Up, Trapped Date, Is Import, Facility, Trap, Trap Is Offsite, Trapping Session Name, Target Species, Target Run, Trapping Session Comments, Fish ID, Count, Species, Run, Sex, Origin, Origin Expression, Origin Description, Origin Start Date, Origin End Date, Origin Creator, Origin Creation Date, Living Status, Length, Age Designation, Age Calculated, Age Criteria Start Length, Age Criteria End Length, Age Criteria Start Date, Age Criteria End Date, Moved To Facility, Moved To, Moved To Location Type, Moved To Is Offsite, Offsite Owner Facility, Offsite Location Latitude, Offsite Location Longitude, Offsite Location Description, Disposition, Release Site, Release Site Latitude, Release Site Longitude, Purpose, Existing Marks, Existing Marks Quantity, Applied Marks, Applied Marks Quantity, Existing Tags, Applied Tags, Existing CWT, Existing CWT Value, Applied CWT, Applied CWT Value, Existing PIT, Applied PIT, Samples, Conditions, Recap, Injected, Weight, Notes, Group Notes, Import Custom
[INFO] 2025-06-30 03:43:56 UTC (2025-06-29 20:43:56 PT) - Successfully saved file: data/TrappingData.csv - Size: 11315408 bytes
[INFO] 2025-06-30 03:43:56 UTC (2025-06-29 20:43:56 PT) - Data summary:
[INFO] 2025-06-30 03:43:56 UTC (2025-06-29 20:43:56 PT) -   Date range: 10/10/2023 to 9/9/2022
[INFO] 2025-06-30 03:43:56 UTC (2025-06-29 20:43:56 PT) -   Total records: 19713
[INFO] 2025-06-30 03:43:56 UTC (2025-06-29 20:43:56 PT) - Download completed successfully
[INFO] 2025-07-01 03:49:01 UTC (2025-06-30 20:49:01 PT) - Starting nightly FINS data download
[INFO] 2025-07-01 03:49:01 UTC (2025-06-30 20:49:01 PT) - API key found
[INFO] 2025-07-01 03:49:01 UTC (2025-06-30 20:49:01 PT) - Current PT time: 2025-06-30 20:49:01
[INFO] 2025-07-01 03:49:01 UTC (2025-06-30 20:49:01 PT) - Requesting ALL historical trapping data through 07/01/2025 for NPT GRSME Program only
[INFO] 2025-07-01 03:49:34 UTC (2025-06-30 20:49:34 PT) - Downloaded 19792 rows of data
[INFO] 2025-07-01 03:49:34 UTC (2025-06-30 20:49:34 PT) - Columns: Finalize, Verify, Follow-Up, Trapped Date, Is Import, Facility, Trap, Trap Is Offsite, Trapping Session Name, Target Species, Target Run, Trapping Session Comments, Fish ID, Count, Species, Run, Sex, Origin, Origin Expression, Origin Description, Origin Start Date, Origin End Date, Origin Creator, Origin Creation Date, Living Status, Length, Age Designation, Age Calculated, Age Criteria Start Length, Age Criteria End Length, Age Criteria Start Date, Age Criteria End Date, Moved To Facility, Moved To, Moved To Location Type, Moved To Is Offsite, Offsite Owner Facility, Offsite Location Latitude, Offsite Location Longitude, Offsite Location Description, Disposition, Release Site, Release Site Latitude, Release Site Longitude, Purpose, Existing Marks, Existing Marks Quantity, Applied Marks, Applied Marks Quantity, Existing Tags, Applied Tags, Existing CWT, Existing CWT Value, Applied CWT, Applied CWT Value, Existing PIT, Applied PIT, Samples, Conditions, Recap, Injected, Weight, Notes, Group Notes, Import Custom
[INFO] 2025-07-01 03:49:34 UTC (2025-06-30 20:49:34 PT) - Successfully saved file: data/TrappingData.csv - Size: 11361785 bytes
[INFO] 2025-07-01 03:49:34 UTC (2025-06-30 20:49:34 PT) - Data summary:
[INFO] 2025-07-01 03:49:34 UTC (2025-06-30 20:49:34 PT) -   Date range: 10/10/2023 to 9/9/2022
[INFO] 2025-07-01 03:49:34 UTC (2025-06-30 20:49:34 PT) -   Total records: 19792
[INFO] 2025-07-01 03:49:34 UTC (2025-06-30 20:49:34 PT) - Download completed successfully
[INFO] 2025-07-02 03:39:02 UTC (2025-07-01 20:39:02 PT) - Starting nightly FINS data download
[INFO] 2025-07-02 03:39:02 UTC (2025-07-01 20:39:02 PT) - API key found
[INFO] 2025-07-02 03:39:02 UTC (2025-07-01 20:39:02 PT) - Current PT time: 2025-07-01 20:39:02
[INFO] 2025-07-02 03:39:02 UTC (2025-07-01 20:39:02 PT) - Requesting ALL historical trapping data through 07/02/2025 for NPT GRSME Program only
[INFO] 2025-07-02 03:39:32 UTC (2025-07-01 20:39:32 PT) - Downloaded 19792 rows of data
[INFO] 2025-07-02 03:39:32 UTC (2025-07-01 20:39:32 PT) - Columns: Finalize, Verify, Follow-Up, Trapped Date, Is Import, Facility, Trap, Trap Is Offsite, Trapping Session Name, Target Species, Target Run, Trapping Session Comments, Fish ID, Count, Species, Run, Sex, Origin, Origin Expression, Origin Description, Origin Start Date, Origin End Date, Origin Creator, Origin Creation Date, Living Status, Length, Age Designation, Age Calculated, Age Criteria Start Length, Age Criteria End Length, Age Criteria Start Date, Age Criteria End Date, Moved To Facility, Moved To, Moved To Location Type, Moved To Is Offsite, Offsite Owner Facility, Offsite Location Latitude, Offsite Location Longitude, Offsite Location Description, Disposition, Release Site, Release Site Latitude, Release Site Longitude, Purpose, Existing Marks, Existing Marks Quantity, Applied Marks, Applied Marks Quantity, Existing Tags, Applied Tags, Existing CWT, Existing CWT Value, Applied CWT, Applied CWT Value, Existing PIT, Applied PIT, Samples, Conditions, Recap, Injected, Weight, Notes, Group Notes, Import Custom
[INFO] 2025-07-02 03:39:32 UTC (2025-07-01 20:39:32 PT) - Successfully saved file: data/TrappingData.csv - Size: 11361785 bytes
[INFO] 2025-07-02 03:39:32 UTC (2025-07-01 20:39:32 PT) - Data summary:
[INFO] 2025-07-02 03:39:32 UTC (2025-07-01 20:39:32 PT) -   Date range: 10/10/2023 to 9/9/2022
[INFO] 2025-07-02 03:39:32 UTC (2025-07-01 20:39:32 PT) -   Total records: 19792
[INFO] 2025-07-02 03:39:32 UTC (2025-07-01 20:39:32 PT) - Download completed successfully
[INFO] 2025-07-03 03:39:38 UTC (2025-07-02 20:39:38 PT) - Starting nightly FINS data download
[INFO] 2025-07-03 03:39:38 UTC (2025-07-02 20:39:38 PT) - API key found
[INFO] 2025-07-03 03:39:38 UTC (2025-07-02 20:39:38 PT) - Current PT time: 2025-07-02 20:39:38
[INFO] 2025-07-03 03:39:38 UTC (2025-07-02 20:39:38 PT) - Requesting ALL historical trapping data through 07/03/2025 for NPT GRSME Program only
[INFO] 2025-07-03 03:40:10 UTC (2025-07-02 20:40:10 PT) - Downloaded 19834 rows of data
[INFO] 2025-07-03 03:40:10 UTC (2025-07-02 20:40:10 PT) - Columns: Finalize, Verify, Follow-Up, Trapped Date, Is Import, Facility, Trap, Trap Is Offsite, Trapping Session Name, Target Species, Target Run, Trapping Session Comments, Fish ID, Count, Species, Run, Sex, Origin, Origin Expression, Origin Description, Origin Start Date, Origin End Date, Origin Creator, Origin Creation Date, Living Status, Length, Age Designation, Age Calculated, Age Criteria Start Length, Age Criteria End Length, Age Criteria Start Date, Age Criteria End Date, Moved To Facility, Moved To, Moved To Location Type, Moved To Is Offsite, Offsite Owner Facility, Offsite Location Latitude, Offsite Location Longitude, Offsite Location Description, Disposition, Release Site, Release Site Latitude, Release Site Longitude, Purpose, Existing Marks, Existing Marks Quantity, Applied Marks, Applied Marks Quantity, Existing Tags, Applied Tags, Existing CWT, Existing CWT Value, Applied CWT, Applied CWT Value, Existing PIT, Applied PIT, Samples, Conditions, Recap, Injected, Weight, Notes, Group Notes, Import Custom
[INFO] 2025-07-03 03:40:10 UTC (2025-07-02 20:40:10 PT) - Successfully saved file: data/TrappingData.csv - Size: 11386074 bytes
[INFO] 2025-07-03 03:40:10 UTC (2025-07-02 20:40:10 PT) - Data summary:
[INFO] 2025-07-03 03:40:10 UTC (2025-07-02 20:40:10 PT) -   Date range: 10/10/2023 to 9/9/2022
[INFO] 2025-07-03 03:40:10 UTC (2025-07-02 20:40:10 PT) -   Total records: 19834
[INFO] 2025-07-03 03:40:10 UTC (2025-07-02 20:40:10 PT) - Download completed successfully
[INFO] 2025-07-04 03:36:45 UTC (2025-07-03 20:36:45 PT) - Starting nightly FINS data download
[INFO] 2025-07-04 03:36:45 UTC (2025-07-03 20:36:45 PT) - API key found
[INFO] 2025-07-04 03:36:45 UTC (2025-07-03 20:36:45 PT) - Current PT time: 2025-07-03 20:36:45
[INFO] 2025-07-04 03:36:45 UTC (2025-07-03 20:36:45 PT) - Requesting ALL historical trapping data through 07/04/2025 for NPT GRSME Program only
[INFO] 2025-07-04 03:37:26 UTC (2025-07-03 20:37:26 PT) - Downloaded 19834 rows of data
[INFO] 2025-07-04 03:37:26 UTC (2025-07-03 20:37:26 PT) - Columns: Finalize, Verify, Follow-Up, Trapped Date, Is Import, Facility, Trap, Trap Is Offsite, Trapping Session Name, Target Species, Target Run, Trapping Session Comments, Fish ID, Count, Species, Run, Sex, Origin, Origin Expression, Origin Description, Origin Start Date, Origin End Date, Origin Creator, Origin Creation Date, Living Status, Length, Age Designation, Age Calculated, Age Criteria Start Length, Age Criteria End Length, Age Criteria Start Date, Age Criteria End Date, Moved To Facility, Moved To, Moved To Location Type, Moved To Is Offsite, Offsite Owner Facility, Offsite Location Latitude, Offsite Location Longitude, Offsite Location Description, Disposition, Release Site, Release Site Latitude, Release Site Longitude, Purpose, Existing Marks, Existing Marks Quantity, Applied Marks, Applied Marks Quantity, Existing Tags, Applied Tags, Existing CWT, Existing CWT Value, Applied CWT, Applied CWT Value, Existing PIT, Applied PIT, Samples, Conditions, Recap, Injected, Weight, Notes, Group Notes, Import Custom
[INFO] 2025-07-04 03:37:26 UTC (2025-07-03 20:37:26 PT) - Successfully saved file: data/TrappingData.csv - Size: 11386074 bytes
[INFO] 2025-07-04 03:37:26 UTC (2025-07-03 20:37:26 PT) - Data summary:
[INFO] 2025-07-04 03:37:26 UTC (2025-07-03 20:37:26 PT) -   Date range: 10/10/2023 to 9/9/2022
[INFO] 2025-07-04 03:37:26 UTC (2025-07-03 20:37:26 PT) -   Total records: 19834
[INFO] 2025-07-04 03:37:26 UTC (2025-07-03 20:37:26 PT) - Download completed successfully
[INFO] 2025-07-05 03:34:18 UTC (2025-07-04 20:34:18 PT) - Starting nightly FINS data download
[INFO] 2025-07-05 03:34:18 UTC (2025-07-04 20:34:18 PT) - API key found
[INFO] 2025-07-05 03:34:18 UTC (2025-07-04 20:34:18 PT) - Current PT time: 2025-07-04 20:34:18
[INFO] 2025-07-05 03:34:18 UTC (2025-07-04 20:34:18 PT) - Requesting ALL historical trapping data through 07/05/2025 for NPT GRSME Program only
[INFO] 2025-07-05 03:34:56 UTC (2025-07-04 20:34:56 PT) - Downloaded 19834 rows of data
[INFO] 2025-07-05 03:34:56 UTC (2025-07-04 20:34:56 PT) - Columns: Finalize, Verify, Follow-Up, Trapped Date, Is Import, Facility, Trap, Trap Is Offsite, Trapping Session Name, Target Species, Target Run, Trapping Session Comments, Fish ID, Count, Species, Run, Sex, Origin, Origin Expression, Origin Description, Origin Start Date, Origin End Date, Origin Creator, Origin Creation Date, Living Status, Length, Age Designation, Age Calculated, Age Criteria Start Length, Age Criteria End Length, Age Criteria Start Date, Age Criteria End Date, Moved To Facility, Moved To, Moved To Location Type, Moved To Is Offsite, Offsite Owner Facility, Offsite Location Latitude, Offsite Location Longitude, Offsite Location Description, Disposition, Release Site, Release Site Latitude, Release Site Longitude, Purpose, Existing Marks, Existing Marks Quantity, Applied Marks, Applied Marks Quantity, Existing Tags, Applied Tags, Existing CWT, Existing CWT Value, Applied CWT, Applied CWT Value, Existing PIT, Applied PIT, Samples, Conditions, Recap, Injected, Weight, Notes, Group Notes, Import Custom
[INFO] 2025-07-05 03:34:56 UTC (2025-07-04 20:34:56 PT) - Successfully saved file: data/TrappingData.csv - Size: 11386074 bytes
[INFO] 2025-07-05 03:34:56 UTC (2025-07-04 20:34:56 PT) - Data summary:
[INFO] 2025-07-05 03:34:56 UTC (2025-07-04 20:34:56 PT) -   Date range: 10/10/2023 to 9/9/2022
[INFO] 2025-07-05 03:34:56 UTC (2025-07-04 20:34:56 PT) -   Total records: 19834
[INFO] 2025-07-05 03:34:56 UTC (2025-07-04 20:34:56 PT) - Download completed successfully
[INFO] 2025-07-06 03:43:35 UTC (2025-07-05 20:43:35 PT) - Starting nightly FINS data download
[INFO] 2025-07-06 03:43:35 UTC (2025-07-05 20:43:35 PT) - API key found
[INFO] 2025-07-06 03:43:35 UTC (2025-07-05 20:43:35 PT) - Current PT time: 2025-07-05 20:43:35
[INFO] 2025-07-06 03:43:35 UTC (2025-07-05 20:43:35 PT) - Requesting ALL historical trapping data through 07/06/2025 for NPT GRSME Program only
[INFO] 2025-07-06 03:44:11 UTC (2025-07-05 20:44:11 PT) - Downloaded 19834 rows of data
[INFO] 2025-07-06 03:44:11 UTC (2025-07-05 20:44:11 PT) - Columns: Finalize, Verify, Follow-Up, Trapped Date, Is Import, Facility, Trap, Trap Is Offsite, Trapping Session Name, Target Species, Target Run, Trapping Session Comments, Fish ID, Count, Species, Run, Sex, Origin, Origin Expression, Origin Description, Origin Start Date, Origin End Date, Origin Creator, Origin Creation Date, Living Status, Length, Age Designation, Age Calculated, Age Criteria Start Length, Age Criteria End Length, Age Criteria Start Date, Age Criteria End Date, Moved To Facility, Moved To, Moved To Location Type, Moved To Is Offsite, Offsite Owner Facility, Offsite Location Latitude, Offsite Location Longitude, Offsite Location Description, Disposition, Release Site, Release Site Latitude, Release Site Longitude, Purpose, Existing Marks, Existing Marks Quantity, Applied Marks, Applied Marks Quantity, Existing Tags, Applied Tags, Existing CWT, Existing CWT Value, Applied CWT, Applied CWT Value, Existing PIT, Applied PIT, Samples, Conditions, Recap, Injected, Weight, Notes, Group Notes, Import Custom
[INFO] 2025-07-06 03:44:11 UTC (2025-07-05 20:44:11 PT) - Successfully saved file: data/TrappingData.csv - Size: 11386074 bytes
[INFO] 2025-07-06 03:44:11 UTC (2025-07-05 20:44:11 PT) - Data summary:
[INFO] 2025-07-06 03:44:11 UTC (2025-07-05 20:44:11 PT) -   Date range: 10/10/2023 to 9/9/2022
[INFO] 2025-07-06 03:44:11 UTC (2025-07-05 20:44:11 PT) -   Total records: 19834
[INFO] 2025-07-06 03:44:11 UTC (2025-07-05 20:44:11 PT) - Download completed successfully
[INFO] 2025-07-07 03:43:50 UTC (2025-07-06 20:43:50 PT) - Starting nightly FINS data download
[INFO] 2025-07-07 03:43:50 UTC (2025-07-06 20:43:50 PT) - API key found
[INFO] 2025-07-07 03:43:50 UTC (2025-07-06 20:43:50 PT) - Current PT time: 2025-07-06 20:43:50
[INFO] 2025-07-07 03:43:50 UTC (2025-07-06 20:43:50 PT) - Requesting ALL historical trapping data through 07/07/2025 for NPT GRSME Program only
[INFO] 2025-07-07 03:44:24 UTC (2025-07-06 20:44:24 PT) - Downloaded 19834 rows of data
[INFO] 2025-07-07 03:44:24 UTC (2025-07-06 20:44:24 PT) - Columns: Finalize, Verify, Follow-Up, Trapped Date, Is Import, Facility, Trap, Trap Is Offsite, Trapping Session Name, Target Species, Target Run, Trapping Session Comments, Fish ID, Count, Species, Run, Sex, Origin, Origin Expression, Origin Description, Origin Start Date, Origin End Date, Origin Creator, Origin Creation Date, Living Status, Length, Age Designation, Age Calculated, Age Criteria Start Length, Age Criteria End Length, Age Criteria Start Date, Age Criteria End Date, Moved To Facility, Moved To, Moved To Location Type, Moved To Is Offsite, Offsite Owner Facility, Offsite Location Latitude, Offsite Location Longitude, Offsite Location Description, Disposition, Release Site, Release Site Latitude, Release Site Longitude, Purpose, Existing Marks, Existing Marks Quantity, Applied Marks, Applied Marks Quantity, Existing Tags, Applied Tags, Existing CWT, Existing CWT Value, Applied CWT, Applied CWT Value, Existing PIT, Applied PIT, Samples, Conditions, Recap, Injected, Weight, Notes, Group Notes, Import Custom
[INFO] 2025-07-07 03:44:24 UTC (2025-07-06 20:44:24 PT) - Successfully saved file: data/TrappingData.csv - Size: 11386074 bytes
[INFO] 2025-07-07 03:44:24 UTC (2025-07-06 20:44:24 PT) - Data summary:
[INFO] 2025-07-07 03:44:24 UTC (2025-07-06 20:44:24 PT) -   Date range: 10/10/2023 to 9/9/2022
[INFO] 2025-07-07 03:44:24 UTC (2025-07-06 20:44:24 PT) -   Total records: 19834
[INFO] 2025-07-07 03:44:24 UTC (2025-07-06 20:44:24 PT) - Download completed successfully
[INFO] 2025-07-08 03:39:13 UTC (2025-07-07 20:39:13 PT) - Starting nightly FINS data download
[INFO] 2025-07-08 03:39:13 UTC (2025-07-07 20:39:13 PT) - API key found
[INFO] 2025-07-08 03:39:13 UTC (2025-07-07 20:39:13 PT) - Current PT time: 2025-07-07 20:39:13
[INFO] 2025-07-08 03:39:13 UTC (2025-07-07 20:39:13 PT) - Requesting ALL historical trapping data through 07/08/2025 for NPT GRSME Program only
[INFO] 2025-07-08 03:39:46 UTC (2025-07-07 20:39:46 PT) - Downloaded 19948 rows of data
[INFO] 2025-07-08 03:39:46 UTC (2025-07-07 20:39:46 PT) - Columns: Finalize, Verify, Follow-Up, Trapped Date, Is Import, Facility, Trap, Trap Is Offsite, Trapping Session Name, Target Species, Target Run, Trapping Session Comments, Fish ID, Count, Species, Run, Sex, Origin, Origin Expression, Origin Description, Origin Start Date, Origin End Date, Origin Creator, Origin Creation Date, Living Status, Length, Age Designation, Age Calculated, Age Criteria Start Length, Age Criteria End Length, Age Criteria Start Date, Age Criteria End Date, Moved To Facility, Moved To, Moved To Location Type, Moved To Is Offsite, Offsite Owner Facility, Offsite Location Latitude, Offsite Location Longitude, Offsite Location Description, Disposition, Release Site, Release Site Latitude, Release Site Longitude, Purpose, Existing Marks, Existing Marks Quantity, Applied Marks, Applied Marks Quantity, Existing Tags, Applied Tags, Existing CWT, Existing CWT Value, Applied CWT, Applied CWT Value, Existing PIT, Applied PIT, Samples, Conditions, Recap, Injected, Weight, Notes, Group Notes, Import Custom
[INFO] 2025-07-08 03:39:46 UTC (2025-07-07 20:39:46 PT) - Successfully saved file: data/TrappingData.csv - Size: 11455039 bytes
[INFO] 2025-07-08 03:39:46 UTC (2025-07-07 20:39:46 PT) - Data summary:
[INFO] 2025-07-08 03:39:46 UTC (2025-07-07 20:39:46 PT) -   Date range: 10/10/2023 to 9/9/2022
[INFO] 2025-07-08 03:39:46 UTC (2025-07-07 20:39:46 PT) -   Total records: 19948
[INFO] 2025-07-08 03:39:46 UTC (2025-07-07 20:39:46 PT) - Download completed successfully
[INFO] 2025-07-08 15:29:34 UTC (2025-07-08 15:29:34 PT) - Starting nightly FINS data download
[ERROR] 2025-07-08 15:29:34 UTC (2025-07-08 15:29:34 PT) - Download failed: FINS_API_KEY environment variable not set
[INFO] 2025-07-08 15:32:58 UTC (2025-07-08 15:32:58 PT) - Starting nightly FINS data download
[ERROR] 2025-07-08 15:32:58 UTC (2025-07-08 15:32:58 PT) - Download failed: FINS_API_KEY environment variable not set
[INFO] 2025-07-08 15:37:04 UTC (2025-07-08 15:37:04 PT) - Starting nightly FINS data download
[INFO] 2025-07-08 15:37:04 UTC (2025-07-08 15:37:04 PT) - API key found
[INFO] 2025-07-08 15:37:04 UTC (2025-07-08 15:37:04 PT) - Current PT time: 2025-07-08 15:37:04
[INFO] 2025-07-08 15:37:04 UTC (2025-07-08 15:37:04 PT) - Requesting ALL historical trapping data through 07/08/2025 for NPT GRSME Program only
[ERROR] 2025-07-08 15:37:04 UTC (2025-07-08 15:37:04 PT) - Download failed: API calls are only allowed outside business hours (6pm - 6am PT). Current PT time: 2025-07-08 15:37:04
[INFO] 2025-07-08 16:42:42 UTC (2025-07-08 16:42:42 PT) - Starting nightly FINS data download
[ERROR] 2025-07-08 16:42:42 UTC (2025-07-08 16:42:42 PT) - Download failed: FINS_API_KEY environment variable not set
[INFO] 2025-07-08 16:53:32 UTC (2025-07-08 16:53:32 PT) - Starting nightly FINS data download
[ERROR] 2025-07-08 16:53:32 UTC (2025-07-08 16:53:32 PT) - Download failed: FINS_API_KEY environment variable not set
[INFO] 2025-07-08 17:00:22 UTC (2025-07-08 17:00:22 PT) - Starting nightly FINS data download
[ERROR] 2025-07-08 17:00:22 UTC (2025-07-08 17:00:22 PT) - Download failed: FINS_API_KEY environment variable not set
[INFO] 2025-07-09 03:41:58 UTC (2025-07-08 20:41:58 PT) - Starting nightly FINS data download
[INFO] 2025-07-09 03:41:58 UTC (2025-07-08 20:41:58 PT) - API key found
[INFO] 2025-07-09 03:41:58 UTC (2025-07-08 20:41:58 PT) - Current PT time: 2025-07-08 20:41:58
[INFO] 2025-07-09 03:41:58 UTC (2025-07-08 20:41:58 PT) - Requesting ALL historical trapping data through 07/09/2025 for NPT GRSME Program only
[INFO] 2025-07-09 03:42:34 UTC (2025-07-08 20:42:34 PT) - Downloaded 19948 rows of data
[INFO] 2025-07-09 03:42:34 UTC (2025-07-08 20:42:34 PT) - Columns: Finalize, Verify, Follow-Up, Trapped Date, Is Import, Facility, Trap, Trap Is Offsite, Trapping Session Name, Target Species, Target Run, Trapping Session Comments, Fish ID, Count, Species, Run, Sex, Origin, Origin Expression, Origin Description, Origin Start Date, Origin End Date, Origin Creator, Origin Creation Date, Living Status, Length, Age Designation, Age Calculated, Age Criteria Start Length, Age Criteria End Length, Age Criteria Start Date, Age Criteria End Date, Moved To Facility, Moved To, Moved To Location Type, Moved To Is Offsite, Offsite Owner Facility, Offsite Location Latitude, Offsite Location Longitude, Offsite Location Description, Disposition, Release Site, Release Site Latitude, Release Site Longitude, Purpose, Existing Marks, Existing Marks Quantity, Applied Marks, Applied Marks Quantity, Existing Tags, Applied Tags, Existing CWT, Existing CWT Value, Applied CWT, Applied CWT Value, Existing PIT, Applied PIT, Samples, Conditions, Recap, Injected, Weight, Notes, Group Notes, Import Custom
[INFO] 2025-07-09 03:42:35 UTC (2025-07-08 20:42:35 PT) - Successfully saved file: data/TrappingData.csv - Size: 11455059 bytes
[INFO] 2025-07-09 03:42:35 UTC (2025-07-08 20:42:35 PT) - Data summary:
[INFO] 2025-07-09 03:42:35 UTC (2025-07-08 20:42:35 PT) -   Date range: 10/10/2023 to 9/9/2022
[INFO] 2025-07-09 03:42:35 UTC (2025-07-08 20:42:35 PT) -   Total records: 19948
[INFO] 2025-07-09 03:42:35 UTC (2025-07-08 20:42:35 PT) - Download completed successfully
[INFO] 2025-07-09 10:04:03 UTC (2025-07-09 10:04:03 PT) - Starting nightly FINS data download
[ERROR] 2025-07-09 10:04:03 UTC (2025-07-09 10:04:03 PT) - Download failed: FINS_API_KEY environment variable not set
[INFO] 2025-07-10 03:41:04 UTC (2025-07-09 20:41:04 PT) - Starting nightly FINS data download
[INFO] 2025-07-10 03:41:04 UTC (2025-07-09 20:41:04 PT) - API key found
[INFO] 2025-07-10 03:41:04 UTC (2025-07-09 20:41:04 PT) - Current PT time: 2025-07-09 20:41:04
[INFO] 2025-07-10 03:41:04 UTC (2025-07-09 20:41:04 PT) - Requesting ALL historical trapping data through 07/10/2025 for NPT GRSME Program only
[INFO] 2025-07-10 03:41:37 UTC (2025-07-09 20:41:37 PT) - Downloaded 19962 rows of data
[INFO] 2025-07-10 03:41:37 UTC (2025-07-09 20:41:37 PT) - Columns: Finalize, Verify, Follow-Up, Trapped Date, Is Import, Facility, Trap, Trap Is Offsite, Trapping Session Name, Target Species, Target Run, Trapping Session Comments, Fish ID, Count, Species, Run, Sex, Origin, Origin Expression, Origin Description, Origin Start Date, Origin End Date, Origin Creator, Origin Creation Date, Living Status, Length, Age Designation, Age Calculated, Age Criteria Start Length, Age Criteria End Length, Age Criteria Start Date, Age Criteria End Date, Moved To Facility, Moved To, Moved To Location Type, Moved To Is Offsite, Offsite Owner Facility, Offsite Location Latitude, Offsite Location Longitude, Offsite Location Description, Disposition, Release Site, Release Site Latitude, Release Site Longitude, Purpose, Existing Marks, Existing Marks Quantity, Applied Marks, Applied Marks Quantity, Existing Tags, Applied Tags, Existing CWT, Existing CWT Value, Applied CWT, Applied CWT Value, Existing PIT, Applied PIT, Samples, Conditions, Recap, Injected, Weight, Notes, Group Notes, Import Custom
[INFO] 2025-07-10 03:41:37 UTC (2025-07-09 20:41:37 PT) - Successfully saved file: data/TrappingData.csv - Size: 11463763 bytes
[INFO] 2025-07-10 03:41:37 UTC (2025-07-09 20:41:37 PT) - Data summary:
[INFO] 2025-07-10 03:41:37 UTC (2025-07-09 20:41:37 PT) -   Date range: 10/10/2023 to 9/9/2022
[INFO] 2025-07-10 03:41:37 UTC (2025-07-09 20:41:37 PT) -   Total records: 19962
[INFO] 2025-07-10 03:41:37 UTC (2025-07-09 20:41:37 PT) - Download completed successfully
[INFO] 2025-07-11 03:48:24 UTC (2025-07-10 20:48:24 PT) - Starting nightly FINS data download
[INFO] 2025-07-11 03:48:24 UTC (2025-07-10 20:48:24 PT) - API key found
[INFO] 2025-07-11 03:48:24 UTC (2025-07-10 20:48:24 PT) - Current PT time: 2025-07-10 20:48:24
[INFO] 2025-07-11 03:48:24 UTC (2025-07-10 20:48:24 PT) - Requesting ALL historical trapping data through 07/11/2025 for NPT GRSME Program only
[INFO] 2025-07-11 03:48:56 UTC (2025-07-10 20:48:56 PT) - Downloaded 20013 rows of data
[INFO] 2025-07-11 03:48:56 UTC (2025-07-10 20:48:56 PT) - Columns: Finalize, Verify, Follow-Up, Trapped Date, Is Import, Facility, Trap, Trap Is Offsite, Trapping Session Name, Target Species, Target Run, Trapping Session Comments, Fish ID, Count, Species, Run, Sex, Origin, Origin Expression, Origin Description, Origin Start Date, Origin End Date, Origin Creator, Origin Creation Date, Living Status, Length, Age Designation, Age Calculated, Age Criteria Start Length, Age Criteria End Length, Age Criteria Start Date, Age Criteria End Date, Moved To Facility, Moved To, Moved To Location Type, Moved To Is Offsite, Offsite Owner Facility, Offsite Location Latitude, Offsite Location Longitude, Offsite Location Description, Disposition, Release Site, Release Site Latitude, Release Site Longitude, Purpose, Existing Marks, Existing Marks Quantity, Applied Marks, Applied Marks Quantity, Existing Tags, Applied Tags, Existing CWT, Existing CWT Value, Applied CWT, Applied CWT Value, Existing PIT, Applied PIT, Samples, Conditions, Recap, Injected, Weight, Notes, Group Notes, Import Custom
[INFO] 2025-07-11 03:48:56 UTC (2025-07-10 20:48:56 PT) - Successfully saved file: data/TrappingData.csv - Size: 11494926 bytes
[INFO] 2025-07-11 03:48:56 UTC (2025-07-10 20:48:56 PT) - Data summary:
[INFO] 2025-07-11 03:48:56 UTC (2025-07-10 20:48:56 PT) -   Date range: 10/10/2023 to 9/9/2022
[INFO] 2025-07-11 03:48:56 UTC (2025-07-10 20:48:56 PT) -   Total records: 20013
[INFO] 2025-07-11 03:48:56 UTC (2025-07-10 20:48:56 PT) - Download completed successfully
[INFO] 2025-07-12 03:43:12 UTC (2025-07-11 20:43:12 PT) - Starting nightly FINS data download
[INFO] 2025-07-12 03:43:12 UTC (2025-07-11 20:43:12 PT) - API key found
[INFO] 2025-07-12 03:43:12 UTC (2025-07-11 20:43:12 PT) - Current PT time: 2025-07-11 20:43:12
[INFO] 2025-07-12 03:43:12 UTC (2025-07-11 20:43:12 PT) - Requesting ALL historical trapping data through 07/12/2025 for NPT GRSME Program only
[INFO] 2025-07-12 03:43:45 UTC (2025-07-11 20:43:45 PT) - Downloaded 20046 rows of data
[INFO] 2025-07-12 03:43:45 UTC (2025-07-11 20:43:45 PT) - Columns: Finalize, Verify, Follow-Up, Trapped Date, Is Import, Facility, Trap, Trap Is Offsite, Trapping Session Name, Target Species, Target Run, Trapping Session Comments, Fish ID, Count, Species, Run, Sex, Origin, Origin Expression, Origin Description, Origin Start Date, Origin End Date, Origin Creator, Origin Creation Date, Living Status, Length, Age Designation, Age Calculated, Age Criteria Start Length, Age Criteria End Length, Age Criteria Start Date, Age Criteria End Date, Moved To Facility, Moved To, Moved To Location Type, Moved To Is Offsite, Offsite Owner Facility, Offsite Location Latitude, Offsite Location Longitude, Offsite Location Description, Disposition, Release Site, Release Site Latitude, Release Site Longitude, Purpose, Existing Marks, Existing Marks Quantity, Applied Marks, Applied Marks Quantity, Existing Tags, Applied Tags, Existing CWT, Existing CWT Value, Applied CWT, Applied CWT Value, Existing PIT, Applied PIT, Samples, Conditions, Recap, Injected, Weight, Notes, Group Notes, Import Custom
[INFO] 2025-07-12 03:43:45 UTC (2025-07-11 20:43:45 PT) - Successfully saved file: data/TrappingData.csv - Size: 11515351 bytes
[INFO] 2025-07-12 03:43:45 UTC (2025-07-11 20:43:45 PT) - Data summary:
[INFO] 2025-07-12 03:43:45 UTC (2025-07-11 20:43:45 PT) -   Date range: 10/10/2023 to 9/9/2022
[INFO] 2025-07-12 03:43:45 UTC (2025-07-11 20:43:45 PT) -   Total records: 20046
[INFO] 2025-07-12 03:43:45 UTC (2025-07-11 20:43:45 PT) - Download completed successfully
[INFO] 2025-07-13 03:49:59 UTC (2025-07-12 20:49:59 PT) - Starting nightly FINS data download
[INFO] 2025-07-13 03:49:59 UTC (2025-07-12 20:49:59 PT) - API key found
[INFO] 2025-07-13 03:49:59 UTC (2025-07-12 20:49:59 PT) - Current PT time: 2025-07-12 20:49:59
[INFO] 2025-07-13 03:49:59 UTC (2025-07-12 20:49:59 PT) - Requesting ALL historical trapping data through 07/13/2025 for NPT GRSME Program only
[INFO] 2025-07-13 03:50:38 UTC (2025-07-12 20:50:38 PT) - Downloaded 20046 rows of data
[INFO] 2025-07-13 03:50:38 UTC (2025-07-12 20:50:38 PT) - Columns: Finalize, Verify, Follow-Up, Trapped Date, Is Import, Facility, Trap, Trap Is Offsite, Trapping Session Name, Target Species, Target Run, Trapping Session Comments, Fish ID, Count, Species, Run, Sex, Origin, Origin Expression, Origin Description, Origin Start Date, Origin End Date, Origin Creator, Origin Creation Date, Living Status, Length, Age Designation, Age Calculated, Age Criteria Start Length, Age Criteria End Length, Age Criteria Start Date, Age Criteria End Date, Moved To Facility, Moved To, Moved To Location Type, Moved To Is Offsite, Offsite Owner Facility, Offsite Location Latitude, Offsite Location Longitude, Offsite Location Description, Disposition, Release Site, Release Site Latitude, Release Site Longitude, Purpose, Existing Marks, Existing Marks Quantity, Applied Marks, Applied Marks Quantity, Existing Tags, Applied Tags, Existing CWT, Existing CWT Value, Applied CWT, Applied CWT Value, Existing PIT, Applied PIT, Samples, Conditions, Recap, Injected, Weight, Notes, Group Notes, Import Custom
[INFO] 2025-07-13 03:50:38 UTC (2025-07-12 20:50:38 PT) - Successfully saved file: data/TrappingData.csv - Size: 11515351 bytes
[INFO] 2025-07-13 03:50:38 UTC (2025-07-12 20:50:38 PT) - Data summary:
[INFO] 2025-07-13 03:50:38 UTC (2025-07-12 20:50:38 PT) -   Date range: 10/10/2023 to 9/9/2022
[INFO] 2025-07-13 03:50:38 UTC (2025-07-12 20:50:38 PT) -   Total records: 20046
[INFO] 2025-07-13 03:50:38 UTC (2025-07-12 20:50:38 PT) - Download completed successfully
[INFO] 2025-07-14 03:52:08 UTC (2025-07-13 20:52:08 PT) - Starting nightly FINS data download
[INFO] 2025-07-14 03:52:08 UTC (2025-07-13 20:52:08 PT) - API key found
[INFO] 2025-07-14 03:52:08 UTC (2025-07-13 20:52:08 PT) - Current PT time: 2025-07-13 20:52:08
[INFO] 2025-07-14 03:52:08 UTC (2025-07-13 20:52:08 PT) - Requesting ALL historical trapping data through 07/14/2025 for NPT GRSME Program only
[INFO] 2025-07-14 03:52:43 UTC (2025-07-13 20:52:43 PT) - Downloaded 20046 rows of data
[INFO] 2025-07-14 03:52:43 UTC (2025-07-13 20:52:43 PT) - Columns: Finalize, Verify, Follow-Up, Trapped Date, Is Import, Facility, Trap, Trap Is Offsite, Trapping Session Name, Target Species, Target Run, Trapping Session Comments, Fish ID, Count, Species, Run, Sex, Origin, Origin Expression, Origin Description, Origin Start Date, Origin End Date, Origin Creator, Origin Creation Date, Living Status, Length, Age Designation, Age Calculated, Age Criteria Start Length, Age Criteria End Length, Age Criteria Start Date, Age Criteria End Date, Moved To Facility, Moved To, Moved To Location Type, Moved To Is Offsite, Offsite Owner Facility, Offsite Location Latitude, Offsite Location Longitude, Offsite Location Description, Disposition, Release Site, Release Site Latitude, Release Site Longitude, Purpose, Existing Marks, Existing Marks Quantity, Applied Marks, Applied Marks Quantity, Existing Tags, Applied Tags, Existing CWT, Existing CWT Value, Applied CWT, Applied CWT Value, Existing PIT, Applied PIT, Samples, Conditions, Recap, Injected, Weight, Notes, Group Notes, Import Custom
[INFO] 2025-07-14 03:52:43 UTC (2025-07-13 20:52:43 PT) - Successfully saved file: data/TrappingData.csv - Size: 11515351 bytes
[INFO] 2025-07-14 03:52:43 UTC (2025-07-13 20:52:43 PT) - Data summary:
[INFO] 2025-07-14 03:52:43 UTC (2025-07-13 20:52:43 PT) -   Date range: 10/10/2023 to 9/9/2022
[INFO] 2025-07-14 03:52:43 UTC (2025-07-13 20:52:43 PT) -   Total records: 20046
[INFO] 2025-07-14 03:52:43 UTC (2025-07-13 20:52:43 PT) - Download completed successfully
[INFO] 2025-07-15 03:48:54 UTC (2025-07-14 20:48:54 PT) - Starting nightly FINS data download
[INFO] 2025-07-15 03:48:54 UTC (2025-07-14 20:48:54 PT) - API key found
[INFO] 2025-07-15 03:48:54 UTC (2025-07-14 20:48:54 PT) - Current PT time: 2025-07-14 20:48:54
[INFO] 2025-07-15 03:48:54 UTC (2025-07-14 20:48:54 PT) - Requesting ALL historical trapping data through 07/15/2025 for NPT GRSME Program only
[INFO] 2025-07-15 03:49:29 UTC (2025-07-14 20:49:29 PT) - Downloaded 20264 rows of data
[INFO] 2025-07-15 03:49:29 UTC (2025-07-14 20:49:29 PT) - Columns: Finalize, Verify, Follow-Up, Trapped Date, Is Import, Facility, Trap, Trap Is Offsite, Trapping Session Name, Target Species, Target Run, Trapping Session Comments, Fish ID, Count, Species, Run, Sex, Origin, Origin Expression, Origin Description, Origin Start Date, Origin End Date, Origin Creator, Origin Creation Date, Living Status, Length, Age Designation, Age Calculated, Age Criteria Start Length, Age Criteria End Length, Age Criteria Start Date, Age Criteria End Date, Moved To Facility, Moved To, Moved To Location Type, Moved To Is Offsite, Offsite Owner Facility, Offsite Location Latitude, Offsite Location Longitude, Offsite Location Description, Disposition, Release Site, Release Site Latitude, Release Site Longitude, Purpose, Existing Marks, Existing Marks Quantity, Applied Marks, Applied Marks Quantity, Existing Tags, Applied Tags, Existing CWT, Existing CWT Value, Applied CWT, Applied CWT Value, Existing PIT, Applied PIT, Samples, Conditions, Recap, Injected, Weight, Notes, Group Notes, Import Custom
[INFO] 2025-07-15 03:49:29 UTC (2025-07-14 20:49:29 PT) - Successfully saved file: data/TrappingData.csv - Size: 11648241 bytes
[INFO] 2025-07-15 03:49:29 UTC (2025-07-14 20:49:29 PT) - Data summary:
[INFO] 2025-07-15 03:49:29 UTC (2025-07-14 20:49:29 PT) -   Date range: 10/10/2023 to 9/9/2022
[INFO] 2025-07-15 03:49:29 UTC (2025-07-14 20:49:29 PT) -   Total records: 20264
[INFO] 2025-07-15 03:49:29 UTC (2025-07-14 20:49:29 PT) - Download completed successfully
[INFO] 2025-07-16 03:47:40 UTC (2025-07-15 20:47:40 PT) - Starting nightly FINS data download
[INFO] 2025-07-16 03:47:40 UTC (2025-07-15 20:47:40 PT) - API key found
[INFO] 2025-07-16 03:47:40 UTC (2025-07-15 20:47:40 PT) - Current PT time: 2025-07-15 20:47:40
[INFO] 2025-07-16 03:47:40 UTC (2025-07-15 20:47:40 PT) - Requesting ALL historical trapping data through 07/16/2025 for NPT GRSME Program only
[INFO] 2025-07-16 03:48:17 UTC (2025-07-15 20:48:17 PT) - Downloaded 20264 rows of data
[INFO] 2025-07-16 03:48:17 UTC (2025-07-15 20:48:17 PT) - Columns: Finalize, Verify, Follow-Up, Trapped Date, Is Import, Facility, Trap, Trap Is Offsite, Trapping Session Name, Target Species, Target Run, Trapping Session Comments, Fish ID, Count, Species, Run, Sex, Origin, Origin Expression, Origin Description, Origin Start Date, Origin End Date, Origin Creator, Origin Creation Date, Living Status, Length, Age Designation, Age Calculated, Age Criteria Start Length, Age Criteria End Length, Age Criteria Start Date, Age Criteria End Date, Moved To Facility, Moved To, Moved To Location Type, Moved To Is Offsite, Offsite Owner Facility, Offsite Location Latitude, Offsite Location Longitude, Offsite Location Description, Disposition, Release Site, Release Site Latitude, Release Site Longitude, Purpose, Existing Marks, Existing Marks Quantity, Applied Marks, Applied Marks Quantity, Existing Tags, Applied Tags, Existing CWT, Existing CWT Value, Applied CWT, Applied CWT Value, Existing PIT, Applied PIT, Samples, Conditions, Recap, Injected, Weight, Notes, Group Notes, Import Custom
[INFO] 2025-07-16 03:48:17 UTC (2025-07-15 20:48:17 PT) - Successfully saved file: data/TrappingData.csv - Size: 11648241 bytes
[INFO] 2025-07-16 03:48:17 UTC (2025-07-15 20:48:17 PT) - Data summary:
[INFO] 2025-07-16 03:48:17 UTC (2025-07-15 20:48:17 PT) -   Date range: 10/10/2023 to 9/9/2022
[INFO] 2025-07-16 03:48:17 UTC (2025-07-15 20:48:17 PT) -   Total records: 20264
[INFO] 2025-07-16 03:48:17 UTC (2025-07-15 20:48:17 PT) - Download completed successfully
[INFO] 2025-07-17 03:46:28 UTC (2025-07-16 20:46:28 PT) - Starting nightly FINS data download
[INFO] 2025-07-17 03:46:28 UTC (2025-07-16 20:46:28 PT) - API key found
[INFO] 2025-07-17 03:46:28 UTC (2025-07-16 20:46:28 PT) - Current PT time: 2025-07-16 20:46:28
[INFO] 2025-07-17 03:46:28 UTC (2025-07-16 20:46:28 PT) - Requesting ALL historical trapping data through 07/17/2025 for NPT GRSME Program only
[INFO] 2025-07-17 03:47:02 UTC (2025-07-16 20:47:02 PT) - Downloaded 20297 rows of data
[INFO] 2025-07-17 03:47:02 UTC (2025-07-16 20:47:02 PT) - Columns: Finalize, Verify, Follow-Up, Trapped Date, Is Import, Facility, Trap, Trap Is Offsite, Trapping Session Name, Target Species, Target Run, Trapping Session Comments, Fish ID, Count, Species, Run, Sex, Origin, Origin Expression, Origin Description, Origin Start Date, Origin End Date, Origin Creator, Origin Creation Date, Living Status, Length, Age Designation, Age Calculated, Age Criteria Start Length, Age Criteria End Length, Age Criteria Start Date, Age Criteria End Date, Moved To Facility, Moved To, Moved To Location Type, Moved To Is Offsite, Offsite Owner Facility, Offsite Location Latitude, Offsite Location Longitude, Offsite Location Description, Disposition, Release Site, Release Site Latitude, Release Site Longitude, Purpose, Existing Marks, Existing Marks Quantity, Applied Marks, Applied Marks Quantity, Existing Tags, Applied Tags, Existing CWT, Existing CWT Value, Applied CWT, Applied CWT Value, Existing PIT, Applied PIT, Samples, Conditions, Recap, Injected, Weight, Notes, Group Notes, Import Custom
[INFO] 2025-07-17 03:47:02 UTC (2025-07-16 20:47:02 PT) - Successfully saved file: data/TrappingData.csv - Size: 11668475 bytes
[INFO] 2025-07-17 03:47:02 UTC (2025-07-16 20:47:02 PT) - Data summary:
[INFO] 2025-07-17 03:47:02 UTC (2025-07-16 20:47:02 PT) -   Date range: 10/10/2023 to 9/9/2022
[INFO] 2025-07-17 03:47:02 UTC (2025-07-16 20:47:02 PT) -   Total records: 20297
[INFO] 2025-07-17 03:47:02 UTC (2025-07-16 20:47:02 PT) - Download completed successfully
[INFO] 2025-07-18 03:49:16 UTC (2025-07-17 20:49:16 PT) - Starting nightly FINS data download
[INFO] 2025-07-18 03:49:16 UTC (2025-07-17 20:49:16 PT) - API key found
[INFO] 2025-07-18 03:49:16 UTC (2025-07-17 20:49:16 PT) - Current PT time: 2025-07-17 20:49:16
[INFO] 2025-07-18 03:49:16 UTC (2025-07-17 20:49:16 PT) - Requesting ALL historical trapping data through 07/18/2025 for NPT GRSME Program only
[INFO] 2025-07-18 03:50:26 UTC (2025-07-17 20:50:26 PT) - Downloaded 20306 rows of data
[INFO] 2025-07-18 03:50:26 UTC (2025-07-17 20:50:26 PT) - Columns: Finalize, Verify, Follow-Up, Trapped Date, Is Import, Facility, Trap, Trap Is Offsite, Trapping Session Name, Target Species, Target Run, Trapping Session Comments, Fish ID, Count, Species, Run, Sex, Origin, Origin Expression, Origin Description, Origin Start Date, Origin End Date, Origin Creator, Origin Creation Date, Living Status, Length, Age Designation, Age Calculated, Age Criteria Start Length, Age Criteria End Length, Age Criteria Start Date, Age Criteria End Date, Moved To Facility, Moved To, Moved To Location Type, Moved To Is Offsite, Offsite Owner Facility, Offsite Location Latitude, Offsite Location Longitude, Offsite Location Description, Disposition, Release Site, Release Site Latitude, Release Site Longitude, Purpose, Existing Marks, Existing Marks Quantity, Applied Marks, Applied Marks Quantity, Existing Tags, Applied Tags, Existing CWT, Existing CWT Value, Applied CWT, Applied CWT Value, Existing PIT, Applied PIT, Samples, Conditions, Recap, Injected, Weight, Notes, Group Notes, Import Custom
[INFO] 2025-07-18 03:50:26 UTC (2025-07-17 20:50:26 PT) - Successfully saved file: data/TrappingData.csv - Size: 11674231 bytes
[INFO] 2025-07-18 03:50:26 UTC (2025-07-17 20:50:26 PT) - Data summary:
[INFO] 2025-07-18 03:50:26 UTC (2025-07-17 20:50:26 PT) -   Date range: 10/10/2023 to 9/9/2022
[INFO] 2025-07-18 03:50:26 UTC (2025-07-17 20:50:26 PT) -   Total records: 20306
[INFO] 2025-07-18 03:50:26 UTC (2025-07-17 20:50:26 PT) - Download completed successfully
[INFO] 2025-07-19 03:43:33 UTC (2025-07-18 20:43:33 PT) - Starting nightly FINS data download
[INFO] 2025-07-19 03:43:33 UTC (2025-07-18 20:43:33 PT) - API key found
[INFO] 2025-07-19 03:43:33 UTC (2025-07-18 20:43:33 PT) - Current PT time: 2025-07-18 20:43:33
[INFO] 2025-07-19 03:43:33 UTC (2025-07-18 20:43:33 PT) - Requesting ALL historical trapping data through 07/19/2025 for NPT GRSME Program only
[INFO] 2025-07-19 03:44:07 UTC (2025-07-18 20:44:07 PT) - Downloaded 20311 rows of data
[INFO] 2025-07-19 03:44:07 UTC (2025-07-18 20:44:07 PT) - Columns: Finalize, Verify, Follow-Up, Trapped Date, Is Import, Facility, Trap, Trap Is Offsite, Trapping Session Name, Target Species, Target Run, Trapping Session Comments, Fish ID, Count, Species, Run, Sex, Origin, Origin Expression, Origin Description, Origin Start Date, Origin End Date, Origin Creator, Origin Creation Date, Living Status, Length, Age Designation, Age Calculated, Age Criteria Start Length, Age Criteria End Length, Age Criteria Start Date, Age Criteria End Date, Moved To Facility, Moved To, Moved To Location Type, Moved To Is Offsite, Offsite Owner Facility, Offsite Location Latitude, Offsite Location Longitude, Offsite Location Description, Disposition, Release Site, Release Site Latitude, Release Site Longitude, Purpose, Existing Marks, Existing Marks Quantity, Applied Marks, Applied Marks Quantity, Existing Tags, Applied Tags, Existing CWT, Existing CWT Value, Applied CWT, Applied CWT Value, Existing PIT, Applied PIT, Samples, Conditions, Recap, Injected, Weight, Notes, Group Notes, Import Custom
[INFO] 2025-07-19 03:44:08 UTC (2025-07-18 20:44:08 PT) - Successfully saved file: data/TrappingData.csv - Size: 11677399 bytes
[INFO] 2025-07-19 03:44:08 UTC (2025-07-18 20:44:08 PT) - Data summary:
[INFO] 2025-07-19 03:44:08 UTC (2025-07-18 20:44:08 PT) -   Date range: 10/10/2023 to 9/9/2022
[INFO] 2025-07-19 03:44:08 UTC (2025-07-18 20:44:08 PT) -   Total records: 20311
[INFO] 2025-07-19 03:44:08 UTC (2025-07-18 20:44:08 PT) - Download completed successfully
[INFO] 2025-07-20 03:55:42 UTC (2025-07-19 20:55:42 PT) - Starting nightly FINS data download
[INFO] 2025-07-20 03:55:42 UTC (2025-07-19 20:55:42 PT) - API key found
[INFO] 2025-07-20 03:55:42 UTC (2025-07-19 20:55:42 PT) - Current PT time: 2025-07-19 20:55:42
[INFO] 2025-07-20 03:55:42 UTC (2025-07-19 20:55:42 PT) - Requesting ALL historical trapping data through 07/20/2025 for NPT GRSME Program only
[INFO] 2025-07-20 03:56:18 UTC (2025-07-19 20:56:18 PT) - Downloaded 20311 rows of data
[INFO] 2025-07-20 03:56:18 UTC (2025-07-19 20:56:18 PT) - Columns: Finalize, Verify, Follow-Up, Trapped Date, Is Import, Facility, Trap, Trap Is Offsite, Trapping Session Name, Target Species, Target Run, Trapping Session Comments, Fish ID, Count, Species, Run, Sex, Origin, Origin Expression, Origin Description, Origin Start Date, Origin End Date, Origin Creator, Origin Creation Date, Living Status, Length, Age Designation, Age Calculated, Age Criteria Start Length, Age Criteria End Length, Age Criteria Start Date, Age Criteria End Date, Moved To Facility, Moved To, Moved To Location Type, Moved To Is Offsite, Offsite Owner Facility, Offsite Location Latitude, Offsite Location Longitude, Offsite Location Description, Disposition, Release Site, Release Site Latitude, Release Site Longitude, Purpose, Existing Marks, Existing Marks Quantity, Applied Marks, Applied Marks Quantity, Existing Tags, Applied Tags, Existing CWT, Existing CWT Value, Applied CWT, Applied CWT Value, Existing PIT, Applied PIT, Samples, Conditions, Recap, Injected, Weight, Notes, Group Notes, Import Custom
[INFO] 2025-07-20 03:56:18 UTC (2025-07-19 20:56:18 PT) - Successfully saved file: data/TrappingData.csv - Size: 11677333 bytes
[INFO] 2025-07-20 03:56:18 UTC (2025-07-19 20:56:18 PT) - Data summary:
[INFO] 2025-07-20 03:56:18 UTC (2025-07-19 20:56:18 PT) -   Date range: 10/10/2023 to 9/9/2022
[INFO] 2025-07-20 03:56:18 UTC (2025-07-19 20:56:18 PT) -   Total records: 20311
[INFO] 2025-07-20 03:56:18 UTC (2025-07-19 20:56:18 PT) - Download completed successfully
[INFO] 2025-07-21 03:57:17 UTC (2025-07-20 20:57:17 PT) - Starting nightly FINS data download
[INFO] 2025-07-21 03:57:17 UTC (2025-07-20 20:57:17 PT) - API key found
[INFO] 2025-07-21 03:57:17 UTC (2025-07-20 20:57:17 PT) - Current PT time: 2025-07-20 20:57:17
[INFO] 2025-07-21 03:57:17 UTC (2025-07-20 20:57:17 PT) - Requesting ALL historical trapping data through 07/21/2025 for NPT GRSME Program only
[INFO] 2025-07-21 03:57:52 UTC (2025-07-20 20:57:52 PT) - Downloaded 20311 rows of data
[INFO] 2025-07-21 03:57:52 UTC (2025-07-20 20:57:52 PT) - Columns: Finalize, Verify, Follow-Up, Trapped Date, Is Import, Facility, Trap, Trap Is Offsite, Trapping Session Name, Target Species, Target Run, Trapping Session Comments, Fish ID, Count, Species, Run, Sex, Origin, Origin Expression, Origin Description, Origin Start Date, Origin End Date, Origin Creator, Origin Creation Date, Living Status, Length, Age Designation, Age Calculated, Age Criteria Start Length, Age Criteria End Length, Age Criteria Start Date, Age Criteria End Date, Moved To Facility, Moved To, Moved To Location Type, Moved To Is Offsite, Offsite Owner Facility, Offsite Location Latitude, Offsite Location Longitude, Offsite Location Description, Disposition, Release Site, Release Site Latitude, Release Site Longitude, Purpose, Existing Marks, Existing Marks Quantity, Applied Marks, Applied Marks Quantity, Existing Tags, Applied Tags, Existing CWT, Existing CWT Value, Applied CWT, Applied CWT Value, Existing PIT, Applied PIT, Samples, Conditions, Recap, Injected, Weight, Notes, Group Notes, Import Custom
[INFO] 2025-07-21 03:57:52 UTC (2025-07-20 20:57:52 PT) - Successfully saved file: data/TrappingData.csv - Size: 11677399 bytes
[INFO] 2025-07-21 03:57:52 UTC (2025-07-20 20:57:52 PT) - Data summary:
[INFO] 2025-07-21 03:57:52 UTC (2025-07-20 20:57:52 PT) -   Date range: 10/10/2023 to 9/9/2022
[INFO] 2025-07-21 03:57:52 UTC (2025-07-20 20:57:52 PT) -   Total records: 20311
[INFO] 2025-07-21 03:57:52 UTC (2025-07-20 20:57:52 PT) - Download completed successfully
[INFO] 2025-07-22 03:49:20 UTC (2025-07-21 20:49:20 PT) - Starting nightly FINS data download
[INFO] 2025-07-22 03:49:20 UTC (2025-07-21 20:49:20 PT) - API key found
[INFO] 2025-07-22 03:49:20 UTC (2025-07-21 20:49:20 PT) - Current PT time: 2025-07-21 20:49:20
[INFO] 2025-07-22 03:49:20 UTC (2025-07-21 20:49:20 PT) - Requesting ALL historical trapping data through 07/22/2025 for NPT GRSME Program only
[INFO] 2025-07-22 03:49:51 UTC (2025-07-21 20:49:51 PT) - Downloaded 20317 rows of data
[INFO] 2025-07-22 03:49:51 UTC (2025-07-21 20:49:51 PT) - Columns: Finalize, Verify, Follow-Up, Trapped Date, Is Import, Facility, Trap, Trap Is Offsite, Trapping Session Name, Target Species, Target Run, Trapping Session Comments, Fish ID, Count, Species, Run, Sex, Origin, Origin Expression, Origin Description, Origin Start Date, Origin End Date, Origin Creator, Origin Creation Date, Living Status, Length, Age Designation, Age Calculated, Age Criteria Start Length, Age Criteria End Length, Age Criteria Start Date, Age Criteria End Date, Moved To Facility, Moved To, Moved To Location Type, Moved To Is Offsite, Offsite Owner Facility, Offsite Location Latitude, Offsite Location Longitude, Offsite Location Description, Disposition, Release Site, Release Site Latitude, Release Site Longitude, Purpose, Existing Marks, Existing Marks Quantity, Applied Marks, Applied Marks Quantity, Existing Tags, Applied Tags, Existing CWT, Existing CWT Value, Applied CWT, Applied CWT Value, Existing PIT, Applied PIT, Samples, Conditions, Recap, Injected, Weight, Notes, Group Notes, Import Custom
[INFO] 2025-07-22 03:49:51 UTC (2025-07-21 20:49:51 PT) - Successfully saved file: data/TrappingData.csv - Size: 11681061 bytes
[INFO] 2025-07-22 03:49:51 UTC (2025-07-21 20:49:51 PT) - Data summary:
[INFO] 2025-07-22 03:49:51 UTC (2025-07-21 20:49:51 PT) -   Date range: 10/10/2023 to 9/9/2022
[INFO] 2025-07-22 03:49:51 UTC (2025-07-21 20:49:51 PT) -   Total records: 20317
[INFO] 2025-07-22 03:49:51 UTC (2025-07-21 20:49:51 PT) - Download completed successfully
[INFO] 2025-07-23 03:50:18 UTC (2025-07-22 20:50:18 PT) - Starting nightly FINS data download
[INFO] 2025-07-23 03:50:18 UTC (2025-07-22 20:50:18 PT) - API key found
[INFO] 2025-07-23 03:50:18 UTC (2025-07-22 20:50:18 PT) - Current PT time: 2025-07-22 20:50:18
[INFO] 2025-07-23 03:50:18 UTC (2025-07-22 20:50:18 PT) - Requesting ALL historical trapping data through 07/23/2025 for NPT GRSME Program only
[INFO] 2025-07-23 03:50:52 UTC (2025-07-22 20:50:52 PT) - Downloaded 20319 rows of data
[INFO] 2025-07-23 03:50:52 UTC (2025-07-22 20:50:52 PT) - Columns: Finalize, Verify, Follow-Up, Trapped Date, Is Import, Facility, Trap, Trap Is Offsite, Trapping Session Name, Target Species, Target Run, Trapping Session Comments, Fish ID, Count, Species, Run, Sex, Origin, Origin Expression, Origin Description, Origin Start Date, Origin End Date, Origin Creator, Origin Creation Date, Living Status, Length, Age Designation, Age Calculated, Age Criteria Start Length, Age Criteria End Length, Age Criteria Start Date, Age Criteria End Date, Moved To Facility, Moved To, Moved To Location Type, Moved To Is Offsite, Offsite Owner Facility, Offsite Location Latitude, Offsite Location Longitude, Offsite Location Description, Disposition, Release Site, Release Site Latitude, Release Site Longitude, Purpose, Existing Marks, Existing Marks Quantity, Applied Marks, Applied Marks Quantity, Existing Tags, Applied Tags, Existing CWT, Existing CWT Value, Applied CWT, Applied CWT Value, Existing PIT, Applied PIT, Samples, Conditions, Recap, Injected, Weight, Notes, Group Notes, Import Custom
[INFO] 2025-07-23 03:50:52 UTC (2025-07-22 20:50:52 PT) - Successfully saved file: data/TrappingData.csv - Size: 11682303 bytes
[INFO] 2025-07-23 03:50:52 UTC (2025-07-22 20:50:52 PT) - Data summary:
[INFO] 2025-07-23 03:50:52 UTC (2025-07-22 20:50:52 PT) -   Date range: 10/10/2023 to 9/9/2022
[INFO] 2025-07-23 03:50:52 UTC (2025-07-22 20:50:52 PT) -   Total records: 20319
[INFO] 2025-07-23 03:50:52 UTC (2025-07-22 20:50:52 PT) - Download completed successfully
[INFO] 2025-07-24 03:48:40 UTC (2025-07-23 20:48:40 PT) - Starting nightly FINS data download
[INFO] 2025-07-24 03:48:40 UTC (2025-07-23 20:48:40 PT) - API key found
[INFO] 2025-07-24 03:48:40 UTC (2025-07-23 20:48:40 PT) - Current PT time: 2025-07-23 20:48:40
[INFO] 2025-07-24 03:48:40 UTC (2025-07-23 20:48:40 PT) - Requesting ALL historical trapping data through 07/24/2025 for NPT GRSME Program only
[INFO] 2025-07-24 03:49:15 UTC (2025-07-23 20:49:15 PT) - Downloaded 20321 rows of data
[INFO] 2025-07-24 03:49:15 UTC (2025-07-23 20:49:15 PT) - Columns: Finalize, Verify, Follow-Up, Trapped Date, Is Import, Facility, Trap, Trap Is Offsite, Trapping Session Name, Target Species, Target Run, Trapping Session Comments, Fish ID, Count, Species, Run, Sex, Origin, Origin Expression, Origin Description, Origin Start Date, Origin End Date, Origin Creator, Origin Creation Date, Living Status, Length, Age Designation, Age Calculated, Age Criteria Start Length, Age Criteria End Length, Age Criteria Start Date, Age Criteria End Date, Moved To Facility, Moved To, Moved To Location Type, Moved To Is Offsite, Offsite Owner Facility, Offsite Location Latitude, Offsite Location Longitude, Offsite Location Description, Disposition, Release Site, Release Site Latitude, Release Site Longitude, Purpose, Existing Marks, Existing Marks Quantity, Applied Marks, Applied Marks Quantity, Existing Tags, Applied Tags, Existing CWT, Existing CWT Value, Applied CWT, Applied CWT Value, Existing PIT, Applied PIT, Samples, Conditions, Recap, Injected, Weight, Notes, Group Notes, Import Custom
[INFO] 2025-07-24 03:49:15 UTC (2025-07-23 20:49:15 PT) - Successfully saved file: data/TrappingData.csv - Size: 11683579 bytes
[INFO] 2025-07-24 03:49:15 UTC (2025-07-23 20:49:15 PT) - Data summary:
[INFO] 2025-07-24 03:49:15 UTC (2025-07-23 20:49:15 PT) -   Date range: 10/10/2023 to 9/9/2022
[INFO] 2025-07-24 03:49:15 UTC (2025-07-23 20:49:15 PT) -   Total records: 20321
[INFO] 2025-07-24 03:49:15 UTC (2025-07-23 20:49:15 PT) - Download completed successfully
[INFO] 2025-07-25 03:49:06 UTC (2025-07-24 20:49:06 PT) - Starting nightly FINS data download
[INFO] 2025-07-25 03:49:06 UTC (2025-07-24 20:49:06 PT) - API key found
[INFO] 2025-07-25 03:49:06 UTC (2025-07-24 20:49:06 PT) - Current PT time: 2025-07-24 20:49:06
[INFO] 2025-07-25 03:49:06 UTC (2025-07-24 20:49:06 PT) - Requesting ALL historical trapping data through 07/25/2025 for NPT GRSME Program only
[INFO] 2025-07-25 03:49:36 UTC (2025-07-24 20:49:36 PT) - Downloaded 20324 rows of data
[INFO] 2025-07-25 03:49:36 UTC (2025-07-24 20:49:36 PT) - Columns: Finalize, Verify, Follow-Up, Trapped Date, Is Import, Facility, Trap, Trap Is Offsite, Trapping Session Name, Target Species, Target Run, Trapping Session Comments, Fish ID, Count, Species, Run, Sex, Origin, Origin Expression, Origin Description, Origin Start Date, Origin End Date, Origin Creator, Origin Creation Date, Living Status, Length, Age Designation, Age Calculated, Age Criteria Start Length, Age Criteria End Length, Age Criteria Start Date, Age Criteria End Date, Moved To Facility, Moved To, Moved To Location Type, Moved To Is Offsite, Offsite Owner Facility, Offsite Location Latitude, Offsite Location Longitude, Offsite Location Description, Disposition, Release Site, Release Site Latitude, Release Site Longitude, Purpose, Existing Marks, Existing Marks Quantity, Applied Marks, Applied Marks Quantity, Existing Tags, Applied Tags, Existing CWT, Existing CWT Value, Applied CWT, Applied CWT Value, Existing PIT, Applied PIT, Samples, Conditions, Recap, Injected, Weight, Notes, Group Notes, Import Custom
[INFO] 2025-07-25 03:49:36 UTC (2025-07-24 20:49:36 PT) - Successfully saved file: data/TrappingData.csv - Size: 11685444 bytes
[INFO] 2025-07-25 03:49:36 UTC (2025-07-24 20:49:36 PT) - Data summary:
[INFO] 2025-07-25 03:49:36 UTC (2025-07-24 20:49:36 PT) -   Date range: 10/10/2023 to 9/9/2022
[INFO] 2025-07-25 03:49:36 UTC (2025-07-24 20:49:36 PT) -   Total records: 20324
[INFO] 2025-07-25 03:49:36 UTC (2025-07-24 20:49:36 PT) - Download completed successfully
[INFO] 2025-07-26 03:46:17 UTC (2025-07-25 20:46:17 PT) - Starting nightly FINS data download
[INFO] 2025-07-26 03:46:17 UTC (2025-07-25 20:46:17 PT) - API key found
[INFO] 2025-07-26 03:46:17 UTC (2025-07-25 20:46:17 PT) - Current PT time: 2025-07-25 20:46:17
[INFO] 2025-07-26 03:46:17 UTC (2025-07-25 20:46:17 PT) - Requesting ALL historical trapping data through 07/26/2025 for NPT GRSME Program only
[INFO] 2025-07-26 03:46:51 UTC (2025-07-25 20:46:51 PT) - Downloaded 20324 rows of data
[INFO] 2025-07-26 03:46:51 UTC (2025-07-25 20:46:51 PT) - Columns: Finalize, Verify, Follow-Up, Trapped Date, Is Import, Facility, Trap, Trap Is Offsite, Trapping Session Name, Target Species, Target Run, Trapping Session Comments, Fish ID, Count, Species, Run, Sex, Origin, Origin Expression, Origin Description, Origin Start Date, Origin End Date, Origin Creator, Origin Creation Date, Living Status, Length, Age Designation, Age Calculated, Age Criteria Start Length, Age Criteria End Length, Age Criteria Start Date, Age Criteria End Date, Moved To Facility, Moved To, Moved To Location Type, Moved To Is Offsite, Offsite Owner Facility, Offsite Location Latitude, Offsite Location Longitude, Offsite Location Description, Disposition, Release Site, Release Site Latitude, Release Site Longitude, Purpose, Existing Marks, Existing Marks Quantity, Applied Marks, Applied Marks Quantity, Existing Tags, Applied Tags, Existing CWT, Existing CWT Value, Applied CWT, Applied CWT Value, Existing PIT, Applied PIT, Samples, Conditions, Recap, Injected, Weight, Notes, Group Notes, Import Custom
[INFO] 2025-07-26 03:46:51 UTC (2025-07-25 20:46:51 PT) - Successfully saved file: data/TrappingData.csv - Size: 11685444 bytes
[INFO] 2025-07-26 03:46:51 UTC (2025-07-25 20:46:51 PT) - Data summary:
[INFO] 2025-07-26 03:46:51 UTC (2025-07-25 20:46:51 PT) -   Date range: 10/10/2023 to 9/9/2022
[INFO] 2025-07-26 03:46:51 UTC (2025-07-25 20:46:51 PT) -   Total records: 20324
[INFO] 2025-07-26 03:46:51 UTC (2025-07-25 20:46:51 PT) - Download completed successfully
[INFO] 2025-07-27 03:57:22 UTC (2025-07-26 20:57:22 PT) - Starting nightly FINS data download
[INFO] 2025-07-27 03:57:22 UTC (2025-07-26 20:57:22 PT) - API key found
[INFO] 2025-07-27 03:57:22 UTC (2025-07-26 20:57:22 PT) - Current PT time: 2025-07-26 20:57:22
[INFO] 2025-07-27 03:57:22 UTC (2025-07-26 20:57:22 PT) - Requesting ALL historical trapping data through 07/27/2025 for NPT GRSME Program only
[INFO] 2025-07-27 03:57:54 UTC (2025-07-26 20:57:54 PT) - Downloaded 20324 rows of data
[INFO] 2025-07-27 03:57:54 UTC (2025-07-26 20:57:54 PT) - Columns: Finalize, Verify, Follow-Up, Trapped Date, Is Import, Facility, Trap, Trap Is Offsite, Trapping Session Name, Target Species, Target Run, Trapping Session Comments, Fish ID, Count, Species, Run, Sex, Origin, Origin Expression, Origin Description, Origin Start Date, Origin End Date, Origin Creator, Origin Creation Date, Living Status, Length, Age Designation, Age Calculated, Age Criteria Start Length, Age Criteria End Length, Age Criteria Start Date, Age Criteria End Date, Moved To Facility, Moved To, Moved To Location Type, Moved To Is Offsite, Offsite Owner Facility, Offsite Location Latitude, Offsite Location Longitude, Offsite Location Description, Disposition, Release Site, Release Site Latitude, Release Site Longitude, Purpose, Existing Marks, Existing Marks Quantity, Applied Marks, Applied Marks Quantity, Existing Tags, Applied Tags, Existing CWT, Existing CWT Value, Applied CWT, Applied CWT Value, Existing PIT, Applied PIT, Samples, Conditions, Recap, Injected, Weight, Notes, Group Notes, Import Custom
[INFO] 2025-07-27 03:57:54 UTC (2025-07-26 20:57:54 PT) - Successfully saved file: data/TrappingData.csv - Size: 11685444 bytes
[INFO] 2025-07-27 03:57:54 UTC (2025-07-26 20:57:54 PT) - Data summary:
[INFO] 2025-07-27 03:57:54 UTC (2025-07-26 20:57:54 PT) -   Date range: 10/10/2023 to 9/9/2022
[INFO] 2025-07-27 03:57:54 UTC (2025-07-26 20:57:54 PT) -   Total records: 20324
[INFO] 2025-07-27 03:57:54 UTC (2025-07-26 20:57:54 PT) - Download completed successfully
[INFO] 2025-07-28 03:57:01 UTC (2025-07-27 20:57:01 PT) - Starting nightly FINS data download
[INFO] 2025-07-28 03:57:01 UTC (2025-07-27 20:57:01 PT) - API key found
[INFO] 2025-07-28 03:57:01 UTC (2025-07-27 20:57:01 PT) - Current PT time: 2025-07-27 20:57:01
[INFO] 2025-07-28 03:57:01 UTC (2025-07-27 20:57:01 PT) - Requesting ALL historical trapping data through 07/28/2025 for NPT GRSME Program only
[INFO] 2025-07-28 03:57:33 UTC (2025-07-27 20:57:33 PT) - Downloaded 20324 rows of data
[INFO] 2025-07-28 03:57:33 UTC (2025-07-27 20:57:33 PT) - Columns: Finalize, Verify, Follow-Up, Trapped Date, Is Import, Facility, Trap, Trap Is Offsite, Trapping Session Name, Target Species, Target Run, Trapping Session Comments, Fish ID, Count, Species, Run, Sex, Origin, Origin Expression, Origin Description, Origin Start Date, Origin End Date, Origin Creator, Origin Creation Date, Living Status, Length, Age Designation, Age Calculated, Age Criteria Start Length, Age Criteria End Length, Age Criteria Start Date, Age Criteria End Date, Moved To Facility, Moved To, Moved To Location Type, Moved To Is Offsite, Offsite Owner Facility, Offsite Location Latitude, Offsite Location Longitude, Offsite Location Description, Disposition, Release Site, Release Site Latitude, Release Site Longitude, Purpose, Existing Marks, Existing Marks Quantity, Applied Marks, Applied Marks Quantity, Existing Tags, Applied Tags, Existing CWT, Existing CWT Value, Applied CWT, Applied CWT Value, Existing PIT, Applied PIT, Samples, Conditions, Recap, Injected, Weight, Notes, Group Notes, Import Custom
[INFO] 2025-07-28 03:57:33 UTC (2025-07-27 20:57:33 PT) - Successfully saved file: data/TrappingData.csv - Size: 11685444 bytes
[INFO] 2025-07-28 03:57:33 UTC (2025-07-27 20:57:33 PT) - Data summary:
[INFO] 2025-07-28 03:57:33 UTC (2025-07-27 20:57:33 PT) -   Date range: 10/10/2023 to 9/9/2022
[INFO] 2025-07-28 03:57:33 UTC (2025-07-27 20:57:33 PT) -   Total records: 20324
[INFO] 2025-07-28 03:57:33 UTC (2025-07-27 20:57:33 PT) - Download completed successfully
[INFO] 2025-07-29 03:58:57 UTC (2025-07-28 20:58:57 PT) - Starting nightly FINS data download
[INFO] 2025-07-29 03:58:57 UTC (2025-07-28 20:58:57 PT) - API key found
[INFO] 2025-07-29 03:58:57 UTC (2025-07-28 20:58:57 PT) - Current PT time: 2025-07-28 20:58:57
[INFO] 2025-07-29 03:58:57 UTC (2025-07-28 20:58:57 PT) - Requesting ALL historical trapping data through 07/29/2025 for NPT GRSME Program only
[INFO] 2025-07-29 03:59:29 UTC (2025-07-28 20:59:29 PT) - Downloaded 20328 rows of data
[INFO] 2025-07-29 03:59:29 UTC (2025-07-28 20:59:29 PT) - Columns: Finalize, Verify, Follow-Up, Trapped Date, Is Import, Facility, Trap, Trap Is Offsite, Trapping Session Name, Target Species, Target Run, Trapping Session Comments, Fish ID, Count, Species, Run, Sex, Origin, Origin Expression, Origin Description, Origin Start Date, Origin End Date, Origin Creator, Origin Creation Date, Living Status, Length, Age Designation, Age Calculated, Age Criteria Start Length, Age Criteria End Length, Age Criteria Start Date, Age Criteria End Date, Moved To Facility, Moved To, Moved To Location Type, Moved To Is Offsite, Offsite Owner Facility, Offsite Location Latitude, Offsite Location Longitude, Offsite Location Description, Disposition, Release Site, Release Site Latitude, Release Site Longitude, Purpose, Existing Marks, Existing Marks Quantity, Applied Marks, Applied Marks Quantity, Existing Tags, Applied Tags, Existing CWT, Existing CWT Value, Applied CWT, Applied CWT Value, Existing PIT, Applied PIT, Samples, Conditions, Recap, Injected, Weight, Notes, Group Notes, Import Custom
[INFO] 2025-07-29 03:59:29 UTC (2025-07-28 20:59:29 PT) - Successfully saved file: data/TrappingData.csv - Size: 11687856 bytes
[INFO] 2025-07-29 03:59:29 UTC (2025-07-28 20:59:29 PT) - Data summary:
[INFO] 2025-07-29 03:59:29 UTC (2025-07-28 20:59:29 PT) -   Date range: 10/10/2023 to 9/9/2022
[INFO] 2025-07-29 03:59:29 UTC (2025-07-28 20:59:29 PT) -   Total records: 20328
[INFO] 2025-07-29 03:59:29 UTC (2025-07-28 20:59:29 PT) - Download completed successfully
[INFO] 2025-07-30 03:53:38 UTC (2025-07-29 20:53:38 PT) - Starting nightly FINS data download
[INFO] 2025-07-30 03:53:38 UTC (2025-07-29 20:53:38 PT) - API key found
[INFO] 2025-07-30 03:53:38 UTC (2025-07-29 20:53:38 PT) - Current PT time: 2025-07-29 20:53:38
[INFO] 2025-07-30 03:53:38 UTC (2025-07-29 20:53:38 PT) - Requesting ALL historical trapping data through 07/30/2025 for NPT GRSME Program only
[INFO] 2025-07-30 03:54:07 UTC (2025-07-29 20:54:07 PT) - Downloaded 20349 rows of data
[INFO] 2025-07-30 03:54:07 UTC (2025-07-29 20:54:07 PT) - Columns: Finalize, Verify, Follow-Up, Trapped Date, Is Import, Facility, Trap, Trap Is Offsite, Trapping Session Name, Target Species, Target Run, Trapping Session Comments, Fish ID, Count, Species, Run, Sex, Origin, Origin Expression, Origin Description, Origin Start Date, Origin End Date, Origin Creator, Origin Creation Date, Living Status, Length, Age Designation, Age Calculated, Age Criteria Start Length, Age Criteria End Length, Age Criteria Start Date, Age Criteria End Date, Moved To Facility, Moved To, Moved To Location Type, Moved To Is Offsite, Offsite Owner Facility, Offsite Location Latitude, Offsite Location Longitude, Offsite Location Description, Disposition, Release Site, Release Site Latitude, Release Site Longitude, Purpose, Existing Marks, Existing Marks Quantity, Applied Marks, Applied Marks Quantity, Existing Tags, Applied Tags, Existing CWT, Existing CWT Value, Applied CWT, Applied CWT Value, Existing PIT, Applied PIT, Samples, Conditions, Recap, Injected, Weight, Notes, Group Notes, Import Custom
[INFO] 2025-07-30 03:54:07 UTC (2025-07-29 20:54:07 PT) - Successfully saved file: data/TrappingData.csv - Size: 11700094 bytes
[INFO] 2025-07-30 03:54:07 UTC (2025-07-29 20:54:07 PT) - Data summary:
[INFO] 2025-07-30 03:54:07 UTC (2025-07-29 20:54:07 PT) -   Date range: 10/10/2023 to 9/9/2022
[INFO] 2025-07-30 03:54:07 UTC (2025-07-29 20:54:07 PT) -   Total records: 20349
[INFO] 2025-07-30 03:54:07 UTC (2025-07-29 20:54:07 PT) - Download completed successfully
[INFO] 2025-07-31 03:53:27 UTC (2025-07-30 20:53:27 PT) - Starting nightly FINS data download
[INFO] 2025-07-31 03:53:27 UTC (2025-07-30 20:53:27 PT) - API key found
[INFO] 2025-07-31 03:53:27 UTC (2025-07-30 20:53:27 PT) - Current PT time: 2025-07-30 20:53:27
[INFO] 2025-07-31 03:53:27 UTC (2025-07-30 20:53:27 PT) - Requesting ALL historical trapping data through 07/31/2025 for NPT GRSME Program only
[INFO] 2025-07-31 03:53:59 UTC (2025-07-30 20:53:59 PT) - Downloaded 20349 rows of data
[INFO] 2025-07-31 03:53:59 UTC (2025-07-30 20:53:59 PT) - Columns: Finalize, Verify, Follow-Up, Trapped Date, Is Import, Facility, Trap, Trap Is Offsite, Trapping Session Name, Target Species, Target Run, Trapping Session Comments, Fish ID, Count, Species, Run, Sex, Origin, Origin Expression, Origin Description, Origin Start Date, Origin End Date, Origin Creator, Origin Creation Date, Living Status, Length, Age Designation, Age Calculated, Age Criteria Start Length, Age Criteria End Length, Age Criteria Start Date, Age Criteria End Date, Moved To Facility, Moved To, Moved To Location Type, Moved To Is Offsite, Offsite Owner Facility, Offsite Location Latitude, Offsite Location Longitude, Offsite Location Description, Disposition, Release Site, Release Site Latitude, Release Site Longitude, Purpose, Existing Marks, Existing Marks Quantity, Applied Marks, Applied Marks Quantity, Existing Tags, Applied Tags, Existing CWT, Existing CWT Value, Applied CWT, Applied CWT Value, Existing PIT, Applied PIT, Samples, Conditions, Recap, Injected, Weight, Notes, Group Notes, Import Custom
[INFO] 2025-07-31 03:53:59 UTC (2025-07-30 20:53:59 PT) - Successfully saved file: data/TrappingData.csv - Size: 11700020 bytes
[INFO] 2025-07-31 03:53:59 UTC (2025-07-30 20:53:59 PT) - Data summary:
[INFO] 2025-07-31 03:53:59 UTC (2025-07-30 20:53:59 PT) -   Date range: 10/10/2023 to 9/9/2022
[INFO] 2025-07-31 03:53:59 UTC (2025-07-30 20:53:59 PT) -   Total records: 20349
[INFO] 2025-07-31 03:53:59 UTC (2025-07-30 20:53:59 PT) - Download completed successfully
[INFO] 2025-08-01 04:07:27 UTC (2025-07-31 21:07:27 PT) - Starting nightly FINS data download
[INFO] 2025-08-01 04:07:27 UTC (2025-07-31 21:07:27 PT) - API key found
[INFO] 2025-08-01 04:07:27 UTC (2025-07-31 21:07:27 PT) - Current PT time: 2025-07-31 21:07:27
[INFO] 2025-08-01 04:07:27 UTC (2025-07-31 21:07:27 PT) - Requesting ALL historical trapping data through 08/01/2025 for NPT GRSME Program only
[INFO] 2025-08-01 04:08:01 UTC (2025-07-31 21:08:01 PT) - Downloaded 20354 rows of data
[INFO] 2025-08-01 04:08:01 UTC (2025-07-31 21:08:01 PT) - Columns: Finalize, Verify, Follow-Up, Trapped Date, Is Import, Facility, Trap, Trap Is Offsite, Trapping Session Name, Target Species, Target Run, Trapping Session Comments, Fish ID, Count, Species, Run, Sex, Origin, Origin Expression, Origin Description, Origin Start Date, Origin End Date, Origin Creator, Origin Creation Date, Living Status, Length, Age Designation, Age Calculated, Age Criteria Start Length, Age Criteria End Length, Age Criteria Start Date, Age Criteria End Date, Moved To Facility, Moved To, Moved To Location Type, Moved To Is Offsite, Offsite Owner Facility, Offsite Location Latitude, Offsite Location Longitude, Offsite Location Description, Disposition, Release Site, Release Site Latitude, Release Site Longitude, Purpose, Existing Marks, Existing Marks Quantity, Applied Marks, Applied Marks Quantity, Existing Tags, Applied Tags, Existing CWT, Existing CWT Value, Applied CWT, Applied CWT Value, Existing PIT, Applied PIT, Samples, Conditions, Recap, Injected, Weight, Notes, Group Notes, Import Custom
[INFO] 2025-08-01 04:08:01 UTC (2025-07-31 21:08:01 PT) - Successfully saved file: data/TrappingData.csv - Size: 11703269 bytes
[INFO] 2025-08-01 04:08:01 UTC (2025-07-31 21:08:01 PT) - Data summary:
[INFO] 2025-08-01 04:08:01 UTC (2025-07-31 21:08:01 PT) -   Date range: 10/10/2023 to 9/9/2022
[INFO] 2025-08-01 04:08:01 UTC (2025-07-31 21:08:01 PT) -   Total records: 20354
[INFO] 2025-08-01 04:08:01 UTC (2025-07-31 21:08:01 PT) - Download completed successfully
[INFO] 2025-08-02 03:45:47 UTC (2025-08-01 20:45:47 PT) - Starting nightly FINS data download
[INFO] 2025-08-02 03:45:47 UTC (2025-08-01 20:45:47 PT) - API key found
[INFO] 2025-08-02 03:45:47 UTC (2025-08-01 20:45:47 PT) - Current PT time: 2025-08-01 20:45:47
[INFO] 2025-08-02 03:45:47 UTC (2025-08-01 20:45:47 PT) - Requesting ALL historical trapping data through 08/02/2025 for NPT GRSME Program only
[INFO] 2025-08-02 03:46:17 UTC (2025-08-01 20:46:17 PT) - Downloaded 20361 rows of data
[INFO] 2025-08-02 03:46:17 UTC (2025-08-01 20:46:17 PT) - Columns: Finalize, Verify, Follow-Up, Trapped Date, Is Import, Facility, Trap, Trap Is Offsite, Trapping Session Name, Target Species, Target Run, Trapping Session Comments, Fish ID, Count, Species, Run, Sex, Origin, Origin Expression, Origin Description, Origin Start Date, Origin End Date, Origin Creator, Origin Creation Date, Living Status, Length, Age Designation, Age Calculated, Age Criteria Start Length, Age Criteria End Length, Age Criteria Start Date, Age Criteria End Date, Moved To Facility, Moved To, Moved To Location Type, Moved To Is Offsite, Offsite Owner Facility, Offsite Location Latitude, Offsite Location Longitude, Offsite Location Description, Disposition, Release Site, Release Site Latitude, Release Site Longitude, Purpose, Existing Marks, Existing Marks Quantity, Applied Marks, Applied Marks Quantity, Existing Tags, Applied Tags, Existing CWT, Existing CWT Value, Applied CWT, Applied CWT Value, Existing PIT, Applied PIT, Samples, Conditions, Recap, Injected, Weight, Notes, Group Notes, Import Custom
[INFO] 2025-08-02 03:46:18 UTC (2025-08-01 20:46:18 PT) - Successfully saved file: data/TrappingData.csv - Size: 11707362 bytes
[INFO] 2025-08-02 03:46:18 UTC (2025-08-01 20:46:18 PT) - Data summary:
[INFO] 2025-08-02 03:46:18 UTC (2025-08-01 20:46:18 PT) -   Date range: 10/10/2023 to 9/9/2022
[INFO] 2025-08-02 03:46:18 UTC (2025-08-01 20:46:18 PT) -   Total records: 20361
[INFO] 2025-08-02 03:46:18 UTC (2025-08-01 20:46:18 PT) - Download completed successfully
[INFO] 2025-08-03 04:00:47 UTC (2025-08-02 21:00:47 PT) - Starting nightly FINS data download
[INFO] 2025-08-03 04:00:47 UTC (2025-08-02 21:00:47 PT) - API key found
[INFO] 2025-08-03 04:00:47 UTC (2025-08-02 21:00:47 PT) - Current PT time: 2025-08-02 21:00:47
[INFO] 2025-08-03 04:00:47 UTC (2025-08-02 21:00:47 PT) - Requesting ALL historical trapping data through 08/03/2025 for NPT GRSME Program only
[INFO] 2025-08-03 04:01:20 UTC (2025-08-02 21:01:20 PT) - Downloaded 20361 rows of data
[INFO] 2025-08-03 04:01:20 UTC (2025-08-02 21:01:20 PT) - Columns: Finalize, Verify, Follow-Up, Trapped Date, Is Import, Facility, Trap, Trap Is Offsite, Trapping Session Name, Target Species, Target Run, Trapping Session Comments, Fish ID, Count, Species, Run, Sex, Origin, Origin Expression, Origin Description, Origin Start Date, Origin End Date, Origin Creator, Origin Creation Date, Living Status, Length, Age Designation, Age Calculated, Age Criteria Start Length, Age Criteria End Length, Age Criteria Start Date, Age Criteria End Date, Moved To Facility, Moved To, Moved To Location Type, Moved To Is Offsite, Offsite Owner Facility, Offsite Location Latitude, Offsite Location Longitude, Offsite Location Description, Disposition, Release Site, Release Site Latitude, Release Site Longitude, Purpose, Existing Marks, Existing Marks Quantity, Applied Marks, Applied Marks Quantity, Existing Tags, Applied Tags, Existing CWT, Existing CWT Value, Applied CWT, Applied CWT Value, Existing PIT, Applied PIT, Samples, Conditions, Recap, Injected, Weight, Notes, Group Notes, Import Custom
[INFO] 2025-08-03 04:01:20 UTC (2025-08-02 21:01:20 PT) - Successfully saved file: data/TrappingData.csv - Size: 11707362 bytes
[INFO] 2025-08-03 04:01:20 UTC (2025-08-02 21:01:20 PT) - Data summary:
[INFO] 2025-08-03 04:01:20 UTC (2025-08-02 21:01:20 PT) -   Date range: 10/10/2023 to 9/9/2022
[INFO] 2025-08-03 04:01:20 UTC (2025-08-02 21:01:20 PT) -   Total records: 20361
[INFO] 2025-08-03 04:01:20 UTC (2025-08-02 21:01:20 PT) - Download completed successfully
[INFO] 2025-08-04 04:07:01 UTC (2025-08-03 21:07:01 PT) - Starting nightly FINS data download
[INFO] 2025-08-04 04:07:01 UTC (2025-08-03 21:07:01 PT) - API key found
[INFO] 2025-08-04 04:07:01 UTC (2025-08-03 21:07:01 PT) - Current PT time: 2025-08-03 21:07:01
[INFO] 2025-08-04 04:07:01 UTC (2025-08-03 21:07:01 PT) - Requesting ALL historical trapping data through 08/04/2025 for NPT GRSME Program only
[INFO] 2025-08-04 04:07:35 UTC (2025-08-03 21:07:35 PT) - Downloaded 20361 rows of data
[INFO] 2025-08-04 04:07:35 UTC (2025-08-03 21:07:35 PT) - Columns: Finalize, Verify, Follow-Up, Trapped Date, Is Import, Facility, Trap, Trap Is Offsite, Trapping Session Name, Target Species, Target Run, Trapping Session Comments, Fish ID, Count, Species, Run, Sex, Origin, Origin Expression, Origin Description, Origin Start Date, Origin End Date, Origin Creator, Origin Creation Date, Living Status, Length, Age Designation, Age Calculated, Age Criteria Start Length, Age Criteria End Length, Age Criteria Start Date, Age Criteria End Date, Moved To Facility, Moved To, Moved To Location Type, Moved To Is Offsite, Offsite Owner Facility, Offsite Location Latitude, Offsite Location Longitude, Offsite Location Description, Disposition, Release Site, Release Site Latitude, Release Site Longitude, Purpose, Existing Marks, Existing Marks Quantity, Applied Marks, Applied Marks Quantity, Existing Tags, Applied Tags, Existing CWT, Existing CWT Value, Applied CWT, Applied CWT Value, Existing PIT, Applied PIT, Samples, Conditions, Recap, Injected, Weight, Notes, Group Notes, Import Custom
[INFO] 2025-08-04 04:07:35 UTC (2025-08-03 21:07:35 PT) - Successfully saved file: data/TrappingData.csv - Size: 11707362 bytes
[INFO] 2025-08-04 04:07:35 UTC (2025-08-03 21:07:35 PT) - Data summary:
[INFO] 2025-08-04 04:07:35 UTC (2025-08-03 21:07:35 PT) -   Date range: 10/10/2023 to 9/9/2022
[INFO] 2025-08-04 04:07:35 UTC (2025-08-03 21:07:35 PT) -   Total records: 20361
[INFO] 2025-08-04 04:07:35 UTC (2025-08-03 21:07:35 PT) - Download completed successfully
[INFO] 2025-08-05 03:57:17 UTC (2025-08-04 20:57:17 PT) - Starting nightly FINS data download
[INFO] 2025-08-05 03:57:17 UTC (2025-08-04 20:57:17 PT) - API key found
[INFO] 2025-08-05 03:57:17 UTC (2025-08-04 20:57:17 PT) - Current PT time: 2025-08-04 20:57:17
[INFO] 2025-08-05 03:57:17 UTC (2025-08-04 20:57:17 PT) - Requesting ALL historical trapping data through 08/05/2025 for NPT GRSME Program only
[INFO] 2025-08-05 03:57:49 UTC (2025-08-04 20:57:49 PT) - Downloaded 20369 rows of data
[INFO] 2025-08-05 03:57:49 UTC (2025-08-04 20:57:49 PT) - Columns: Finalize, Verify, Follow-Up, Trapped Date, Is Import, Facility, Trap, Trap Is Offsite, Trapping Session Name, Target Species, Target Run, Trapping Session Comments, Fish ID, Count, Species, Run, Sex, Origin, Origin Expression, Origin Description, Origin Start Date, Origin End Date, Origin Creator, Origin Creation Date, Living Status, Length, Age Designation, Age Calculated, Age Criteria Start Length, Age Criteria End Length, Age Criteria Start Date, Age Criteria End Date, Moved To Facility, Moved To, Moved To Location Type, Moved To Is Offsite, Offsite Owner Facility, Offsite Location Latitude, Offsite Location Longitude, Offsite Location Description, Disposition, Release Site, Release Site Latitude, Release Site Longitude, Purpose, Existing Marks, Existing Marks Quantity, Applied Marks, Applied Marks Quantity, Existing Tags, Applied Tags, Existing CWT, Existing CWT Value, Applied CWT, Applied CWT Value, Existing PIT, Applied PIT, Samples, Conditions, Recap, Injected, Weight, Notes, Group Notes, Import Custom
[INFO] 2025-08-05 03:57:49 UTC (2025-08-04 20:57:49 PT) - Successfully saved file: data/TrappingData.csv - Size: 11712195 bytes
[INFO] 2025-08-05 03:57:49 UTC (2025-08-04 20:57:49 PT) - Data summary:
[INFO] 2025-08-05 03:57:49 UTC (2025-08-04 20:57:49 PT) -   Date range: 10/10/2023 to 9/9/2022
[INFO] 2025-08-05 03:57:49 UTC (2025-08-04 20:57:49 PT) -   Total records: 20369
[INFO] 2025-08-05 03:57:49 UTC (2025-08-04 20:57:49 PT) - Download completed successfully
[INFO] 2025-08-06 03:54:32 UTC (2025-08-05 20:54:32 PT) - Starting nightly FINS data download
[INFO] 2025-08-06 03:54:32 UTC (2025-08-05 20:54:32 PT) - API key found
[INFO] 2025-08-06 03:54:32 UTC (2025-08-05 20:54:32 PT) - Current PT time: 2025-08-05 20:54:32
[INFO] 2025-08-06 03:54:32 UTC (2025-08-05 20:54:32 PT) - Requesting ALL historical trapping data through 08/06/2025 for NPT GRSME Program only
[INFO] 2025-08-06 03:55:08 UTC (2025-08-05 20:55:08 PT) - Downloaded 20371 rows of data
[INFO] 2025-08-06 03:55:08 UTC (2025-08-05 20:55:08 PT) - Columns: Finalize, Verify, Follow-Up, Trapped Date, Is Import, Facility, Trap, Trap Is Offsite, Trapping Session Name, Target Species, Target Run, Trapping Session Comments, Fish ID, Count, Species, Run, Sex, Origin, Origin Expression, Origin Description, Origin Start Date, Origin End Date, Origin Creator, Origin Creation Date, Living Status, Length, Age Designation, Age Calculated, Age Criteria Start Length, Age Criteria End Length, Age Criteria Start Date, Age Criteria End Date, Moved To Facility, Moved To, Moved To Location Type, Moved To Is Offsite, Offsite Owner Facility, Offsite Location Latitude, Offsite Location Longitude, Offsite Location Description, Disposition, Release Site, Release Site Latitude, Release Site Longitude, Purpose, Existing Marks, Existing Marks Quantity, Applied Marks, Applied Marks Quantity, Existing Tags, Applied Tags, Existing CWT, Existing CWT Value, Applied CWT, Applied CWT Value, Existing PIT, Applied PIT, Samples, Conditions, Recap, Injected, Weight, Notes, Group Notes, Import Custom
[INFO] 2025-08-06 03:55:08 UTC (2025-08-05 20:55:08 PT) - Successfully saved file: data/TrappingData.csv - Size: 11713435 bytes
[INFO] 2025-08-06 03:55:08 UTC (2025-08-05 20:55:08 PT) - Data summary:
[INFO] 2025-08-06 03:55:08 UTC (2025-08-05 20:55:08 PT) -   Date range: 10/10/2023 to 9/9/2022
[INFO] 2025-08-06 03:55:08 UTC (2025-08-05 20:55:08 PT) -   Total records: 20371
[INFO] 2025-08-06 03:55:08 UTC (2025-08-05 20:55:08 PT) - Download completed successfully
[INFO] 2025-08-07 03:55:15 UTC (2025-08-06 20:55:15 PT) - Starting nightly FINS data download
[INFO] 2025-08-07 03:55:15 UTC (2025-08-06 20:55:15 PT) - API key found
[INFO] 2025-08-07 03:55:15 UTC (2025-08-06 20:55:15 PT) - Current PT time: 2025-08-06 20:55:15
[INFO] 2025-08-07 03:55:15 UTC (2025-08-06 20:55:15 PT) - Requesting ALL historical trapping data through 08/07/2025 for NPT GRSME Program only
[INFO] 2025-08-07 03:55:47 UTC (2025-08-06 20:55:47 PT) - Downloaded 20372 rows of data
[INFO] 2025-08-07 03:55:47 UTC (2025-08-06 20:55:47 PT) - Columns: Finalize, Verify, Follow-Up, Trapped Date, Is Import, Facility, Trap, Trap Is Offsite, Trapping Session Name, Target Species, Target Run, Trapping Session Comments, Fish ID, Count, Species, Run, Sex, Origin, Origin Expression, Origin Description, Origin Start Date, Origin End Date, Origin Creator, Origin Creation Date, Living Status, Length, Age Designation, Age Calculated, Age Criteria Start Length, Age Criteria End Length, Age Criteria Start Date, Age Criteria End Date, Moved To Facility, Moved To, Moved To Location Type, Moved To Is Offsite, Offsite Owner Facility, Offsite Location Latitude, Offsite Location Longitude, Offsite Location Description, Disposition, Release Site, Release Site Latitude, Release Site Longitude, Purpose, Existing Marks, Existing Marks Quantity, Applied Marks, Applied Marks Quantity, Existing Tags, Applied Tags, Existing CWT, Existing CWT Value, Applied CWT, Applied CWT Value, Existing PIT, Applied PIT, Samples, Conditions, Recap, Injected, Weight, Notes, Group Notes, Import Custom
[INFO] 2025-08-07 03:55:47 UTC (2025-08-06 20:55:47 PT) - Successfully saved file: data/TrappingData.csv - Size: 11714018 bytes
[INFO] 2025-08-07 03:55:47 UTC (2025-08-06 20:55:47 PT) - Data summary:
[INFO] 2025-08-07 03:55:47 UTC (2025-08-06 20:55:47 PT) -   Date range: 10/10/2023 to 9/9/2022
[INFO] 2025-08-07 03:55:47 UTC (2025-08-06 20:55:47 PT) -   Total records: 20372
[INFO] 2025-08-07 03:55:47 UTC (2025-08-06 20:55:47 PT) - Download completed successfully
[INFO] 2025-08-08 03:53:52 UTC (2025-08-07 20:53:52 PT) - Starting nightly FINS data download
[INFO] 2025-08-08 03:53:52 UTC (2025-08-07 20:53:52 PT) - API key found
[INFO] 2025-08-08 03:53:52 UTC (2025-08-07 20:53:52 PT) - Current PT time: 2025-08-07 20:53:52
[INFO] 2025-08-08 03:53:52 UTC (2025-08-07 20:53:52 PT) - Requesting ALL historical trapping data through 08/08/2025 for NPT GRSME Program only
[INFO] 2025-08-08 03:54:26 UTC (2025-08-07 20:54:26 PT) - Downloaded 20373 rows of data
[INFO] 2025-08-08 03:54:26 UTC (2025-08-07 20:54:26 PT) - Columns: Finalize, Verify, Follow-Up, Trapped Date, Is Import, Facility, Trap, Trap Is Offsite, Trapping Session Name, Target Species, Target Run, Trapping Session Comments, Fish ID, Count, Species, Run, Sex, Origin, Origin Expression, Origin Description, Origin Start Date, Origin End Date, Origin Creator, Origin Creation Date, Living Status, Length, Age Designation, Age Calculated, Age Criteria Start Length, Age Criteria End Length, Age Criteria Start Date, Age Criteria End Date, Moved To Facility, Moved To, Moved To Location Type, Moved To Is Offsite, Offsite Owner Facility, Offsite Location Latitude, Offsite Location Longitude, Offsite Location Description, Disposition, Release Site, Release Site Latitude, Release Site Longitude, Purpose, Existing Marks, Existing Marks Quantity, Applied Marks, Applied Marks Quantity, Existing Tags, Applied Tags, Existing CWT, Existing CWT Value, Applied CWT, Applied CWT Value, Existing PIT, Applied PIT, Samples, Conditions, Recap, Injected, Weight, Notes, Group Notes, Import Custom
[INFO] 2025-08-08 03:54:26 UTC (2025-08-07 20:54:26 PT) - Successfully saved file: data/TrappingData.csv - Size: 11714647 bytes
[INFO] 2025-08-08 03:54:26 UTC (2025-08-07 20:54:26 PT) - Data summary:
[INFO] 2025-08-08 03:54:26 UTC (2025-08-07 20:54:26 PT) -   Date range: 10/10/2023 to 9/9/2022
[INFO] 2025-08-08 03:54:26 UTC (2025-08-07 20:54:26 PT) -   Total records: 20373
[INFO] 2025-08-08 03:54:26 UTC (2025-08-07 20:54:26 PT) - Download completed successfully
[INFO] 2025-08-09 03:39:08 UTC (2025-08-08 20:39:08 PT) - Starting nightly FINS data download
[INFO] 2025-08-09 03:39:08 UTC (2025-08-08 20:39:08 PT) - API key found
[INFO] 2025-08-09 03:39:08 UTC (2025-08-08 20:39:08 PT) - Current PT time: 2025-08-08 20:39:08
[INFO] 2025-08-09 03:39:08 UTC (2025-08-08 20:39:08 PT) - Requesting ALL historical trapping data through 08/09/2025 for NPT GRSME Program only
[INFO] 2025-08-09 03:39:37 UTC (2025-08-08 20:39:37 PT) - Downloaded 20373 rows of data
[INFO] 2025-08-09 03:39:37 UTC (2025-08-08 20:39:37 PT) - Columns: Finalize, Verify, Follow-Up, Trapped Date, Is Import, Facility, Trap, Trap Is Offsite, Trapping Session Name, Target Species, Target Run, Trapping Session Comments, Fish ID, Count, Species, Run, Sex, Origin, Origin Expression, Origin Description, Origin Start Date, Origin End Date, Origin Creator, Origin Creation Date, Living Status, Length, Age Designation, Age Calculated, Age Criteria Start Length, Age Criteria End Length, Age Criteria Start Date, Age Criteria End Date, Moved To Facility, Moved To, Moved To Location Type, Moved To Is Offsite, Offsite Owner Facility, Offsite Location Latitude, Offsite Location Longitude, Offsite Location Description, Disposition, Release Site, Release Site Latitude, Release Site Longitude, Purpose, Existing Marks, Existing Marks Quantity, Applied Marks, Applied Marks Quantity, Existing Tags, Applied Tags, Existing CWT, Existing CWT Value, Applied CWT, Applied CWT Value, Existing PIT, Applied PIT, Samples, Conditions, Recap, Injected, Weight, Notes, Group Notes, Import Custom
[INFO] 2025-08-09 03:39:37 UTC (2025-08-08 20:39:37 PT) - Successfully saved file: data/TrappingData.csv - Size: 11714647 bytes
[INFO] 2025-08-09 03:39:37 UTC (2025-08-08 20:39:37 PT) - Data summary:
[INFO] 2025-08-09 03:39:37 UTC (2025-08-08 20:39:37 PT) -   Date range: 10/10/2023 to 9/9/2022
[INFO] 2025-08-09 03:39:37 UTC (2025-08-08 20:39:37 PT) -   Total records: 20373
[INFO] 2025-08-09 03:39:37 UTC (2025-08-08 20:39:37 PT) - Download completed successfully
[INFO] 2025-08-10 03:53:27 UTC (2025-08-09 20:53:27 PT) - Starting nightly FINS data download
[INFO] 2025-08-10 03:53:27 UTC (2025-08-09 20:53:27 PT) - API key found
[INFO] 2025-08-10 03:53:27 UTC (2025-08-09 20:53:27 PT) - Current PT time: 2025-08-09 20:53:27
[INFO] 2025-08-10 03:53:27 UTC (2025-08-09 20:53:27 PT) - Requesting ALL historical trapping data through 08/10/2025 for NPT GRSME Program only
[INFO] 2025-08-10 03:53:59 UTC (2025-08-09 20:53:59 PT) - Downloaded 20373 rows of data
[INFO] 2025-08-10 03:53:59 UTC (2025-08-09 20:53:59 PT) - Columns: Finalize, Verify, Follow-Up, Trapped Date, Is Import, Facility, Trap, Trap Is Offsite, Trapping Session Name, Target Species, Target Run, Trapping Session Comments, Fish ID, Count, Species, Run, Sex, Origin, Origin Expression, Origin Description, Origin Start Date, Origin End Date, Origin Creator, Origin Creation Date, Living Status, Length, Age Designation, Age Calculated, Age Criteria Start Length, Age Criteria End Length, Age Criteria Start Date, Age Criteria End Date, Moved To Facility, Moved To, Moved To Location Type, Moved To Is Offsite, Offsite Owner Facility, Offsite Location Latitude, Offsite Location Longitude, Offsite Location Description, Disposition, Release Site, Release Site Latitude, Release Site Longitude, Purpose, Existing Marks, Existing Marks Quantity, Applied Marks, Applied Marks Quantity, Existing Tags, Applied Tags, Existing CWT, Existing CWT Value, Applied CWT, Applied CWT Value, Existing PIT, Applied PIT, Samples, Conditions, Recap, Injected, Weight, Notes, Group Notes, Import Custom
[INFO] 2025-08-10 03:53:59 UTC (2025-08-09 20:53:59 PT) - Successfully saved file: data/TrappingData.csv - Size: 11714647 bytes
[INFO] 2025-08-10 03:53:59 UTC (2025-08-09 20:53:59 PT) - Data summary:
[INFO] 2025-08-10 03:53:59 UTC (2025-08-09 20:53:59 PT) -   Date range: 10/10/2023 to 9/9/2022
[INFO] 2025-08-10 03:53:59 UTC (2025-08-09 20:53:59 PT) -   Total records: 20373
[INFO] 2025-08-10 03:53:59 UTC (2025-08-09 20:53:59 PT) - Download completed successfully
[INFO] 2025-08-11 03:54:27 UTC (2025-08-10 20:54:27 PT) - Starting nightly FINS data download
[INFO] 2025-08-11 03:54:27 UTC (2025-08-10 20:54:27 PT) - API key found
[INFO] 2025-08-11 03:54:27 UTC (2025-08-10 20:54:27 PT) - Current PT time: 2025-08-10 20:54:27
[INFO] 2025-08-11 03:54:27 UTC (2025-08-10 20:54:27 PT) - Requesting ALL historical trapping data through 08/11/2025 for NPT GRSME Program only
[INFO] 2025-08-11 03:54:59 UTC (2025-08-10 20:54:59 PT) - Downloaded 20373 rows of data
[INFO] 2025-08-11 03:54:59 UTC (2025-08-10 20:54:59 PT) - Columns: Finalize, Verify, Follow-Up, Trapped Date, Is Import, Facility, Trap, Trap Is Offsite, Trapping Session Name, Target Species, Target Run, Trapping Session Comments, Fish ID, Count, Species, Run, Sex, Origin, Origin Expression, Origin Description, Origin Start Date, Origin End Date, Origin Creator, Origin Creation Date, Living Status, Length, Age Designation, Age Calculated, Age Criteria Start Length, Age Criteria End Length, Age Criteria Start Date, Age Criteria End Date, Moved To Facility, Moved To, Moved To Location Type, Moved To Is Offsite, Offsite Owner Facility, Offsite Location Latitude, Offsite Location Longitude, Offsite Location Description, Disposition, Release Site, Release Site Latitude, Release Site Longitude, Purpose, Existing Marks, Existing Marks Quantity, Applied Marks, Applied Marks Quantity, Existing Tags, Applied Tags, Existing CWT, Existing CWT Value, Applied CWT, Applied CWT Value, Existing PIT, Applied PIT, Samples, Conditions, Recap, Injected, Weight, Notes, Group Notes, Import Custom
[INFO] 2025-08-11 03:54:59 UTC (2025-08-10 20:54:59 PT) - Successfully saved file: data/TrappingData.csv - Size: 11714647 bytes
[INFO] 2025-08-11 03:54:59 UTC (2025-08-10 20:54:59 PT) - Data summary:
[INFO] 2025-08-11 03:54:59 UTC (2025-08-10 20:54:59 PT) -   Date range: 10/10/2023 to 9/9/2022
[INFO] 2025-08-11 03:54:59 UTC (2025-08-10 20:54:59 PT) -   Total records: 20373
[INFO] 2025-08-11 03:54:59 UTC (2025-08-10 20:54:59 PT) - Download completed successfully
[INFO] 2025-08-12 03:36:41 UTC (2025-08-11 20:36:41 PT) - Starting nightly FINS data download
[INFO] 2025-08-12 03:36:41 UTC (2025-08-11 20:36:41 PT) - API key found
[INFO] 2025-08-12 03:36:41 UTC (2025-08-11 20:36:41 PT) - Current PT time: 2025-08-11 20:36:41
[INFO] 2025-08-12 03:36:41 UTC (2025-08-11 20:36:41 PT) - Requesting ALL historical trapping data through 08/12/2025 for NPT GRSME Program only
[INFO] 2025-08-12 03:37:21 UTC (2025-08-11 20:37:21 PT) - Downloaded 20378 rows of data
[INFO] 2025-08-12 03:37:21 UTC (2025-08-11 20:37:21 PT) - Columns: Finalize, Verify, Follow-Up, Trapped Date, Is Import, Facility, Trap, Trap Is Offsite, Trapping Session Name, Target Species, Target Run, Trapping Session Comments, Fish ID, Count, Species, Run, Sex, Origin, Origin Expression, Origin Description, Origin Start Date, Origin End Date, Origin Creator, Origin Creation Date, Living Status, Length, Age Designation, Age Calculated, Age Criteria Start Length, Age Criteria End Length, Age Criteria Start Date, Age Criteria End Date, Moved To Facility, Moved To, Moved To Location Type, Moved To Is Offsite, Offsite Owner Facility, Offsite Location Latitude, Offsite Location Longitude, Offsite Location Description, Disposition, Release Site, Release Site Latitude, Release Site Longitude, Purpose, Existing Marks, Existing Marks Quantity, Applied Marks, Applied Marks Quantity, Existing Tags, Applied Tags, Existing CWT, Existing CWT Value, Applied CWT, Applied CWT Value, Existing PIT, Applied PIT, Samples, Conditions, Recap, Injected, Weight, Notes, Group Notes, Import Custom
[INFO] 2025-08-12 03:37:21 UTC (2025-08-11 20:37:21 PT) - Successfully saved file: data/TrappingData.csv - Size: 11717729 bytes
[INFO] 2025-08-12 03:37:21 UTC (2025-08-11 20:37:21 PT) - Data summary:
[INFO] 2025-08-12 03:37:21 UTC (2025-08-11 20:37:21 PT) -   Date range: 10/10/2023 to 9/9/2022
[INFO] 2025-08-12 03:37:21 UTC (2025-08-11 20:37:21 PT) -   Total records: 20378
[INFO] 2025-08-12 03:37:21 UTC (2025-08-11 20:37:21 PT) - Download completed successfully
[INFO] 2025-08-13 03:38:46 UTC (2025-08-12 20:38:46 PT) - Starting nightly FINS data download
[INFO] 2025-08-13 03:38:46 UTC (2025-08-12 20:38:46 PT) - API key found
[INFO] 2025-08-13 03:38:46 UTC (2025-08-12 20:38:46 PT) - Current PT time: 2025-08-12 20:38:46
[INFO] 2025-08-13 03:38:46 UTC (2025-08-12 20:38:46 PT) - Requesting ALL historical trapping data through 08/13/2025 for NPT GRSME Program only
[INFO] 2025-08-13 03:39:20 UTC (2025-08-12 20:39:20 PT) - Downloaded 20381 rows of data
[INFO] 2025-08-13 03:39:20 UTC (2025-08-12 20:39:20 PT) - Columns: Finalize, Verify, Follow-Up, Trapped Date, Is Import, Facility, Trap, Trap Is Offsite, Trapping Session Name, Target Species, Target Run, Trapping Session Comments, Fish ID, Count, Species, Run, Sex, Origin, Origin Expression, Origin Description, Origin Start Date, Origin End Date, Origin Creator, Origin Creation Date, Living Status, Length, Age Designation, Age Calculated, Age Criteria Start Length, Age Criteria End Length, Age Criteria Start Date, Age Criteria End Date, Moved To Facility, Moved To, Moved To Location Type, Moved To Is Offsite, Offsite Owner Facility, Offsite Location Latitude, Offsite Location Longitude, Offsite Location Description, Disposition, Release Site, Release Site Latitude, Release Site Longitude, Purpose, Existing Marks, Existing Marks Quantity, Applied Marks, Applied Marks Quantity, Existing Tags, Applied Tags, Existing CWT, Existing CWT Value, Applied CWT, Applied CWT Value, Existing PIT, Applied PIT, Samples, Conditions, Recap, Injected, Weight, Notes, Group Notes, Import Custom
[INFO] 2025-08-13 03:39:20 UTC (2025-08-12 20:39:20 PT) - Successfully saved file: data/TrappingData.csv - Size: 11719521 bytes
[INFO] 2025-08-13 03:39:20 UTC (2025-08-12 20:39:20 PT) - Data summary:
[INFO] 2025-08-13 03:39:20 UTC (2025-08-12 20:39:20 PT) -   Date range: 10/10/2023 to 9/9/2022
[INFO] 2025-08-13 03:39:20 UTC (2025-08-12 20:39:20 PT) -   Total records: 20381
[INFO] 2025-08-13 03:39:20 UTC (2025-08-12 20:39:20 PT) - Download completed successfully
[INFO] 2025-08-14 03:40:29 UTC (2025-08-13 20:40:29 PT) - Starting nightly FINS data download
[INFO] 2025-08-14 03:40:29 UTC (2025-08-13 20:40:29 PT) - API key found
[INFO] 2025-08-14 03:40:29 UTC (2025-08-13 20:40:29 PT) - Current PT time: 2025-08-13 20:40:29
[INFO] 2025-08-14 03:40:29 UTC (2025-08-13 20:40:29 PT) - Requesting ALL historical trapping data through 08/14/2025 for NPT GRSME Program only
[INFO] 2025-08-14 03:41:02 UTC (2025-08-13 20:41:02 PT) - Downloaded 20382 rows of data
[INFO] 2025-08-14 03:41:02 UTC (2025-08-13 20:41:02 PT) - Columns: Finalize, Verify, Follow-Up, Trapped Date, Is Import, Facility, Trap, Trap Is Offsite, Trapping Session Name, Target Species, Target Run, Trapping Session Comments, Fish ID, Count, Species, Run, Sex, Origin, Origin Expression, Origin Description, Origin Start Date, Origin End Date, Origin Creator, Origin Creation Date, Living Status, Length, Age Designation, Age Calculated, Age Criteria Start Length, Age Criteria End Length, Age Criteria Start Date, Age Criteria End Date, Moved To Facility, Moved To, Moved To Location Type, Moved To Is Offsite, Offsite Owner Facility, Offsite Location Latitude, Offsite Location Longitude, Offsite Location Description, Disposition, Release Site, Release Site Latitude, Release Site Longitude, Purpose, Existing Marks, Existing Marks Quantity, Applied Marks, Applied Marks Quantity, Existing Tags, Applied Tags, Existing CWT, Existing CWT Value, Applied CWT, Applied CWT Value, Existing PIT, Applied PIT, Samples, Conditions, Recap, Injected, Weight, Notes, Group Notes, Import Custom
[INFO] 2025-08-14 03:41:02 UTC (2025-08-13 20:41:02 PT) - Successfully saved file: data/TrappingData.csv - Size: 11720088 bytes
[INFO] 2025-08-14 03:41:02 UTC (2025-08-13 20:41:02 PT) - Data summary:
[INFO] 2025-08-14 03:41:02 UTC (2025-08-13 20:41:02 PT) -   Date range: 10/10/2023 to 9/9/2022
[INFO] 2025-08-14 03:41:02 UTC (2025-08-13 20:41:02 PT) -   Total records: 20382
[INFO] 2025-08-14 03:41:02 UTC (2025-08-13 20:41:02 PT) - Download completed successfully
[INFO] 2025-08-15 03:40:55 UTC (2025-08-14 20:40:55 PT) - Starting nightly FINS data download
[INFO] 2025-08-15 03:40:55 UTC (2025-08-14 20:40:55 PT) - API key found
[INFO] 2025-08-15 03:40:55 UTC (2025-08-14 20:40:55 PT) - Current PT time: 2025-08-14 20:40:55
[INFO] 2025-08-15 03:40:55 UTC (2025-08-14 20:40:55 PT) - Requesting ALL historical trapping data through 08/15/2025 for NPT GRSME Program only
[INFO] 2025-08-15 03:41:28 UTC (2025-08-14 20:41:28 PT) - Downloaded 20382 rows of data
[INFO] 2025-08-15 03:41:28 UTC (2025-08-14 20:41:28 PT) - Columns: Finalize, Verify, Follow-Up, Trapped Date, Is Import, Facility, Trap, Trap Is Offsite, Trapping Session Name, Target Species, Target Run, Trapping Session Comments, Fish ID, Count, Species, Run, Sex, Origin, Origin Expression, Origin Description, Origin Start Date, Origin End Date, Origin Creator, Origin Creation Date, Living Status, Length, Age Designation, Age Calculated, Age Criteria Start Length, Age Criteria End Length, Age Criteria Start Date, Age Criteria End Date, Moved To Facility, Moved To, Moved To Location Type, Moved To Is Offsite, Offsite Owner Facility, Offsite Location Latitude, Offsite Location Longitude, Offsite Location Description, Disposition, Release Site, Release Site Latitude, Release Site Longitude, Purpose, Existing Marks, Existing Marks Quantity, Applied Marks, Applied Marks Quantity, Existing Tags, Applied Tags, Existing CWT, Existing CWT Value, Applied CWT, Applied CWT Value, Existing PIT, Applied PIT, Samples, Conditions, Recap, Injected, Weight, Notes, Group Notes, Import Custom
[INFO] 2025-08-15 03:41:28 UTC (2025-08-14 20:41:28 PT) - Successfully saved file: data/TrappingData.csv - Size: 11720153 bytes
[INFO] 2025-08-15 03:41:28 UTC (2025-08-14 20:41:28 PT) - Data summary:
[INFO] 2025-08-15 03:41:28 UTC (2025-08-14 20:41:28 PT) -   Date range: 10/10/2023 to 9/9/2022
[INFO] 2025-08-15 03:41:28 UTC (2025-08-14 20:41:28 PT) -   Total records: 20382
[INFO] 2025-08-15 03:41:28 UTC (2025-08-14 20:41:28 PT) - Download completed successfully
[INFO] 2025-08-16 03:35:29 UTC (2025-08-15 20:35:29 PT) - Starting nightly FINS data download
[INFO] 2025-08-16 03:35:29 UTC (2025-08-15 20:35:29 PT) - API key found
[INFO] 2025-08-16 03:35:29 UTC (2025-08-15 20:35:29 PT) - Current PT time: 2025-08-15 20:35:29
[INFO] 2025-08-16 03:35:29 UTC (2025-08-15 20:35:29 PT) - Requesting ALL historical trapping data through 08/16/2025 for NPT GRSME Program only
[INFO] 2025-08-16 03:35:59 UTC (2025-08-15 20:35:59 PT) - Downloaded 20382 rows of data
[INFO] 2025-08-16 03:35:59 UTC (2025-08-15 20:35:59 PT) - Columns: Finalize, Verify, Follow-Up, Trapped Date, Is Import, Facility, Trap, Trap Is Offsite, Trapping Session Name, Target Species, Target Run, Trapping Session Comments, Fish ID, Count, Species, Run, Sex, Origin, Origin Expression, Origin Description, Origin Start Date, Origin End Date, Origin Creator, Origin Creation Date, Living Status, Length, Age Designation, Age Calculated, Age Criteria Start Length, Age Criteria End Length, Age Criteria Start Date, Age Criteria End Date, Moved To Facility, Moved To, Moved To Location Type, Moved To Is Offsite, Offsite Owner Facility, Offsite Location Latitude, Offsite Location Longitude, Offsite Location Description, Disposition, Release Site, Release Site Latitude, Release Site Longitude, Purpose, Existing Marks, Existing Marks Quantity, Applied Marks, Applied Marks Quantity, Existing Tags, Applied Tags, Existing CWT, Existing CWT Value, Applied CWT, Applied CWT Value, Existing PIT, Applied PIT, Samples, Conditions, Recap, Injected, Weight, Notes, Group Notes, Import Custom
[INFO] 2025-08-16 03:35:59 UTC (2025-08-15 20:35:59 PT) - Successfully saved file: data/TrappingData.csv - Size: 11720153 bytes
[INFO] 2025-08-16 03:35:59 UTC (2025-08-15 20:35:59 PT) - Data summary:
[INFO] 2025-08-16 03:35:59 UTC (2025-08-15 20:35:59 PT) -   Date range: 10/10/2023 to 9/9/2022
[INFO] 2025-08-16 03:35:59 UTC (2025-08-15 20:35:59 PT) -   Total records: 20382
[INFO] 2025-08-16 03:35:59 UTC (2025-08-15 20:35:59 PT) - Download completed successfully
[INFO] 2025-08-17 03:44:03 UTC (2025-08-16 20:44:03 PT) - Starting nightly FINS data download
[INFO] 2025-08-17 03:44:03 UTC (2025-08-16 20:44:03 PT) - API key found
[INFO] 2025-08-17 03:44:03 UTC (2025-08-16 20:44:03 PT) - Current PT time: 2025-08-16 20:44:03
[INFO] 2025-08-17 03:44:03 UTC (2025-08-16 20:44:03 PT) - Requesting ALL historical trapping data through 08/17/2025 for NPT GRSME Program only
[INFO] 2025-08-17 03:44:36 UTC (2025-08-16 20:44:36 PT) - Downloaded 20382 rows of data
[INFO] 2025-08-17 03:44:36 UTC (2025-08-16 20:44:36 PT) - Columns: Finalize, Verify, Follow-Up, Trapped Date, Is Import, Facility, Trap, Trap Is Offsite, Trapping Session Name, Target Species, Target Run, Trapping Session Comments, Fish ID, Count, Species, Run, Sex, Origin, Origin Expression, Origin Description, Origin Start Date, Origin End Date, Origin Creator, Origin Creation Date, Living Status, Length, Age Designation, Age Calculated, Age Criteria Start Length, Age Criteria End Length, Age Criteria Start Date, Age Criteria End Date, Moved To Facility, Moved To, Moved To Location Type, Moved To Is Offsite, Offsite Owner Facility, Offsite Location Latitude, Offsite Location Longitude, Offsite Location Description, Disposition, Release Site, Release Site Latitude, Release Site Longitude, Purpose, Existing Marks, Existing Marks Quantity, Applied Marks, Applied Marks Quantity, Existing Tags, Applied Tags, Existing CWT, Existing CWT Value, Applied CWT, Applied CWT Value, Existing PIT, Applied PIT, Samples, Conditions, Recap, Injected, Weight, Notes, Group Notes, Import Custom
[INFO] 2025-08-17 03:44:36 UTC (2025-08-16 20:44:36 PT) - Successfully saved file: data/TrappingData.csv - Size: 11720153 bytes
[INFO] 2025-08-17 03:44:36 UTC (2025-08-16 20:44:36 PT) - Data summary:
[INFO] 2025-08-17 03:44:36 UTC (2025-08-16 20:44:36 PT) -   Date range: 10/10/2023 to 9/9/2022
[INFO] 2025-08-17 03:44:36 UTC (2025-08-16 20:44:36 PT) -   Total records: 20382
[INFO] 2025-08-17 03:44:36 UTC (2025-08-16 20:44:36 PT) - Download completed successfully
[INFO] 2025-08-18 03:52:55 UTC (2025-08-17 20:52:55 PT) - Starting nightly FINS data download
[INFO] 2025-08-18 03:52:55 UTC (2025-08-17 20:52:55 PT) - API key found
[INFO] 2025-08-18 03:52:55 UTC (2025-08-17 20:52:55 PT) - Current PT time: 2025-08-17 20:52:55
[INFO] 2025-08-18 03:52:55 UTC (2025-08-17 20:52:55 PT) - Requesting ALL historical trapping data through 08/18/2025 for NPT GRSME Program only
[INFO] 2025-08-18 03:53:26 UTC (2025-08-17 20:53:26 PT) - Downloaded 20382 rows of data
[INFO] 2025-08-18 03:53:26 UTC (2025-08-17 20:53:26 PT) - Columns: Finalize, Verify, Follow-Up, Trapped Date, Is Import, Facility, Trap, Trap Is Offsite, Trapping Session Name, Target Species, Target Run, Trapping Session Comments, Fish ID, Count, Species, Run, Sex, Origin, Origin Expression, Origin Description, Origin Start Date, Origin End Date, Origin Creator, Origin Creation Date, Living Status, Length, Age Designation, Age Calculated, Age Criteria Start Length, Age Criteria End Length, Age Criteria Start Date, Age Criteria End Date, Moved To Facility, Moved To, Moved To Location Type, Moved To Is Offsite, Offsite Owner Facility, Offsite Location Latitude, Offsite Location Longitude, Offsite Location Description, Disposition, Release Site, Release Site Latitude, Release Site Longitude, Purpose, Existing Marks, Existing Marks Quantity, Applied Marks, Applied Marks Quantity, Existing Tags, Applied Tags, Existing CWT, Existing CWT Value, Applied CWT, Applied CWT Value, Existing PIT, Applied PIT, Samples, Conditions, Recap, Injected, Weight, Notes, Group Notes, Import Custom
[INFO] 2025-08-18 03:53:26 UTC (2025-08-17 20:53:26 PT) - Successfully saved file: data/TrappingData.csv - Size: 11720153 bytes
[INFO] 2025-08-18 03:53:26 UTC (2025-08-17 20:53:26 PT) - Data summary:
[INFO] 2025-08-18 03:53:26 UTC (2025-08-17 20:53:26 PT) -   Date range: 10/10/2023 to 9/9/2022
[INFO] 2025-08-18 03:53:26 UTC (2025-08-17 20:53:26 PT) -   Total records: 20382
[INFO] 2025-08-18 03:53:26 UTC (2025-08-17 20:53:26 PT) - Download completed successfully
[INFO] 2025-08-19 03:30:44 UTC (2025-08-18 20:30:44 PT) - Starting nightly FINS data download
[INFO] 2025-08-19 03:30:44 UTC (2025-08-18 20:30:44 PT) - API key found
[INFO] 2025-08-19 03:30:44 UTC (2025-08-18 20:30:44 PT) - Current PT time: 2025-08-18 20:30:44
[INFO] 2025-08-19 03:30:44 UTC (2025-08-18 20:30:44 PT) - Requesting ALL historical trapping data through 08/19/2025 for NPT GRSME Program only
[INFO] 2025-08-19 03:31:17 UTC (2025-08-18 20:31:17 PT) - Downloaded 20385 rows of data
[INFO] 2025-08-19 03:31:17 UTC (2025-08-18 20:31:17 PT) - Columns: Finalize, Verify, Follow-Up, Trapped Date, Is Import, Facility, Trap, Trap Is Offsite, Trapping Session Name, Target Species, Target Run, Trapping Session Comments, Fish ID, Count, Species, Run, Sex, Origin, Origin Expression, Origin Description, Origin Start Date, Origin End Date, Origin Creator, Origin Creation Date, Living Status, Length, Age Designation, Age Calculated, Age Criteria Start Length, Age Criteria End Length, Age Criteria Start Date, Age Criteria End Date, Moved To Facility, Moved To, Moved To Location Type, Moved To Is Offsite, Offsite Owner Facility, Offsite Location Latitude, Offsite Location Longitude, Offsite Location Description, Disposition, Release Site, Release Site Latitude, Release Site Longitude, Purpose, Existing Marks, Existing Marks Quantity, Applied Marks, Applied Marks Quantity, Existing Tags, Applied Tags, Existing CWT, Existing CWT Value, Applied CWT, Applied CWT Value, Existing PIT, Applied PIT, Samples, Conditions, Recap, Injected, Weight, Notes, Group Notes, Import Custom
[INFO] 2025-08-19 03:31:17 UTC (2025-08-18 20:31:17 PT) - Successfully saved file: data/TrappingData.csv - Size: 11721969 bytes
[INFO] 2025-08-19 03:31:17 UTC (2025-08-18 20:31:17 PT) - Data summary:
[INFO] 2025-08-19 03:31:17 UTC (2025-08-18 20:31:17 PT) -   Date range: 10/10/2023 to 9/9/2022
[INFO] 2025-08-19 03:31:17 UTC (2025-08-18 20:31:17 PT) -   Total records: 20385
[INFO] 2025-08-19 03:31:17 UTC (2025-08-18 20:31:17 PT) - Download completed successfully
[INFO] 2025-08-20 03:31:11 UTC (2025-08-19 20:31:11 PT) - Starting nightly FINS data download
[INFO] 2025-08-20 03:31:11 UTC (2025-08-19 20:31:11 PT) - API key found
[INFO] 2025-08-20 03:31:11 UTC (2025-08-19 20:31:11 PT) - Current PT time: 2025-08-19 20:31:11
[INFO] 2025-08-20 03:31:11 UTC (2025-08-19 20:31:11 PT) - Requesting ALL historical trapping data through 08/20/2025 for NPT GRSME Program only
[INFO] 2025-08-20 03:31:42 UTC (2025-08-19 20:31:42 PT) - Downloaded 20388 rows of data
[INFO] 2025-08-20 03:31:42 UTC (2025-08-19 20:31:42 PT) - Columns: Finalize, Verify, Follow-Up, Trapped Date, Is Import, Facility, Trap, Trap Is Offsite, Trapping Session Name, Target Species, Target Run, Trapping Session Comments, Fish ID, Count, Species, Run, Sex, Origin, Origin Expression, Origin Description, Origin Start Date, Origin End Date, Origin Creator, Origin Creation Date, Living Status, Length, Age Designation, Age Calculated, Age Criteria Start Length, Age Criteria End Length, Age Criteria Start Date, Age Criteria End Date, Moved To Facility, Moved To, Moved To Location Type, Moved To Is Offsite, Offsite Owner Facility, Offsite Location Latitude, Offsite Location Longitude, Offsite Location Description, Disposition, Release Site, Release Site Latitude, Release Site Longitude, Purpose, Existing Marks, Existing Marks Quantity, Applied Marks, Applied Marks Quantity, Existing Tags, Applied Tags, Existing CWT, Existing CWT Value, Applied CWT, Applied CWT Value, Existing PIT, Applied PIT, Samples, Conditions, Recap, Injected, Weight, Notes, Group Notes, Import Custom
[INFO] 2025-08-20 03:31:42 UTC (2025-08-19 20:31:42 PT) - Successfully saved file: data/TrappingData.csv - Size: 11723757 bytes
[INFO] 2025-08-20 03:31:42 UTC (2025-08-19 20:31:42 PT) - Data summary:
[INFO] 2025-08-20 03:31:42 UTC (2025-08-19 20:31:42 PT) -   Date range: 10/10/2023 to 9/9/2022
[INFO] 2025-08-20 03:31:42 UTC (2025-08-19 20:31:42 PT) -   Total records: 20388
[INFO] 2025-08-20 03:31:42 UTC (2025-08-19 20:31:42 PT) - Download completed successfully
[INFO] 2025-08-21 03:31:23 UTC (2025-08-20 20:31:23 PT) - Starting nightly FINS data download
[INFO] 2025-08-21 03:31:23 UTC (2025-08-20 20:31:23 PT) - API key found
[INFO] 2025-08-21 03:31:23 UTC (2025-08-20 20:31:23 PT) - Current PT time: 2025-08-20 20:31:23
[INFO] 2025-08-21 03:31:23 UTC (2025-08-20 20:31:23 PT) - Requesting ALL historical trapping data through 08/21/2025 for NPT GRSME Program only
[INFO] 2025-08-21 03:31:57 UTC (2025-08-20 20:31:57 PT) - Downloaded 20388 rows of data
[INFO] 2025-08-21 03:31:57 UTC (2025-08-20 20:31:57 PT) - Columns: Finalize, Verify, Follow-Up, Trapped Date, Is Import, Facility, Trap, Trap Is Offsite, Trapping Session Name, Target Species, Target Run, Trapping Session Comments, Fish ID, Count, Species, Run, Sex, Origin, Origin Expression, Origin Description, Origin Start Date, Origin End Date, Origin Creator, Origin Creation Date, Living Status, Length, Age Designation, Age Calculated, Age Criteria Start Length, Age Criteria End Length, Age Criteria Start Date, Age Criteria End Date, Moved To Facility, Moved To, Moved To Location Type, Moved To Is Offsite, Offsite Owner Facility, Offsite Location Latitude, Offsite Location Longitude, Offsite Location Description, Disposition, Release Site, Release Site Latitude, Release Site Longitude, Purpose, Existing Marks, Existing Marks Quantity, Applied Marks, Applied Marks Quantity, Existing Tags, Applied Tags, Existing CWT, Existing CWT Value, Applied CWT, Applied CWT Value, Existing PIT, Applied PIT, Samples, Conditions, Recap, Injected, Weight, Notes, Group Notes, Import Custom
[INFO] 2025-08-21 03:31:57 UTC (2025-08-20 20:31:57 PT) - Successfully saved file: data/TrappingData.csv - Size: 11723757 bytes
[INFO] 2025-08-21 03:31:57 UTC (2025-08-20 20:31:57 PT) - Data summary:
[INFO] 2025-08-21 03:31:57 UTC (2025-08-20 20:31:57 PT) -   Date range: 10/10/2023 to 9/9/2022
[INFO] 2025-08-21 03:31:57 UTC (2025-08-20 20:31:57 PT) -   Total records: 20388
[INFO] 2025-08-21 03:31:57 UTC (2025-08-20 20:31:57 PT) - Download completed successfully
[INFO] 2025-08-22 03:30:16 UTC (2025-08-21 20:30:16 PT) - Starting nightly FINS data download
[INFO] 2025-08-22 03:30:16 UTC (2025-08-21 20:30:16 PT) - API key found
[INFO] 2025-08-22 03:30:16 UTC (2025-08-21 20:30:16 PT) - Current PT time: 2025-08-21 20:30:16
[INFO] 2025-08-22 03:30:16 UTC (2025-08-21 20:30:16 PT) - Requesting ALL historical trapping data through 08/22/2025 for NPT GRSME Program only
[INFO] 2025-08-22 03:30:52 UTC (2025-08-21 20:30:52 PT) - Downloaded 20393 rows of data
[INFO] 2025-08-22 03:30:52 UTC (2025-08-21 20:30:52 PT) - Columns: Finalize, Verify, Follow-Up, Trapped Date, Is Import, Facility, Trap, Trap Is Offsite, Trapping Session Name, Target Species, Target Run, Trapping Session Comments, Fish ID, Count, Species, Run, Sex, Origin, Origin Expression, Origin Description, Origin Start Date, Origin End Date, Origin Creator, Origin Creation Date, Living Status, Length, Age Designation, Age Calculated, Age Criteria Start Length, Age Criteria End Length, Age Criteria Start Date, Age Criteria End Date, Moved To Facility, Moved To, Moved To Location Type, Moved To Is Offsite, Offsite Owner Facility, Offsite Location Latitude, Offsite Location Longitude, Offsite Location Description, Disposition, Release Site, Release Site Latitude, Release Site Longitude, Purpose, Existing Marks, Existing Marks Quantity, Applied Marks, Applied Marks Quantity, Existing Tags, Applied Tags, Existing CWT, Existing CWT Value, Applied CWT, Applied CWT Value, Existing PIT, Applied PIT, Samples, Conditions, Recap, Injected, Weight, Notes, Group Notes, Import Custom
[INFO] 2025-08-22 03:30:52 UTC (2025-08-21 20:30:52 PT) - Successfully saved file: data/TrappingData.csv - Size: 11726764 bytes
[INFO] 2025-08-22 03:30:52 UTC (2025-08-21 20:30:52 PT) - Data summary:
[INFO] 2025-08-22 03:30:52 UTC (2025-08-21 20:30:52 PT) -   Date range: 10/10/2023 to 9/9/2022
[INFO] 2025-08-22 03:30:52 UTC (2025-08-21 20:30:52 PT) -   Total records: 20393
[INFO] 2025-08-22 03:30:52 UTC (2025-08-21 20:30:52 PT) - Download completed successfully
[INFO] 2025-08-23 03:26:22 UTC (2025-08-22 20:26:22 PT) - Starting nightly FINS data download
[INFO] 2025-08-23 03:26:22 UTC (2025-08-22 20:26:22 PT) - API key found
[INFO] 2025-08-23 03:26:22 UTC (2025-08-22 20:26:22 PT) - Current PT time: 2025-08-22 20:26:22
[INFO] 2025-08-23 03:26:22 UTC (2025-08-22 20:26:22 PT) - Requesting ALL historical trapping data through 08/23/2025 for NPT GRSME Program only
[INFO] 2025-08-23 03:26:53 UTC (2025-08-22 20:26:53 PT) - Downloaded 20395 rows of data
[INFO] 2025-08-23 03:26:53 UTC (2025-08-22 20:26:53 PT) - Columns: Finalize, Verify, Follow-Up, Trapped Date, Is Import, Facility, Trap, Trap Is Offsite, Trapping Session Name, Target Species, Target Run, Trapping Session Comments, Fish ID, Count, Species, Run, Sex, Origin, Origin Expression, Origin Description, Origin Start Date, Origin End Date, Origin Creator, Origin Creation Date, Living Status, Length, Age Designation, Age Calculated, Age Criteria Start Length, Age Criteria End Length, Age Criteria Start Date, Age Criteria End Date, Moved To Facility, Moved To, Moved To Location Type, Moved To Is Offsite, Offsite Owner Facility, Offsite Location Latitude, Offsite Location Longitude, Offsite Location Description, Disposition, Release Site, Release Site Latitude, Release Site Longitude, Purpose, Existing Marks, Existing Marks Quantity, Applied Marks, Applied Marks Quantity, Existing Tags, Applied Tags, Existing CWT, Existing CWT Value, Applied CWT, Applied CWT Value, Existing PIT, Applied PIT, Samples, Conditions, Recap, Injected, Weight, Notes, Group Notes, Import Custom
[INFO] 2025-08-23 03:26:53 UTC (2025-08-22 20:26:53 PT) - Successfully saved file: data/TrappingData.csv - Size: 11727891 bytes
[INFO] 2025-08-23 03:26:53 UTC (2025-08-22 20:26:53 PT) - Data summary:
[INFO] 2025-08-23 03:26:53 UTC (2025-08-22 20:26:53 PT) -   Date range: 10/10/2023 to 9/9/2022
[INFO] 2025-08-23 03:26:53 UTC (2025-08-22 20:26:53 PT) -   Total records: 20395
[INFO] 2025-08-23 03:26:53 UTC (2025-08-22 20:26:53 PT) - Download completed successfully
[INFO] 2025-08-24 03:37:22 UTC (2025-08-23 20:37:22 PT) - Starting nightly FINS data download
[INFO] 2025-08-24 03:37:22 UTC (2025-08-23 20:37:22 PT) - API key found
[INFO] 2025-08-24 03:37:22 UTC (2025-08-23 20:37:22 PT) - Current PT time: 2025-08-23 20:37:22
[INFO] 2025-08-24 03:37:22 UTC (2025-08-23 20:37:22 PT) - Requesting ALL historical trapping data through 08/24/2025 for NPT GRSME Program only
[INFO] 2025-08-24 03:38:01 UTC (2025-08-23 20:38:01 PT) - Downloaded 20395 rows of data
[INFO] 2025-08-24 03:38:01 UTC (2025-08-23 20:38:01 PT) - Columns: Finalize, Verify, Follow-Up, Trapped Date, Is Import, Facility, Trap, Trap Is Offsite, Trapping Session Name, Target Species, Target Run, Trapping Session Comments, Fish ID, Count, Species, Run, Sex, Origin, Origin Expression, Origin Description, Origin Start Date, Origin End Date, Origin Creator, Origin Creation Date, Living Status, Length, Age Designation, Age Calculated, Age Criteria Start Length, Age Criteria End Length, Age Criteria Start Date, Age Criteria End Date, Moved To Facility, Moved To, Moved To Location Type, Moved To Is Offsite, Offsite Owner Facility, Offsite Location Latitude, Offsite Location Longitude, Offsite Location Description, Disposition, Release Site, Release Site Latitude, Release Site Longitude, Purpose, Existing Marks, Existing Marks Quantity, Applied Marks, Applied Marks Quantity, Existing Tags, Applied Tags, Existing CWT, Existing CWT Value, Applied CWT, Applied CWT Value, Existing PIT, Applied PIT, Samples, Conditions, Recap, Injected, Weight, Notes, Group Notes, Import Custom
[INFO] 2025-08-24 03:38:01 UTC (2025-08-23 20:38:01 PT) - Successfully saved file: data/TrappingData.csv - Size: 11727891 bytes
[INFO] 2025-08-24 03:38:01 UTC (2025-08-23 20:38:01 PT) - Data summary:
[INFO] 2025-08-24 03:38:01 UTC (2025-08-23 20:38:01 PT) -   Date range: 10/10/2023 to 9/9/2022
[INFO] 2025-08-24 03:38:01 UTC (2025-08-23 20:38:01 PT) -   Total records: 20395
[INFO] 2025-08-24 03:38:01 UTC (2025-08-23 20:38:01 PT) - Download completed successfully
[INFO] 2025-08-25 03:35:02 UTC (2025-08-24 20:35:02 PT) - Starting nightly FINS data download
[INFO] 2025-08-25 03:35:02 UTC (2025-08-24 20:35:02 PT) - API key found
[INFO] 2025-08-25 03:35:02 UTC (2025-08-24 20:35:02 PT) - Current PT time: 2025-08-24 20:35:02
[INFO] 2025-08-25 03:35:02 UTC (2025-08-24 20:35:02 PT) - Requesting ALL historical trapping data through 08/25/2025 for NPT GRSME Program only
[INFO] 2025-08-25 03:35:40 UTC (2025-08-24 20:35:40 PT) - Downloaded 20395 rows of data
[INFO] 2025-08-25 03:35:40 UTC (2025-08-24 20:35:40 PT) - Columns: Finalize, Verify, Follow-Up, Trapped Date, Is Import, Facility, Trap, Trap Is Offsite, Trapping Session Name, Target Species, Target Run, Trapping Session Comments, Fish ID, Count, Species, Run, Sex, Origin, Origin Expression, Origin Description, Origin Start Date, Origin End Date, Origin Creator, Origin Creation Date, Living Status, Length, Age Designation, Age Calculated, Age Criteria Start Length, Age Criteria End Length, Age Criteria Start Date, Age Criteria End Date, Moved To Facility, Moved To, Moved To Location Type, Moved To Is Offsite, Offsite Owner Facility, Offsite Location Latitude, Offsite Location Longitude, Offsite Location Description, Disposition, Release Site, Release Site Latitude, Release Site Longitude, Purpose, Existing Marks, Existing Marks Quantity, Applied Marks, Applied Marks Quantity, Existing Tags, Applied Tags, Existing CWT, Existing CWT Value, Applied CWT, Applied CWT Value, Existing PIT, Applied PIT, Samples, Conditions, Recap, Injected, Weight, Notes, Group Notes, Import Custom
[INFO] 2025-08-25 03:35:40 UTC (2025-08-24 20:35:40 PT) - Successfully saved file: data/TrappingData.csv - Size: 11727891 bytes
[INFO] 2025-08-25 03:35:40 UTC (2025-08-24 20:35:40 PT) - Data summary:
[INFO] 2025-08-25 03:35:40 UTC (2025-08-24 20:35:40 PT) -   Date range: 10/10/2023 to 9/9/2022
[INFO] 2025-08-25 03:35:40 UTC (2025-08-24 20:35:40 PT) -   Total records: 20395
[INFO] 2025-08-25 03:35:40 UTC (2025-08-24 20:35:40 PT) - Download completed successfully
[INFO] 2025-08-26 03:31:12 UTC (2025-08-25 20:31:12 PT) - Starting nightly FINS data download
[INFO] 2025-08-26 03:31:12 UTC (2025-08-25 20:31:12 PT) - API key found
[INFO] 2025-08-26 03:31:12 UTC (2025-08-25 20:31:12 PT) - Current PT time: 2025-08-25 20:31:12
[INFO] 2025-08-26 03:31:12 UTC (2025-08-25 20:31:12 PT) - Requesting ALL historical trapping data through 08/26/2025 for NPT GRSME Program only
[INFO] 2025-08-26 03:31:45 UTC (2025-08-25 20:31:45 PT) - Downloaded 20396 rows of data
[INFO] 2025-08-26 03:31:45 UTC (2025-08-25 20:31:45 PT) - Columns: Finalize, Verify, Follow-Up, Trapped Date, Is Import, Facility, Trap, Trap Is Offsite, Trapping Session Name, Target Species, Target Run, Trapping Session Comments, Fish ID, Count, Species, Run, Sex, Origin, Origin Expression, Origin Description, Origin Start Date, Origin End Date, Origin Creator, Origin Creation Date, Living Status, Length, Age Designation, Age Calculated, Age Criteria Start Length, Age Criteria End Length, Age Criteria Start Date, Age Criteria End Date, Moved To Facility, Moved To, Moved To Location Type, Moved To Is Offsite, Offsite Owner Facility, Offsite Location Latitude, Offsite Location Longitude, Offsite Location Description, Disposition, Release Site, Release Site Latitude, Release Site Longitude, Purpose, Existing Marks, Existing Marks Quantity, Applied Marks, Applied Marks Quantity, Existing Tags, Applied Tags, Existing CWT, Existing CWT Value, Applied CWT, Applied CWT Value, Existing PIT, Applied PIT, Samples, Conditions, Recap, Injected, Weight, Notes, Group Notes, Import Custom
[INFO] 2025-08-26 03:31:46 UTC (2025-08-25 20:31:46 PT) - Successfully saved file: data/TrappingData.csv - Size: 11728530 bytes
[INFO] 2025-08-26 03:31:46 UTC (2025-08-25 20:31:46 PT) - Data summary:
[INFO] 2025-08-26 03:31:46 UTC (2025-08-25 20:31:46 PT) -   Date range: 10/10/2023 to 9/9/2022
[INFO] 2025-08-26 03:31:46 UTC (2025-08-25 20:31:46 PT) -   Total records: 20396
[INFO] 2025-08-26 03:31:46 UTC (2025-08-25 20:31:46 PT) - Download completed successfully
[INFO] 2025-08-27 03:25:50 UTC (2025-08-26 20:25:50 PT) - Starting nightly FINS data download
[INFO] 2025-08-27 03:25:50 UTC (2025-08-26 20:25:50 PT) - API key found
[INFO] 2025-08-27 03:25:50 UTC (2025-08-26 20:25:50 PT) - Current PT time: 2025-08-26 20:25:50
[INFO] 2025-08-27 03:25:50 UTC (2025-08-26 20:25:50 PT) - Requesting ALL historical trapping data through 08/27/2025 for NPT GRSME Program only
[INFO] 2025-08-27 03:26:24 UTC (2025-08-26 20:26:24 PT) - Downloaded 20396 rows of data
[INFO] 2025-08-27 03:26:24 UTC (2025-08-26 20:26:24 PT) - Columns: Finalize, Verify, Follow-Up, Trapped Date, Is Import, Facility, Trap, Trap Is Offsite, Trapping Session Name, Target Species, Target Run, Trapping Session Comments, Fish ID, Count, Species, Run, Sex, Origin, Origin Expression, Origin Description, Origin Start Date, Origin End Date, Origin Creator, Origin Creation Date, Living Status, Length, Age Designation, Age Calculated, Age Criteria Start Length, Age Criteria End Length, Age Criteria Start Date, Age Criteria End Date, Moved To Facility, Moved To, Moved To Location Type, Moved To Is Offsite, Offsite Owner Facility, Offsite Location Latitude, Offsite Location Longitude, Offsite Location Description, Disposition, Release Site, Release Site Latitude, Release Site Longitude, Purpose, Existing Marks, Existing Marks Quantity, Applied Marks, Applied Marks Quantity, Existing Tags, Applied Tags, Existing CWT, Existing CWT Value, Applied CWT, Applied CWT Value, Existing PIT, Applied PIT, Samples, Conditions, Recap, Injected, Weight, Notes, Group Notes, Import Custom
[INFO] 2025-08-27 03:26:24 UTC (2025-08-26 20:26:24 PT) - Successfully saved file: data/TrappingData.csv - Size: 11728530 bytes
[INFO] 2025-08-27 03:26:24 UTC (2025-08-26 20:26:24 PT) - Data summary:
[INFO] 2025-08-27 03:26:24 UTC (2025-08-26 20:26:24 PT) -   Date range: 10/10/2023 to 9/9/2022
[INFO] 2025-08-27 03:26:24 UTC (2025-08-26 20:26:24 PT) -   Total records: 20396
[INFO] 2025-08-27 03:26:24 UTC (2025-08-26 20:26:24 PT) - Download completed successfully
[INFO] 2025-08-28 03:50:03 UTC (2025-08-27 20:50:03 PT) - Starting nightly FINS data download
[INFO] 2025-08-28 03:50:03 UTC (2025-08-27 20:50:03 PT) - API key found
[INFO] 2025-08-28 03:50:03 UTC (2025-08-27 20:50:03 PT) - Current PT time: 2025-08-27 20:50:03
[INFO] 2025-08-28 03:50:03 UTC (2025-08-27 20:50:03 PT) - Requesting ALL historical trapping data through 08/28/2025 for NPT GRSME Program only
[INFO] 2025-08-28 03:50:36 UTC (2025-08-27 20:50:36 PT) - Downloaded 20400 rows of data
[INFO] 2025-08-28 03:50:36 UTC (2025-08-27 20:50:36 PT) - Columns: Finalize, Verify, Follow-Up, Trapped Date, Is Import, Facility, Trap, Trap Is Offsite, Trapping Session Name, Target Species, Target Run, Trapping Session Comments, Fish ID, Count, Species, Run, Sex, Origin, Origin Expression, Origin Description, Origin Start Date, Origin End Date, Origin Creator, Origin Creation Date, Living Status, Length, Age Designation, Age Calculated, Age Criteria Start Length, Age Criteria End Length, Age Criteria Start Date, Age Criteria End Date, Moved To Facility, Moved To, Moved To Location Type, Moved To Is Offsite, Offsite Owner Facility, Offsite Location Latitude, Offsite Location Longitude, Offsite Location Description, Disposition, Release Site, Release Site Latitude, Release Site Longitude, Purpose, Existing Marks, Existing Marks Quantity, Applied Marks, Applied Marks Quantity, Existing Tags, Applied Tags, Existing CWT, Existing CWT Value, Applied CWT, Applied CWT Value, Existing PIT, Applied PIT, Samples, Conditions, Recap, Injected, Weight, Notes, Group Notes, Import Custom
[INFO] 2025-08-28 03:50:36 UTC (2025-08-27 20:50:36 PT) - Successfully saved file: data/TrappingData.csv - Size: 11730899 bytes
[INFO] 2025-08-28 03:50:36 UTC (2025-08-27 20:50:36 PT) - Data summary:
[INFO] 2025-08-28 03:50:36 UTC (2025-08-27 20:50:36 PT) -   Date range: 10/10/2023 to 9/9/2022
[INFO] 2025-08-28 03:50:36 UTC (2025-08-27 20:50:36 PT) -   Total records: 20400
[INFO] 2025-08-28 03:50:36 UTC (2025-08-27 20:50:36 PT) - Download completed successfully
[INFO] 2025-08-29 03:25:33 UTC (2025-08-28 20:25:33 PT) - Starting nightly FINS data download
[INFO] 2025-08-29 03:25:33 UTC (2025-08-28 20:25:33 PT) - API key found
[INFO] 2025-08-29 03:25:33 UTC (2025-08-28 20:25:33 PT) - Current PT time: 2025-08-28 20:25:33
[INFO] 2025-08-29 03:25:33 UTC (2025-08-28 20:25:33 PT) - Requesting ALL historical trapping data through 08/29/2025 for NPT GRSME Program only
[INFO] 2025-08-29 03:26:10 UTC (2025-08-28 20:26:10 PT) - Downloaded 20405 rows of data
[INFO] 2025-08-29 03:26:10 UTC (2025-08-28 20:26:10 PT) - Columns: Finalize, Verify, Follow-Up, Trapped Date, Is Import, Facility, Trap, Trap Is Offsite, Trapping Session Name, Target Species, Target Run, Trapping Session Comments, Fish ID, Count, Species, Run, Sex, Origin, Origin Expression, Origin Description, Origin Start Date, Origin End Date, Origin Creator, Origin Creation Date, Living Status, Length, Age Designation, Age Calculated, Age Criteria Start Length, Age Criteria End Length, Age Criteria Start Date, Age Criteria End Date, Moved To Facility, Moved To, Moved To Location Type, Moved To Is Offsite, Offsite Owner Facility, Offsite Location Latitude, Offsite Location Longitude, Offsite Location Description, Disposition, Release Site, Release Site Latitude, Release Site Longitude, Purpose, Existing Marks, Existing Marks Quantity, Applied Marks, Applied Marks Quantity, Existing Tags, Applied Tags, Existing CWT, Existing CWT Value, Applied CWT, Applied CWT Value, Existing PIT, Applied PIT, Samples, Conditions, Recap, Injected, Weight, Notes, Group Notes, Import Custom
[INFO] 2025-08-29 03:26:10 UTC (2025-08-28 20:26:10 PT) - Successfully saved file: data/TrappingData.csv - Size: 11733750 bytes
[INFO] 2025-08-29 03:26:10 UTC (2025-08-28 20:26:10 PT) - Data summary:
[INFO] 2025-08-29 03:26:10 UTC (2025-08-28 20:26:10 PT) -   Date range: 10/10/2023 to 9/9/2022
[INFO] 2025-08-29 03:26:10 UTC (2025-08-28 20:26:10 PT) -   Total records: 20405
[INFO] 2025-08-29 03:26:10 UTC (2025-08-28 20:26:10 PT) - Download completed successfully
[INFO] 2025-08-30 03:10:51 UTC (2025-08-29 20:10:51 PT) - Starting nightly FINS data download
[INFO] 2025-08-30 03:10:51 UTC (2025-08-29 20:10:51 PT) - API key found
[INFO] 2025-08-30 03:10:51 UTC (2025-08-29 20:10:51 PT) - Current PT time: 2025-08-29 20:10:51
[INFO] 2025-08-30 03:10:51 UTC (2025-08-29 20:10:51 PT) - Requesting ALL historical trapping data through 08/30/2025 for NPT GRSME Program only
[INFO] 2025-08-30 03:11:24 UTC (2025-08-29 20:11:24 PT) - Downloaded 20416 rows of data
[INFO] 2025-08-30 03:11:24 UTC (2025-08-29 20:11:24 PT) - Columns: Finalize, Verify, Follow-Up, Trapped Date, Is Import, Facility, Trap, Trap Is Offsite, Trapping Session Name, Target Species, Target Run, Trapping Session Comments, Fish ID, Count, Species, Run, Sex, Origin, Origin Expression, Origin Description, Origin Start Date, Origin End Date, Origin Creator, Origin Creation Date, Living Status, Length, Age Designation, Age Calculated, Age Criteria Start Length, Age Criteria End Length, Age Criteria Start Date, Age Criteria End Date, Moved To Facility, Moved To, Moved To Location Type, Moved To Is Offsite, Offsite Owner Facility, Offsite Location Latitude, Offsite Location Longitude, Offsite Location Description, Disposition, Release Site, Release Site Latitude, Release Site Longitude, Purpose, Existing Marks, Existing Marks Quantity, Applied Marks, Applied Marks Quantity, Existing Tags, Applied Tags, Existing CWT, Existing CWT Value, Applied CWT, Applied CWT Value, Existing PIT, Applied PIT, Samples, Conditions, Recap, Injected, Weight, Notes, Group Notes, Import Custom
[INFO] 2025-08-30 03:11:24 UTC (2025-08-29 20:11:24 PT) - Successfully saved file: data/TrappingData.csv - Size: 11740325 bytes
[INFO] 2025-08-30 03:11:24 UTC (2025-08-29 20:11:24 PT) - Data summary:
[INFO] 2025-08-30 03:11:24 UTC (2025-08-29 20:11:24 PT) -   Date range: 10/10/2023 to 9/9/2022
[INFO] 2025-08-30 03:11:24 UTC (2025-08-29 20:11:24 PT) -   Total records: 20416
[INFO] 2025-08-30 03:11:24 UTC (2025-08-29 20:11:24 PT) - Download completed successfully
[INFO] 2025-08-31 03:27:26 UTC (2025-08-30 20:27:26 PT) - Starting nightly FINS data download
[INFO] 2025-08-31 03:27:26 UTC (2025-08-30 20:27:26 PT) - API key found
[INFO] 2025-08-31 03:27:26 UTC (2025-08-30 20:27:26 PT) - Current PT time: 2025-08-30 20:27:26
[INFO] 2025-08-31 03:27:26 UTC (2025-08-30 20:27:26 PT) - Requesting ALL historical trapping data through 08/31/2025 for NPT GRSME Program only
[INFO] 2025-08-31 03:28:02 UTC (2025-08-30 20:28:02 PT) - Downloaded 20416 rows of data
[INFO] 2025-08-31 03:28:02 UTC (2025-08-30 20:28:02 PT) - Columns: Finalize, Verify, Follow-Up, Trapped Date, Is Import, Facility, Trap, Trap Is Offsite, Trapping Session Name, Target Species, Target Run, Trapping Session Comments, Fish ID, Count, Species, Run, Sex, Origin, Origin Expression, Origin Description, Origin Start Date, Origin End Date, Origin Creator, Origin Creation Date, Living Status, Length, Age Designation, Age Calculated, Age Criteria Start Length, Age Criteria End Length, Age Criteria Start Date, Age Criteria End Date, Moved To Facility, Moved To, Moved To Location Type, Moved To Is Offsite, Offsite Owner Facility, Offsite Location Latitude, Offsite Location Longitude, Offsite Location Description, Disposition, Release Site, Release Site Latitude, Release Site Longitude, Purpose, Existing Marks, Existing Marks Quantity, Applied Marks, Applied Marks Quantity, Existing Tags, Applied Tags, Existing CWT, Existing CWT Value, Applied CWT, Applied CWT Value, Existing PIT, Applied PIT, Samples, Conditions, Recap, Injected, Weight, Notes, Group Notes, Import Custom
[INFO] 2025-08-31 03:28:02 UTC (2025-08-30 20:28:02 PT) - Successfully saved file: data/TrappingData.csv - Size: 11740334 bytes
[INFO] 2025-08-31 03:28:02 UTC (2025-08-30 20:28:02 PT) - Data summary:
[INFO] 2025-08-31 03:28:02 UTC (2025-08-30 20:28:02 PT) -   Date range: 10/10/2023 to 9/9/2022
[INFO] 2025-08-31 03:28:02 UTC (2025-08-30 20:28:02 PT) -   Total records: 20416
[INFO] 2025-08-31 03:28:02 UTC (2025-08-30 20:28:02 PT) - Download completed successfully
[INFO] 2025-09-01 03:39:23 UTC (2025-08-31 20:39:23 PT) - Starting nightly FINS data download
[INFO] 2025-09-01 03:39:23 UTC (2025-08-31 20:39:23 PT) - API key found
[INFO] 2025-09-01 03:39:23 UTC (2025-08-31 20:39:23 PT) - Current PT time: 2025-08-31 20:39:23
[INFO] 2025-09-01 03:39:23 UTC (2025-08-31 20:39:23 PT) - Requesting ALL historical trapping data through 09/01/2025 for NPT GRSME Program only
[INFO] 2025-09-01 03:39:57 UTC (2025-08-31 20:39:57 PT) - Downloaded 20416 rows of data
[INFO] 2025-09-01 03:39:57 UTC (2025-08-31 20:39:57 PT) - Columns: Finalize, Verify, Follow-Up, Trapped Date, Is Import, Facility, Trap, Trap Is Offsite, Trapping Session Name, Target Species, Target Run, Trapping Session Comments, Fish ID, Count, Species, Run, Sex, Origin, Origin Expression, Origin Description, Origin Start Date, Origin End Date, Origin Creator, Origin Creation Date, Living Status, Length, Age Designation, Age Calculated, Age Criteria Start Length, Age Criteria End Length, Age Criteria Start Date, Age Criteria End Date, Moved To Facility, Moved To, Moved To Location Type, Moved To Is Offsite, Offsite Owner Facility, Offsite Location Latitude, Offsite Location Longitude, Offsite Location Description, Disposition, Release Site, Release Site Latitude, Release Site Longitude, Purpose, Existing Marks, Existing Marks Quantity, Applied Marks, Applied Marks Quantity, Existing Tags, Applied Tags, Existing CWT, Existing CWT Value, Applied CWT, Applied CWT Value, Existing PIT, Applied PIT, Samples, Conditions, Recap, Injected, Weight, Notes, Group Notes, Import Custom
[INFO] 2025-09-01 03:39:58 UTC (2025-08-31 20:39:58 PT) - Successfully saved file: data/TrappingData.csv - Size: 11740334 bytes
[INFO] 2025-09-01 03:39:58 UTC (2025-08-31 20:39:58 PT) - Data summary:
[INFO] 2025-09-01 03:39:58 UTC (2025-08-31 20:39:58 PT) -   Date range: 10/10/2023 to 9/9/2022
[INFO] 2025-09-01 03:39:58 UTC (2025-08-31 20:39:58 PT) -   Total records: 20416
[INFO] 2025-09-01 03:39:58 UTC (2025-08-31 20:39:58 PT) - Download completed successfully
[INFO] 2025-09-02 03:29:22 UTC (2025-09-01 20:29:22 PT) - Starting nightly FINS data download
[INFO] 2025-09-02 03:29:22 UTC (2025-09-01 20:29:22 PT) - API key found
[INFO] 2025-09-02 03:29:22 UTC (2025-09-01 20:29:22 PT) - Current PT time: 2025-09-01 20:29:22
[INFO] 2025-09-02 03:29:22 UTC (2025-09-01 20:29:22 PT) - Requesting ALL historical trapping data through 09/02/2025 for NPT GRSME Program only
[INFO] 2025-09-02 03:29:58 UTC (2025-09-01 20:29:58 PT) - Downloaded 20416 rows of data
[INFO] 2025-09-02 03:29:58 UTC (2025-09-01 20:29:58 PT) - Columns: Finalize, Verify, Follow-Up, Trapped Date, Is Import, Facility, Trap, Trap Is Offsite, Trapping Session Name, Target Species, Target Run, Trapping Session Comments, Fish ID, Count, Species, Run, Sex, Origin, Origin Expression, Origin Description, Origin Start Date, Origin End Date, Origin Creator, Origin Creation Date, Living Status, Length, Age Designation, Age Calculated, Age Criteria Start Length, Age Criteria End Length, Age Criteria Start Date, Age Criteria End Date, Moved To Facility, Moved To, Moved To Location Type, Moved To Is Offsite, Offsite Owner Facility, Offsite Location Latitude, Offsite Location Longitude, Offsite Location Description, Disposition, Release Site, Release Site Latitude, Release Site Longitude, Purpose, Existing Marks, Existing Marks Quantity, Applied Marks, Applied Marks Quantity, Existing Tags, Applied Tags, Existing CWT, Existing CWT Value, Applied CWT, Applied CWT Value, Existing PIT, Applied PIT, Samples, Conditions, Recap, Injected, Weight, Notes, Group Notes, Import Custom
[INFO] 2025-09-02 03:29:58 UTC (2025-09-01 20:29:58 PT) - Successfully saved file: data/TrappingData.csv - Size: 11740334 bytes
[INFO] 2025-09-02 03:29:58 UTC (2025-09-01 20:29:58 PT) - Data summary:
[INFO] 2025-09-02 03:29:58 UTC (2025-09-01 20:29:58 PT) -   Date range: 10/10/2023 to 9/9/2022
[INFO] 2025-09-02 03:29:58 UTC (2025-09-01 20:29:58 PT) -   Total records: 20416
[INFO] 2025-09-02 03:29:58 UTC (2025-09-01 20:29:58 PT) - Download completed successfully
[INFO] 2025-09-03 03:08:25 UTC (2025-09-02 20:08:25 PT) - Starting nightly FINS data download
[INFO] 2025-09-03 03:08:25 UTC (2025-09-02 20:08:25 PT) - API key found
[INFO] 2025-09-03 03:08:25 UTC (2025-09-02 20:08:25 PT) - Current PT time: 2025-09-02 20:08:25
[INFO] 2025-09-03 03:08:25 UTC (2025-09-02 20:08:25 PT) - Requesting ALL historical trapping data through 09/03/2025 for NPT GRSME Program only
[INFO] 2025-09-03 03:09:01 UTC (2025-09-02 20:09:01 PT) - Downloaded 20431 rows of data
[INFO] 2025-09-03 03:09:01 UTC (2025-09-02 20:09:01 PT) - Columns: Finalize, Verify, Follow-Up, Trapped Date, Is Import, Facility, Trap, Trap Is Offsite, Trapping Session Name, Target Species, Target Run, Trapping Session Comments, Fish ID, Count, Species, Run, Sex, Origin, Origin Expression, Origin Description, Origin Start Date, Origin End Date, Origin Creator, Origin Creation Date, Living Status, Length, Age Designation, Age Calculated, Age Criteria Start Length, Age Criteria End Length, Age Criteria Start Date, Age Criteria End Date, Moved To Facility, Moved To, Moved To Location Type, Moved To Is Offsite, Offsite Owner Facility, Offsite Location Latitude, Offsite Location Longitude, Offsite Location Description, Disposition, Release Site, Release Site Latitude, Release Site Longitude, Purpose, Existing Marks, Existing Marks Quantity, Applied Marks, Applied Marks Quantity, Existing Tags, Applied Tags, Existing CWT, Existing CWT Value, Applied CWT, Applied CWT Value, Existing PIT, Applied PIT, Samples, Conditions, Recap, Injected, Weight, Notes, Group Notes, Import Custom
[INFO] 2025-09-03 03:09:01 UTC (2025-09-02 20:09:01 PT) - Successfully saved file: data/TrappingData.csv - Size: 11749115 bytes
[INFO] 2025-09-03 03:09:01 UTC (2025-09-02 20:09:01 PT) - Data summary:
[INFO] 2025-09-03 03:09:01 UTC (2025-09-02 20:09:01 PT) -   Date range: 10/10/2023 to 9/9/2022
[INFO] 2025-09-03 03:09:01 UTC (2025-09-02 20:09:01 PT) -   Total records: 20431
[INFO] 2025-09-03 03:09:01 UTC (2025-09-02 20:09:01 PT) - Download completed successfully
[INFO] 2025-09-04 03:10:11 UTC (2025-09-03 20:10:11 PT) - Starting nightly FINS data download
[INFO] 2025-09-04 03:10:11 UTC (2025-09-03 20:10:11 PT) - API key found
[INFO] 2025-09-04 03:10:11 UTC (2025-09-03 20:10:11 PT) - Current PT time: 2025-09-03 20:10:11
[INFO] 2025-09-04 03:10:11 UTC (2025-09-03 20:10:11 PT) - Requesting ALL historical trapping data through 09/04/2025 for NPT GRSME Program only
[INFO] 2025-09-04 03:10:42 UTC (2025-09-03 20:10:42 PT) - Downloaded 20443 rows of data
[INFO] 2025-09-04 03:10:42 UTC (2025-09-03 20:10:42 PT) - Columns: Finalize, Verify, Follow-Up, Trapped Date, Is Import, Facility, Trap, Trap Is Offsite, Trapping Session Name, Target Species, Target Run, Trapping Session Comments, Fish ID, Count, Species, Run, Sex, Origin, Origin Expression, Origin Description, Origin Start Date, Origin End Date, Origin Creator, Origin Creation Date, Living Status, Length, Age Designation, Age Calculated, Age Criteria Start Length, Age Criteria End Length, Age Criteria Start Date, Age Criteria End Date, Moved To Facility, Moved To, Moved To Location Type, Moved To Is Offsite, Offsite Owner Facility, Offsite Location Latitude, Offsite Location Longitude, Offsite Location Description, Disposition, Release Site, Release Site Latitude, Release Site Longitude, Purpose, Existing Marks, Existing Marks Quantity, Applied Marks, Applied Marks Quantity, Existing Tags, Applied Tags, Existing CWT, Existing CWT Value, Applied CWT, Applied CWT Value, Existing PIT, Applied PIT, Samples, Conditions, Recap, Injected, Weight, Notes, Group Notes, Import Custom
[INFO] 2025-09-04 03:10:42 UTC (2025-09-03 20:10:42 PT) - Successfully saved file: data/TrappingData.csv - Size: 11756299 bytes
[INFO] 2025-09-04 03:10:42 UTC (2025-09-03 20:10:42 PT) - Data summary:
[INFO] 2025-09-04 03:10:42 UTC (2025-09-03 20:10:42 PT) -   Date range: 10/10/2023 to 9/9/2022
[INFO] 2025-09-04 03:10:42 UTC (2025-09-03 20:10:42 PT) -   Total records: 20443
[INFO] 2025-09-04 03:10:42 UTC (2025-09-03 20:10:42 PT) - Download completed successfully
[INFO] 2025-09-05 03:12:32 UTC (2025-09-04 20:12:32 PT) - Starting nightly FINS data download
[INFO] 2025-09-05 03:12:32 UTC (2025-09-04 20:12:32 PT) - API key found
[INFO] 2025-09-05 03:12:32 UTC (2025-09-04 20:12:32 PT) - Current PT time: 2025-09-04 20:12:32
[INFO] 2025-09-05 03:12:32 UTC (2025-09-04 20:12:32 PT) - Requesting ALL historical trapping data through 09/05/2025 for NPT GRSME Program only
[INFO] 2025-09-05 03:13:03 UTC (2025-09-04 20:13:03 PT) - Downloaded 20471 rows of data
[INFO] 2025-09-05 03:13:03 UTC (2025-09-04 20:13:03 PT) - Columns: Finalize, Verify, Follow-Up, Trapped Date, Is Import, Facility, Trap, Trap Is Offsite, Trapping Session Name, Target Species, Target Run, Trapping Session Comments, Fish ID, Count, Species, Run, Sex, Origin, Origin Expression, Origin Description, Origin Start Date, Origin End Date, Origin Creator, Origin Creation Date, Living Status, Length, Age Designation, Age Calculated, Age Criteria Start Length, Age Criteria End Length, Age Criteria Start Date, Age Criteria End Date, Moved To Facility, Moved To, Moved To Location Type, Moved To Is Offsite, Offsite Owner Facility, Offsite Location Latitude, Offsite Location Longitude, Offsite Location Description, Disposition, Release Site, Release Site Latitude, Release Site Longitude, Purpose, Existing Marks, Existing Marks Quantity, Applied Marks, Applied Marks Quantity, Existing Tags, Applied Tags, Existing CWT, Existing CWT Value, Applied CWT, Applied CWT Value, Existing PIT, Applied PIT, Samples, Conditions, Recap, Injected, Weight, Notes, Group Notes, Import Custom
[INFO] 2025-09-05 03:13:03 UTC (2025-09-04 20:13:03 PT) - Successfully saved file: data/TrappingData.csv - Size: 11773064 bytes
[INFO] 2025-09-05 03:13:03 UTC (2025-09-04 20:13:03 PT) - Data summary:
[INFO] 2025-09-05 03:13:03 UTC (2025-09-04 20:13:03 PT) -   Date range: 10/10/2023 to 9/9/2022
[INFO] 2025-09-05 03:13:03 UTC (2025-09-04 20:13:03 PT) -   Total records: 20471
[INFO] 2025-09-05 03:13:03 UTC (2025-09-04 20:13:03 PT) - Download completed successfully
[INFO] 2025-09-06 03:08:59 UTC (2025-09-05 20:08:59 PT) - Starting nightly FINS data download
[INFO] 2025-09-06 03:08:59 UTC (2025-09-05 20:08:59 PT) - API key found
[INFO] 2025-09-06 03:08:59 UTC (2025-09-05 20:08:59 PT) - Current PT time: 2025-09-05 20:08:59
[INFO] 2025-09-06 03:08:59 UTC (2025-09-05 20:08:59 PT) - Requesting ALL historical trapping data through 09/06/2025 for NPT GRSME Program only
[INFO] 2025-09-06 03:09:30 UTC (2025-09-05 20:09:30 PT) - Downloaded 20476 rows of data
[INFO] 2025-09-06 03:09:30 UTC (2025-09-05 20:09:30 PT) - Columns: Finalize, Verify, Follow-Up, Trapped Date, Is Import, Facility, Trap, Trap Is Offsite, Trapping Session Name, Target Species, Target Run, Trapping Session Comments, Fish ID, Count, Species, Run, Sex, Origin, Origin Expression, Origin Description, Origin Start Date, Origin End Date, Origin Creator, Origin Creation Date, Living Status, Length, Age Designation, Age Calculated, Age Criteria Start Length, Age Criteria End Length, Age Criteria Start Date, Age Criteria End Date, Moved To Facility, Moved To, Moved To Location Type, Moved To Is Offsite, Offsite Owner Facility, Offsite Location Latitude, Offsite Location Longitude, Offsite Location Description, Disposition, Release Site, Release Site Latitude, Release Site Longitude, Purpose, Existing Marks, Existing Marks Quantity, Applied Marks, Applied Marks Quantity, Existing Tags, Applied Tags, Existing CWT, Existing CWT Value, Applied CWT, Applied CWT Value, Existing PIT, Applied PIT, Samples, Conditions, Recap, Injected, Weight, Notes, Group Notes, Import Custom
[INFO] 2025-09-06 03:09:30 UTC (2025-09-05 20:09:30 PT) - Successfully saved file: data/TrappingData.csv - Size: 11776104 bytes
[INFO] 2025-09-06 03:09:30 UTC (2025-09-05 20:09:30 PT) - Data summary:
[INFO] 2025-09-06 03:09:30 UTC (2025-09-05 20:09:30 PT) -   Date range: 10/10/2023 to 9/9/2022
[INFO] 2025-09-06 03:09:30 UTC (2025-09-05 20:09:30 PT) -   Total records: 20476
[INFO] 2025-09-06 03:09:30 UTC (2025-09-05 20:09:30 PT) - Download completed successfully
[INFO] 2025-09-07 03:24:41 UTC (2025-09-06 20:24:41 PT) - Starting nightly FINS data download
[INFO] 2025-09-07 03:24:41 UTC (2025-09-06 20:24:41 PT) - API key found
[INFO] 2025-09-07 03:24:41 UTC (2025-09-06 20:24:41 PT) - Current PT time: 2025-09-06 20:24:41
[INFO] 2025-09-07 03:24:41 UTC (2025-09-06 20:24:41 PT) - Requesting ALL historical trapping data through 09/07/2025 for NPT GRSME Program only
[INFO] 2025-09-07 03:25:11 UTC (2025-09-06 20:25:11 PT) - Downloaded 20476 rows of data
[INFO] 2025-09-07 03:25:11 UTC (2025-09-06 20:25:11 PT) - Columns: Finalize, Verify, Follow-Up, Trapped Date, Is Import, Facility, Trap, Trap Is Offsite, Trapping Session Name, Target Species, Target Run, Trapping Session Comments, Fish ID, Count, Species, Run, Sex, Origin, Origin Expression, Origin Description, Origin Start Date, Origin End Date, Origin Creator, Origin Creation Date, Living Status, Length, Age Designation, Age Calculated, Age Criteria Start Length, Age Criteria End Length, Age Criteria Start Date, Age Criteria End Date, Moved To Facility, Moved To, Moved To Location Type, Moved To Is Offsite, Offsite Owner Facility, Offsite Location Latitude, Offsite Location Longitude, Offsite Location Description, Disposition, Release Site, Release Site Latitude, Release Site Longitude, Purpose, Existing Marks, Existing Marks Quantity, Applied Marks, Applied Marks Quantity, Existing Tags, Applied Tags, Existing CWT, Existing CWT Value, Applied CWT, Applied CWT Value, Existing PIT, Applied PIT, Samples, Conditions, Recap, Injected, Weight, Notes, Group Notes, Import Custom
[INFO] 2025-09-07 03:25:11 UTC (2025-09-06 20:25:11 PT) - Successfully saved file: data/TrappingData.csv - Size: 11776104 bytes
[INFO] 2025-09-07 03:25:11 UTC (2025-09-06 20:25:11 PT) - Data summary:
[INFO] 2025-09-07 03:25:11 UTC (2025-09-06 20:25:11 PT) -   Date range: 10/10/2023 to 9/9/2022
[INFO] 2025-09-07 03:25:11 UTC (2025-09-06 20:25:11 PT) -   Total records: 20476
[INFO] 2025-09-07 03:25:11 UTC (2025-09-06 20:25:11 PT) - Download completed successfully
[INFO] 2025-09-08 03:29:42 UTC (2025-09-07 20:29:42 PT) - Starting nightly FINS data download
[INFO] 2025-09-08 03:29:42 UTC (2025-09-07 20:29:42 PT) - API key found
[INFO] 2025-09-08 03:29:42 UTC (2025-09-07 20:29:42 PT) - Current PT time: 2025-09-07 20:29:42
[INFO] 2025-09-08 03:29:42 UTC (2025-09-07 20:29:42 PT) - Requesting ALL historical trapping data through 09/08/2025 for NPT GRSME Program only
[INFO] 2025-09-08 03:30:17 UTC (2025-09-07 20:30:17 PT) - Downloaded 20476 rows of data
[INFO] 2025-09-08 03:30:17 UTC (2025-09-07 20:30:17 PT) - Columns: Finalize, Verify, Follow-Up, Trapped Date, Is Import, Facility, Trap, Trap Is Offsite, Trapping Session Name, Target Species, Target Run, Trapping Session Comments, Fish ID, Count, Species, Run, Sex, Origin, Origin Expression, Origin Description, Origin Start Date, Origin End Date, Origin Creator, Origin Creation Date, Living Status, Length, Age Designation, Age Calculated, Age Criteria Start Length, Age Criteria End Length, Age Criteria Start Date, Age Criteria End Date, Moved To Facility, Moved To, Moved To Location Type, Moved To Is Offsite, Offsite Owner Facility, Offsite Location Latitude, Offsite Location Longitude, Offsite Location Description, Disposition, Release Site, Release Site Latitude, Release Site Longitude, Purpose, Existing Marks, Existing Marks Quantity, Applied Marks, Applied Marks Quantity, Existing Tags, Applied Tags, Existing CWT, Existing CWT Value, Applied CWT, Applied CWT Value, Existing PIT, Applied PIT, Samples, Conditions, Recap, Injected, Weight, Notes, Group Notes, Import Custom
[INFO] 2025-09-08 03:30:17 UTC (2025-09-07 20:30:17 PT) - Successfully saved file: data/TrappingData.csv - Size: 11776104 bytes
[INFO] 2025-09-08 03:30:17 UTC (2025-09-07 20:30:17 PT) - Data summary:
[INFO] 2025-09-08 03:30:17 UTC (2025-09-07 20:30:17 PT) -   Date range: 10/10/2023 to 9/9/2022
[INFO] 2025-09-08 03:30:17 UTC (2025-09-07 20:30:17 PT) -   Total records: 20476
[INFO] 2025-09-08 03:30:17 UTC (2025-09-07 20:30:17 PT) - Download completed successfully
[INFO] 2025-09-09 03:15:20 UTC (2025-09-08 20:15:20 PT) - Starting nightly FINS data download
[INFO] 2025-09-09 03:15:20 UTC (2025-09-08 20:15:20 PT) - API key found
[INFO] 2025-09-09 03:15:20 UTC (2025-09-08 20:15:20 PT) - Current PT time: 2025-09-08 20:15:20
[INFO] 2025-09-09 03:15:20 UTC (2025-09-08 20:15:20 PT) - Requesting ALL historical trapping data through 09/09/2025 for NPT GRSME Program only
[INFO] 2025-09-09 03:15:53 UTC (2025-09-08 20:15:53 PT) - Downloaded 20491 rows of data
[INFO] 2025-09-09 03:15:53 UTC (2025-09-08 20:15:53 PT) - Columns: Finalize, Verify, Follow-Up, Trapped Date, Is Import, Facility, Trap, Trap Is Offsite, Trapping Session Name, Target Species, Target Run, Trapping Session Comments, Fish ID, Count, Species, Run, Sex, Origin, Origin Expression, Origin Description, Origin Start Date, Origin End Date, Origin Creator, Origin Creation Date, Living Status, Length, Age Designation, Age Calculated, Age Criteria Start Length, Age Criteria End Length, Age Criteria Start Date, Age Criteria End Date, Moved To Facility, Moved To, Moved To Location Type, Moved To Is Offsite, Offsite Owner Facility, Offsite Location Latitude, Offsite Location Longitude, Offsite Location Description, Disposition, Release Site, Release Site Latitude, Release Site Longitude, Purpose, Existing Marks, Existing Marks Quantity, Applied Marks, Applied Marks Quantity, Existing Tags, Applied Tags, Existing CWT, Existing CWT Value, Applied CWT, Applied CWT Value, Existing PIT, Applied PIT, Samples, Conditions, Recap, Injected, Weight, Notes, Group Notes, Import Custom
[INFO] 2025-09-09 03:15:53 UTC (2025-09-08 20:15:53 PT) - Successfully saved file: data/TrappingData.csv - Size: 11785111 bytes
[INFO] 2025-09-09 03:15:53 UTC (2025-09-08 20:15:53 PT) - Data summary:
[INFO] 2025-09-09 03:15:53 UTC (2025-09-08 20:15:53 PT) -   Date range: 10/10/2023 to 9/9/2022
[INFO] 2025-09-09 03:15:53 UTC (2025-09-08 20:15:53 PT) -   Total records: 20491
[INFO] 2025-09-09 03:15:53 UTC (2025-09-08 20:15:53 PT) - Download completed successfully
[INFO] 2025-09-10 03:08:43 UTC (2025-09-09 20:08:43 PT) - Starting nightly FINS data download
[INFO] 2025-09-10 03:08:43 UTC (2025-09-09 20:08:43 PT) - API key found
[INFO] 2025-09-10 03:08:43 UTC (2025-09-09 20:08:43 PT) - Current PT time: 2025-09-09 20:08:43
[INFO] 2025-09-10 03:08:43 UTC (2025-09-09 20:08:43 PT) - Requesting ALL historical trapping data through 09/10/2025 for NPT GRSME Program only
[INFO] 2025-09-10 03:09:18 UTC (2025-09-09 20:09:18 PT) - Downloaded 20491 rows of data
[INFO] 2025-09-10 03:09:18 UTC (2025-09-09 20:09:18 PT) - Columns: Finalize, Verify, Follow-Up, Trapped Date, Is Import, Facility, Trap, Trap Is Offsite, Trapping Session Name, Target Species, Target Run, Trapping Session Comments, Fish ID, Count, Species, Run, Sex, Origin, Origin Expression, Origin Description, Origin Start Date, Origin End Date, Origin Creator, Origin Creation Date, Living Status, Length, Age Designation, Age Calculated, Age Criteria Start Length, Age Criteria End Length, Age Criteria Start Date, Age Criteria End Date, Moved To Facility, Moved To, Moved To Location Type, Moved To Is Offsite, Offsite Owner Facility, Offsite Location Latitude, Offsite Location Longitude, Offsite Location Description, Disposition, Release Site, Release Site Latitude, Release Site Longitude, Purpose, Existing Marks, Existing Marks Quantity, Applied Marks, Applied Marks Quantity, Existing Tags, Applied Tags, Existing CWT, Existing CWT Value, Applied CWT, Applied CWT Value, Existing PIT, Applied PIT, Samples, Conditions, Recap, Injected, Weight, Notes, Group Notes, Import Custom
[INFO] 2025-09-10 03:09:18 UTC (2025-09-09 20:09:18 PT) - Successfully saved file: data/TrappingData.csv - Size: 11785136 bytes
[INFO] 2025-09-10 03:09:18 UTC (2025-09-09 20:09:18 PT) - Data summary:
[INFO] 2025-09-10 03:09:18 UTC (2025-09-09 20:09:18 PT) -   Date range: 10/10/2023 to 9/9/2022
[INFO] 2025-09-10 03:09:18 UTC (2025-09-09 20:09:18 PT) -   Total records: 20491
[INFO] 2025-09-10 03:09:18 UTC (2025-09-09 20:09:18 PT) - Download completed successfully
[INFO] 2025-09-11 03:14:34 UTC (2025-09-10 20:14:34 PT) - Starting nightly FINS data download
[INFO] 2025-09-11 03:14:34 UTC (2025-09-10 20:14:34 PT) - API key found
[INFO] 2025-09-11 03:14:34 UTC (2025-09-10 20:14:34 PT) - Current PT time: 2025-09-10 20:14:34
[INFO] 2025-09-11 03:14:34 UTC (2025-09-10 20:14:34 PT) - Requesting ALL historical trapping data through 09/11/2025 for NPT GRSME Program only
[INFO] 2025-09-11 03:15:06 UTC (2025-09-10 20:15:06 PT) - Downloaded 20491 rows of data
[INFO] 2025-09-11 03:15:06 UTC (2025-09-10 20:15:06 PT) - Columns: Finalize, Verify, Follow-Up, Trapped Date, Is Import, Facility, Trap, Trap Is Offsite, Trapping Session Name, Target Species, Target Run, Trapping Session Comments, Fish ID, Count, Species, Run, Sex, Origin, Origin Expression, Origin Description, Origin Start Date, Origin End Date, Origin Creator, Origin Creation Date, Living Status, Length, Age Designation, Age Calculated, Age Criteria Start Length, Age Criteria End Length, Age Criteria Start Date, Age Criteria End Date, Moved To Facility, Moved To, Moved To Location Type, Moved To Is Offsite, Offsite Owner Facility, Offsite Location Latitude, Offsite Location Longitude, Offsite Location Description, Disposition, Release Site, Release Site Latitude, Release Site Longitude, Purpose, Existing Marks, Existing Marks Quantity, Applied Marks, Applied Marks Quantity, Existing Tags, Applied Tags, Existing CWT, Existing CWT Value, Applied CWT, Applied CWT Value, Existing PIT, Applied PIT, Samples, Conditions, Recap, Injected, Weight, Notes, Group Notes, Import Custom
[INFO] 2025-09-11 03:15:06 UTC (2025-09-10 20:15:06 PT) - Successfully saved file: data/TrappingData.csv - Size: 11785136 bytes
[INFO] 2025-09-11 03:15:06 UTC (2025-09-10 20:15:06 PT) - Data summary:
[INFO] 2025-09-11 03:15:06 UTC (2025-09-10 20:15:06 PT) -   Date range: 10/10/2023 to 9/9/2022
[INFO] 2025-09-11 03:15:06 UTC (2025-09-10 20:15:06 PT) -   Total records: 20491
[INFO] 2025-09-11 03:15:06 UTC (2025-09-10 20:15:06 PT) - Download completed successfully
[INFO] 2025-09-12 03:09:16 UTC (2025-09-11 20:09:16 PT) - Starting nightly FINS data download
[INFO] 2025-09-12 03:09:16 UTC (2025-09-11 20:09:16 PT) - API key found
[INFO] 2025-09-12 03:09:16 UTC (2025-09-11 20:09:16 PT) - Current PT time: 2025-09-11 20:09:16
[INFO] 2025-09-12 03:09:16 UTC (2025-09-11 20:09:16 PT) - Requesting ALL historical trapping data through 09/12/2025 for NPT GRSME Program only
[INFO] 2025-09-12 03:09:52 UTC (2025-09-11 20:09:52 PT) - Downloaded 20498 rows of data
[INFO] 2025-09-12 03:09:52 UTC (2025-09-11 20:09:52 PT) - Columns: Finalize, Verify, Follow-Up, Trapped Date, Is Import, Facility, Trap, Trap Is Offsite, Trapping Session Name, Target Species, Target Run, Trapping Session Comments, Fish ID, Count, Species, Run, Sex, Origin, Origin Expression, Origin Description, Origin Start Date, Origin End Date, Origin Creator, Origin Creation Date, Living Status, Length, Age Designation, Age Calculated, Age Criteria Start Length, Age Criteria End Length, Age Criteria Start Date, Age Criteria End Date, Moved To Facility, Moved To, Moved To Location Type, Moved To Is Offsite, Offsite Owner Facility, Offsite Location Latitude, Offsite Location Longitude, Offsite Location Description, Disposition, Release Site, Release Site Latitude, Release Site Longitude, Purpose, Existing Marks, Existing Marks Quantity, Applied Marks, Applied Marks Quantity, Existing Tags, Applied Tags, Existing CWT, Existing CWT Value, Applied CWT, Applied CWT Value, Existing PIT, Applied PIT, Samples, Conditions, Recap, Injected, Weight, Notes, Group Notes, Import Custom
[INFO] 2025-09-12 03:09:52 UTC (2025-09-11 20:09:52 PT) - Successfully saved file: data/TrappingData.csv - Size: 11789376 bytes
[INFO] 2025-09-12 03:09:52 UTC (2025-09-11 20:09:52 PT) - Data summary:
[INFO] 2025-09-12 03:09:52 UTC (2025-09-11 20:09:52 PT) -   Date range: 10/10/2023 to 9/9/2025
[INFO] 2025-09-12 03:09:52 UTC (2025-09-11 20:09:52 PT) -   Total records: 20498
[INFO] 2025-09-12 03:09:52 UTC (2025-09-11 20:09:52 PT) - Download completed successfully
[INFO] 2025-09-13 03:02:20 UTC (2025-09-12 20:02:20 PT) - Starting nightly FINS data download
[INFO] 2025-09-13 03:02:20 UTC (2025-09-12 20:02:20 PT) - API key found
[INFO] 2025-09-13 03:02:20 UTC (2025-09-12 20:02:20 PT) - Current PT time: 2025-09-12 20:02:20
[INFO] 2025-09-13 03:02:20 UTC (2025-09-12 20:02:20 PT) - Requesting ALL historical trapping data through 09/13/2025 for NPT GRSME Program only
[INFO] 2025-09-13 03:02:57 UTC (2025-09-12 20:02:57 PT) - Downloaded 20505 rows of data
[INFO] 2025-09-13 03:02:57 UTC (2025-09-12 20:02:57 PT) - Columns: Finalize, Verify, Follow-Up, Trapped Date, Is Import, Facility, Trap, Trap Is Offsite, Trapping Session Name, Target Species, Target Run, Trapping Session Comments, Fish ID, Count, Species, Run, Sex, Origin, Origin Expression, Origin Description, Origin Start Date, Origin End Date, Origin Creator, Origin Creation Date, Living Status, Length, Age Designation, Age Calculated, Age Criteria Start Length, Age Criteria End Length, Age Criteria Start Date, Age Criteria End Date, Moved To Facility, Moved To, Moved To Location Type, Moved To Is Offsite, Offsite Owner Facility, Offsite Location Latitude, Offsite Location Longitude, Offsite Location Description, Disposition, Release Site, Release Site Latitude, Release Site Longitude, Purpose, Existing Marks, Existing Marks Quantity, Applied Marks, Applied Marks Quantity, Existing Tags, Applied Tags, Existing CWT, Existing CWT Value, Applied CWT, Applied CWT Value, Existing PIT, Applied PIT, Samples, Conditions, Recap, Injected, Weight, Notes, Group Notes, Import Custom
[INFO] 2025-09-13 03:02:57 UTC (2025-09-12 20:02:57 PT) - Successfully saved file: data/TrappingData.csv - Size: 11793666 bytes
[INFO] 2025-09-13 03:02:57 UTC (2025-09-12 20:02:57 PT) - Data summary:
[INFO] 2025-09-13 03:02:57 UTC (2025-09-12 20:02:57 PT) -   Date range: 10/10/2023 to 9/9/2025
[INFO] 2025-09-13 03:02:57 UTC (2025-09-12 20:02:57 PT) -   Total records: 20505
[INFO] 2025-09-13 03:02:57 UTC (2025-09-12 20:02:57 PT) - Download completed successfully
[INFO] 2025-09-14 03:23:24 UTC (2025-09-13 20:23:24 PT) - Starting nightly FINS data download
[INFO] 2025-09-14 03:23:24 UTC (2025-09-13 20:23:24 PT) - API key found
[INFO] 2025-09-14 03:23:24 UTC (2025-09-13 20:23:24 PT) - Current PT time: 2025-09-13 20:23:24
[INFO] 2025-09-14 03:23:24 UTC (2025-09-13 20:23:24 PT) - Requesting ALL historical trapping data through 09/14/2025 for NPT GRSME Program only
[INFO] 2025-09-14 03:24:00 UTC (2025-09-13 20:24:00 PT) - Downloaded 20505 rows of data
[INFO] 2025-09-14 03:24:00 UTC (2025-09-13 20:24:00 PT) - Columns: Finalize, Verify, Follow-Up, Trapped Date, Is Import, Facility, Trap, Trap Is Offsite, Trapping Session Name, Target Species, Target Run, Trapping Session Comments, Fish ID, Count, Species, Run, Sex, Origin, Origin Expression, Origin Description, Origin Start Date, Origin End Date, Origin Creator, Origin Creation Date, Living Status, Length, Age Designation, Age Calculated, Age Criteria Start Length, Age Criteria End Length, Age Criteria Start Date, Age Criteria End Date, Moved To Facility, Moved To, Moved To Location Type, Moved To Is Offsite, Offsite Owner Facility, Offsite Location Latitude, Offsite Location Longitude, Offsite Location Description, Disposition, Release Site, Release Site Latitude, Release Site Longitude, Purpose, Existing Marks, Existing Marks Quantity, Applied Marks, Applied Marks Quantity, Existing Tags, Applied Tags, Existing CWT, Existing CWT Value, Applied CWT, Applied CWT Value, Existing PIT, Applied PIT, Samples, Conditions, Recap, Injected, Weight, Notes, Group Notes, Import Custom
[INFO] 2025-09-14 03:24:00 UTC (2025-09-13 20:24:00 PT) - Successfully saved file: data/TrappingData.csv - Size: 11793666 bytes
[INFO] 2025-09-14 03:24:00 UTC (2025-09-13 20:24:00 PT) - Data summary:
[INFO] 2025-09-14 03:24:00 UTC (2025-09-13 20:24:00 PT) -   Date range: 10/10/2023 to 9/9/2025
[INFO] 2025-09-14 03:24:00 UTC (2025-09-13 20:24:00 PT) -   Total records: 20505
[INFO] 2025-09-14 03:24:00 UTC (2025-09-13 20:24:00 PT) - Download completed successfully
[INFO] 2025-09-15 03:29:08 UTC (2025-09-14 20:29:08 PT) - Starting nightly FINS data download
[INFO] 2025-09-15 03:29:08 UTC (2025-09-14 20:29:08 PT) - API key found
[INFO] 2025-09-15 03:29:08 UTC (2025-09-14 20:29:08 PT) - Current PT time: 2025-09-14 20:29:08
[INFO] 2025-09-15 03:29:08 UTC (2025-09-14 20:29:08 PT) - Requesting ALL historical trapping data through 09/15/2025 for NPT GRSME Program only
[INFO] 2025-09-15 03:29:40 UTC (2025-09-14 20:29:40 PT) - Downloaded 20505 rows of data
[INFO] 2025-09-15 03:29:40 UTC (2025-09-14 20:29:40 PT) - Columns: Finalize, Verify, Follow-Up, Trapped Date, Is Import, Facility, Trap, Trap Is Offsite, Trapping Session Name, Target Species, Target Run, Trapping Session Comments, Fish ID, Count, Species, Run, Sex, Origin, Origin Expression, Origin Description, Origin Start Date, Origin End Date, Origin Creator, Origin Creation Date, Living Status, Length, Age Designation, Age Calculated, Age Criteria Start Length, Age Criteria End Length, Age Criteria Start Date, Age Criteria End Date, Moved To Facility, Moved To, Moved To Location Type, Moved To Is Offsite, Offsite Owner Facility, Offsite Location Latitude, Offsite Location Longitude, Offsite Location Description, Disposition, Release Site, Release Site Latitude, Release Site Longitude, Purpose, Existing Marks, Existing Marks Quantity, Applied Marks, Applied Marks Quantity, Existing Tags, Applied Tags, Existing CWT, Existing CWT Value, Applied CWT, Applied CWT Value, Existing PIT, Applied PIT, Samples, Conditions, Recap, Injected, Weight, Notes, Group Notes, Import Custom
[INFO] 2025-09-15 03:29:40 UTC (2025-09-14 20:29:40 PT) - Successfully saved file: data/TrappingData.csv - Size: 11793666 bytes
[INFO] 2025-09-15 03:29:40 UTC (2025-09-14 20:29:40 PT) - Data summary:
[INFO] 2025-09-15 03:29:40 UTC (2025-09-14 20:29:40 PT) -   Date range: 10/10/2023 to 9/9/2025
[INFO] 2025-09-15 03:29:40 UTC (2025-09-14 20:29:40 PT) -   Total records: 20505
[INFO] 2025-09-15 03:29:40 UTC (2025-09-14 20:29:40 PT) - Download completed successfully
[INFO] 2025-09-16 03:11:21 UTC (2025-09-15 20:11:21 PT) - Starting nightly FINS data download
[INFO] 2025-09-16 03:11:21 UTC (2025-09-15 20:11:21 PT) - API key found
[INFO] 2025-09-16 03:11:21 UTC (2025-09-15 20:11:21 PT) - Current PT time: 2025-09-15 20:11:21
[INFO] 2025-09-16 03:11:21 UTC (2025-09-15 20:11:21 PT) - Requesting ALL historical trapping data through 09/16/2025 for NPT GRSME Program only
[INFO] 2025-09-16 03:11:54 UTC (2025-09-15 20:11:54 PT) - Downloaded 20509 rows of data
[INFO] 2025-09-16 03:11:54 UTC (2025-09-15 20:11:54 PT) - Columns: Finalize, Verify, Follow-Up, Trapped Date, Is Import, Facility, Trap, Trap Is Offsite, Trapping Session Name, Target Species, Target Run, Trapping Session Comments, Fish ID, Count, Species, Run, Sex, Origin, Origin Expression, Origin Description, Origin Start Date, Origin End Date, Origin Creator, Origin Creation Date, Living Status, Length, Age Designation, Age Calculated, Age Criteria Start Length, Age Criteria End Length, Age Criteria Start Date, Age Criteria End Date, Moved To Facility, Moved To, Moved To Location Type, Moved To Is Offsite, Offsite Owner Facility, Offsite Location Latitude, Offsite Location Longitude, Offsite Location Description, Disposition, Release Site, Release Site Latitude, Release Site Longitude, Purpose, Existing Marks, Existing Marks Quantity, Applied Marks, Applied Marks Quantity, Existing Tags, Applied Tags, Existing CWT, Existing CWT Value, Applied CWT, Applied CWT Value, Existing PIT, Applied PIT, Samples, Conditions, Recap, Injected, Weight, Notes, Group Notes, Import Custom
[INFO] 2025-09-16 03:11:54 UTC (2025-09-15 20:11:54 PT) - Successfully saved file: data/TrappingData.csv - Size: 11796080 bytes
[INFO] 2025-09-16 03:11:54 UTC (2025-09-15 20:11:54 PT) - Data summary:
[INFO] 2025-09-16 03:11:54 UTC (2025-09-15 20:11:54 PT) -   Date range: 10/10/2023 to 9/9/2025
[INFO] 2025-09-16 03:11:54 UTC (2025-09-15 20:11:54 PT) -   Total records: 20509
[INFO] 2025-09-16 03:11:54 UTC (2025-09-15 20:11:54 PT) - Download completed successfully
[INFO] 2025-09-17 03:09:20 UTC (2025-09-16 20:09:20 PT) - Starting nightly FINS data download
[INFO] 2025-09-17 03:09:20 UTC (2025-09-16 20:09:20 PT) - API key found
[INFO] 2025-09-17 03:09:20 UTC (2025-09-16 20:09:20 PT) - Current PT time: 2025-09-16 20:09:20
[INFO] 2025-09-17 03:09:20 UTC (2025-09-16 20:09:20 PT) - Requesting ALL historical trapping data through 09/17/2025 for NPT GRSME Program only
[INFO] 2025-09-17 03:09:55 UTC (2025-09-16 20:09:55 PT) - Downloaded 20511 rows of data
[INFO] 2025-09-17 03:09:55 UTC (2025-09-16 20:09:55 PT) - Columns: Finalize, Verify, Follow-Up, Trapped Date, Is Import, Facility, Trap, Trap Is Offsite, Trapping Session Name, Target Species, Target Run, Trapping Session Comments, Fish ID, Count, Species, Run, Sex, Origin, Origin Expression, Origin Description, Origin Start Date, Origin End Date, Origin Creator, Origin Creation Date, Living Status, Length, Age Designation, Age Calculated, Age Criteria Start Length, Age Criteria End Length, Age Criteria Start Date, Age Criteria End Date, Moved To Facility, Moved To, Moved To Location Type, Moved To Is Offsite, Offsite Owner Facility, Offsite Location Latitude, Offsite Location Longitude, Offsite Location Description, Disposition, Release Site, Release Site Latitude, Release Site Longitude, Purpose, Existing Marks, Existing Marks Quantity, Applied Marks, Applied Marks Quantity, Existing Tags, Applied Tags, Existing CWT, Existing CWT Value, Applied CWT, Applied CWT Value, Existing PIT, Applied PIT, Samples, Conditions, Recap, Injected, Weight, Notes, Group Notes, Import Custom
[INFO] 2025-09-17 03:09:55 UTC (2025-09-16 20:09:55 PT) - Successfully saved file: data/TrappingData.csv - Size: 11797283 bytes
[INFO] 2025-09-17 03:09:55 UTC (2025-09-16 20:09:55 PT) - Data summary:
[INFO] 2025-09-17 03:09:55 UTC (2025-09-16 20:09:55 PT) -   Date range: 10/10/2023 to 9/9/2025
[INFO] 2025-09-17 03:09:55 UTC (2025-09-16 20:09:55 PT) -   Total records: 20511
[INFO] 2025-09-17 03:09:55 UTC (2025-09-16 20:09:55 PT) - Download completed successfully
[INFO] 2025-09-18 03:11:12 UTC (2025-09-17 20:11:12 PT) - Starting nightly FINS data download
[INFO] 2025-09-18 03:11:12 UTC (2025-09-17 20:11:12 PT) - API key found
[INFO] 2025-09-18 03:11:12 UTC (2025-09-17 20:11:12 PT) - Current PT time: 2025-09-17 20:11:12
[INFO] 2025-09-18 03:11:12 UTC (2025-09-17 20:11:12 PT) - Requesting ALL historical trapping data through 09/18/2025 for NPT GRSME Program only
[INFO] 2025-09-18 03:11:44 UTC (2025-09-17 20:11:44 PT) - Downloaded 20513 rows of data
[INFO] 2025-09-18 03:11:44 UTC (2025-09-17 20:11:44 PT) - Columns: Finalize, Verify, Follow-Up, Trapped Date, Is Import, Facility, Trap, Trap Is Offsite, Trapping Session Name, Target Species, Target Run, Trapping Session Comments, Fish ID, Count, Species, Run, Sex, Origin, Origin Expression, Origin Description, Origin Start Date, Origin End Date, Origin Creator, Origin Creation Date, Living Status, Length, Age Designation, Age Calculated, Age Criteria Start Length, Age Criteria End Length, Age Criteria Start Date, Age Criteria End Date, Moved To Facility, Moved To, Moved To Location Type, Moved To Is Offsite, Offsite Owner Facility, Offsite Location Latitude, Offsite Location Longitude, Offsite Location Description, Disposition, Release Site, Release Site Latitude, Release Site Longitude, Purpose, Existing Marks, Existing Marks Quantity, Applied Marks, Applied Marks Quantity, Existing Tags, Applied Tags, Existing CWT, Existing CWT Value, Applied CWT, Applied CWT Value, Existing PIT, Applied PIT, Samples, Conditions, Recap, Injected, Weight, Notes, Group Notes, Import Custom
[INFO] 2025-09-18 03:11:45 UTC (2025-09-17 20:11:45 PT) - Successfully saved file: data/TrappingData.csv - Size: 11798493 bytes
[INFO] 2025-09-18 03:11:45 UTC (2025-09-17 20:11:45 PT) - Data summary:
[INFO] 2025-09-18 03:11:45 UTC (2025-09-17 20:11:45 PT) -   Date range: 10/10/2023 to 9/9/2025
[INFO] 2025-09-18 03:11:45 UTC (2025-09-17 20:11:45 PT) -   Total records: 20513
[INFO] 2025-09-18 03:11:45 UTC (2025-09-17 20:11:45 PT) - Download completed successfully
[INFO] 2025-09-19 03:15:58 UTC (2025-09-18 20:15:58 PT) - Starting nightly FINS data download
[INFO] 2025-09-19 03:15:58 UTC (2025-09-18 20:15:58 PT) - API key found
[INFO] 2025-09-19 03:15:58 UTC (2025-09-18 20:15:58 PT) - Current PT time: 2025-09-18 20:15:58
[INFO] 2025-09-19 03:15:58 UTC (2025-09-18 20:15:58 PT) - Requesting ALL historical trapping data through 09/19/2025 for NPT GRSME Program only
[INFO] 2025-09-19 03:16:29 UTC (2025-09-18 20:16:29 PT) - Downloaded 20515 rows of data
[INFO] 2025-09-19 03:16:29 UTC (2025-09-18 20:16:29 PT) - Columns: Finalize, Verify, Follow-Up, Trapped Date, Is Import, Facility, Trap, Trap Is Offsite, Trapping Session Name, Target Species, Target Run, Trapping Session Comments, Fish ID, Count, Species, Run, Sex, Origin, Origin Expression, Origin Description, Origin Start Date, Origin End Date, Origin Creator, Origin Creation Date, Living Status, Length, Age Designation, Age Calculated, Age Criteria Start Length, Age Criteria End Length, Age Criteria Start Date, Age Criteria End Date, Moved To Facility, Moved To, Moved To Location Type, Moved To Is Offsite, Offsite Owner Facility, Offsite Location Latitude, Offsite Location Longitude, Offsite Location Description, Disposition, Release Site, Release Site Latitude, Release Site Longitude, Purpose, Existing Marks, Existing Marks Quantity, Applied Marks, Applied Marks Quantity, Existing Tags, Applied Tags, Existing CWT, Existing CWT Value, Applied CWT, Applied CWT Value, Existing PIT, Applied PIT, Samples, Conditions, Recap, Injected, Weight, Notes, Group Notes, Import Custom
[INFO] 2025-09-19 03:16:29 UTC (2025-09-18 20:16:29 PT) - Successfully saved file: data/TrappingData.csv - Size: 11799718 bytes
[INFO] 2025-09-19 03:16:29 UTC (2025-09-18 20:16:29 PT) - Data summary:
[INFO] 2025-09-19 03:16:29 UTC (2025-09-18 20:16:29 PT) -   Date range: 10/10/2023 to 9/9/2025
[INFO] 2025-09-19 03:16:29 UTC (2025-09-18 20:16:29 PT) -   Total records: 20515
[INFO] 2025-09-19 03:16:29 UTC (2025-09-18 20:16:29 PT) - Download completed successfully
[INFO] 2025-09-20 03:11:18 UTC (2025-09-19 20:11:18 PT) - Starting nightly FINS data download
[INFO] 2025-09-20 03:11:18 UTC (2025-09-19 20:11:18 PT) - API key found
[INFO] 2025-09-20 03:11:18 UTC (2025-09-19 20:11:18 PT) - Current PT time: 2025-09-19 20:11:18
[INFO] 2025-09-20 03:11:18 UTC (2025-09-19 20:11:18 PT) - Requesting ALL historical trapping data through 09/20/2025 for NPT GRSME Program only
[INFO] 2025-09-20 03:11:51 UTC (2025-09-19 20:11:51 PT) - Downloaded 20515 rows of data
[INFO] 2025-09-20 03:11:51 UTC (2025-09-19 20:11:51 PT) - Columns: Finalize, Verify, Follow-Up, Trapped Date, Is Import, Facility, Trap, Trap Is Offsite, Trapping Session Name, Target Species, Target Run, Trapping Session Comments, Fish ID, Count, Species, Run, Sex, Origin, Origin Expression, Origin Description, Origin Start Date, Origin End Date, Origin Creator, Origin Creation Date, Living Status, Length, Age Designation, Age Calculated, Age Criteria Start Length, Age Criteria End Length, Age Criteria Start Date, Age Criteria End Date, Moved To Facility, Moved To, Moved To Location Type, Moved To Is Offsite, Offsite Owner Facility, Offsite Location Latitude, Offsite Location Longitude, Offsite Location Description, Disposition, Release Site, Release Site Latitude, Release Site Longitude, Purpose, Existing Marks, Existing Marks Quantity, Applied Marks, Applied Marks Quantity, Existing Tags, Applied Tags, Existing CWT, Existing CWT Value, Applied CWT, Applied CWT Value, Existing PIT, Applied PIT, Samples, Conditions, Recap, Injected, Weight, Notes, Group Notes, Import Custom
[INFO] 2025-09-20 03:11:51 UTC (2025-09-19 20:11:51 PT) - Successfully saved file: data/TrappingData.csv - Size: 11799718 bytes
[INFO] 2025-09-20 03:11:51 UTC (2025-09-19 20:11:51 PT) - Data summary:
[INFO] 2025-09-20 03:11:51 UTC (2025-09-19 20:11:51 PT) -   Date range: 10/10/2023 to 9/9/2025
[INFO] 2025-09-20 03:11:51 UTC (2025-09-19 20:11:51 PT) -   Total records: 20515
[INFO] 2025-09-20 03:11:51 UTC (2025-09-19 20:11:51 PT) - Download completed successfully
[INFO] 2025-09-21 03:30:32 UTC (2025-09-20 20:30:32 PT) - Starting nightly FINS data download
[INFO] 2025-09-21 03:30:32 UTC (2025-09-20 20:30:32 PT) - API key found
[INFO] 2025-09-21 03:30:32 UTC (2025-09-20 20:30:32 PT) - Current PT time: 2025-09-20 20:30:32
[INFO] 2025-09-21 03:30:32 UTC (2025-09-20 20:30:32 PT) - Requesting ALL historical trapping data through 09/21/2025 for NPT GRSME Program only
[INFO] 2025-09-21 03:31:05 UTC (2025-09-20 20:31:05 PT) - Downloaded 20515 rows of data
[INFO] 2025-09-21 03:31:05 UTC (2025-09-20 20:31:05 PT) - Columns: Finalize, Verify, Follow-Up, Trapped Date, Is Import, Facility, Trap, Trap Is Offsite, Trapping Session Name, Target Species, Target Run, Trapping Session Comments, Fish ID, Count, Species, Run, Sex, Origin, Origin Expression, Origin Description, Origin Start Date, Origin End Date, Origin Creator, Origin Creation Date, Living Status, Length, Age Designation, Age Calculated, Age Criteria Start Length, Age Criteria End Length, Age Criteria Start Date, Age Criteria End Date, Moved To Facility, Moved To, Moved To Location Type, Moved To Is Offsite, Offsite Owner Facility, Offsite Location Latitude, Offsite Location Longitude, Offsite Location Description, Disposition, Release Site, Release Site Latitude, Release Site Longitude, Purpose, Existing Marks, Existing Marks Quantity, Applied Marks, Applied Marks Quantity, Existing Tags, Applied Tags, Existing CWT, Existing CWT Value, Applied CWT, Applied CWT Value, Existing PIT, Applied PIT, Samples, Conditions, Recap, Injected, Weight, Notes, Group Notes, Import Custom
[INFO] 2025-09-21 03:31:05 UTC (2025-09-20 20:31:05 PT) - Successfully saved file: data/TrappingData.csv - Size: 11799718 bytes
[INFO] 2025-09-21 03:31:05 UTC (2025-09-20 20:31:05 PT) - Data summary:
[INFO] 2025-09-21 03:31:05 UTC (2025-09-20 20:31:05 PT) -   Date range: 10/10/2023 to 9/9/2025
[INFO] 2025-09-21 03:31:05 UTC (2025-09-20 20:31:05 PT) -   Total records: 20515
[INFO] 2025-09-21 03:31:05 UTC (2025-09-20 20:31:05 PT) - Download completed successfully
[INFO] 2025-09-22 03:30:46 UTC (2025-09-21 20:30:46 PT) - Starting nightly FINS data download
[INFO] 2025-09-22 03:30:46 UTC (2025-09-21 20:30:46 PT) - API key found
[INFO] 2025-09-22 03:30:46 UTC (2025-09-21 20:30:46 PT) - Current PT time: 2025-09-21 20:30:46
[INFO] 2025-09-22 03:30:46 UTC (2025-09-21 20:30:46 PT) - Requesting ALL historical trapping data through 09/22/2025 for NPT GRSME Program only
[INFO] 2025-09-22 03:31:19 UTC (2025-09-21 20:31:19 PT) - Downloaded 20515 rows of data
[INFO] 2025-09-22 03:31:19 UTC (2025-09-21 20:31:19 PT) - Columns: Finalize, Verify, Follow-Up, Trapped Date, Is Import, Facility, Trap, Trap Is Offsite, Trapping Session Name, Target Species, Target Run, Trapping Session Comments, Fish ID, Count, Species, Run, Sex, Origin, Origin Expression, Origin Description, Origin Start Date, Origin End Date, Origin Creator, Origin Creation Date, Living Status, Length, Age Designation, Age Calculated, Age Criteria Start Length, Age Criteria End Length, Age Criteria Start Date, Age Criteria End Date, Moved To Facility, Moved To, Moved To Location Type, Moved To Is Offsite, Offsite Owner Facility, Offsite Location Latitude, Offsite Location Longitude, Offsite Location Description, Disposition, Release Site, Release Site Latitude, Release Site Longitude, Purpose, Existing Marks, Existing Marks Quantity, Applied Marks, Applied Marks Quantity, Existing Tags, Applied Tags, Existing CWT, Existing CWT Value, Applied CWT, Applied CWT Value, Existing PIT, Applied PIT, Samples, Conditions, Recap, Injected, Weight, Notes, Group Notes, Import Custom
[INFO] 2025-09-22 03:31:19 UTC (2025-09-21 20:31:19 PT) - Successfully saved file: data/TrappingData.csv - Size: 11799718 bytes
[INFO] 2025-09-22 03:31:19 UTC (2025-09-21 20:31:19 PT) - Data summary:
[INFO] 2025-09-22 03:31:19 UTC (2025-09-21 20:31:19 PT) -   Date range: 10/10/2023 to 9/9/2025
[INFO] 2025-09-22 03:31:19 UTC (2025-09-21 20:31:19 PT) -   Total records: 20515
[INFO] 2025-09-22 03:31:19 UTC (2025-09-21 20:31:19 PT) - Download completed successfully
[INFO] 2025-09-23 03:12:41 UTC (2025-09-22 20:12:41 PT) - Starting nightly FINS data download
[INFO] 2025-09-23 03:12:41 UTC (2025-09-22 20:12:41 PT) - API key found
[INFO] 2025-09-23 03:12:41 UTC (2025-09-22 20:12:41 PT) - Current PT time: 2025-09-22 20:12:41
[INFO] 2025-09-23 03:12:41 UTC (2025-09-22 20:12:41 PT) - Requesting ALL historical trapping data through 09/23/2025 for NPT GRSME Program only
[INFO] 2025-09-23 03:13:14 UTC (2025-09-22 20:13:14 PT) - Downloaded 20515 rows of data
[INFO] 2025-09-23 03:13:14 UTC (2025-09-22 20:13:14 PT) - Columns: Finalize, Verify, Follow-Up, Trapped Date, Is Import, Facility, Trap, Trap Is Offsite, Trapping Session Name, Target Species, Target Run, Trapping Session Comments, Fish ID, Count, Species, Run, Sex, Origin, Origin Expression, Origin Description, Origin Start Date, Origin End Date, Origin Creator, Origin Creation Date, Living Status, Length, Age Designation, Age Calculated, Age Criteria Start Length, Age Criteria End Length, Age Criteria Start Date, Age Criteria End Date, Moved To Facility, Moved To, Moved To Location Type, Moved To Is Offsite, Offsite Owner Facility, Offsite Location Latitude, Offsite Location Longitude, Offsite Location Description, Disposition, Release Site, Release Site Latitude, Release Site Longitude, Purpose, Existing Marks, Existing Marks Quantity, Applied Marks, Applied Marks Quantity, Existing Tags, Applied Tags, Existing CWT, Existing CWT Value, Applied CWT, Applied CWT Value, Existing PIT, Applied PIT, Samples, Conditions, Recap, Injected, Weight, Notes, Group Notes, Import Custom
[INFO] 2025-09-23 03:13:14 UTC (2025-09-22 20:13:14 PT) - Successfully saved file: data/TrappingData.csv - Size: 11799718 bytes
[INFO] 2025-09-23 03:13:14 UTC (2025-09-22 20:13:14 PT) - Data summary:
[INFO] 2025-09-23 03:13:14 UTC (2025-09-22 20:13:14 PT) -   Date range: 10/10/2023 to 9/9/2025
[INFO] 2025-09-23 03:13:14 UTC (2025-09-22 20:13:14 PT) -   Total records: 20515
[INFO] 2025-09-23 03:13:14 UTC (2025-09-22 20:13:14 PT) - Download completed successfully
[INFO] 2025-09-24 03:13:11 UTC (2025-09-23 20:13:11 PT) - Starting nightly FINS data download
[INFO] 2025-09-24 03:13:11 UTC (2025-09-23 20:13:11 PT) - API key found
[INFO] 2025-09-24 03:13:11 UTC (2025-09-23 20:13:11 PT) - Current PT time: 2025-09-23 20:13:11
[INFO] 2025-09-24 03:13:11 UTC (2025-09-23 20:13:11 PT) - Requesting ALL historical trapping data through 09/24/2025 for NPT GRSME Program only
[INFO] 2025-09-24 03:13:45 UTC (2025-09-23 20:13:45 PT) - Downloaded 20515 rows of data
[INFO] 2025-09-24 03:13:45 UTC (2025-09-23 20:13:45 PT) - Columns: Finalize, Verify, Follow-Up, Trapped Date, Is Import, Facility, Trap, Trap Is Offsite, Trapping Session Name, Target Species, Target Run, Trapping Session Comments, Fish ID, Count, Species, Run, Sex, Origin, Origin Expression, Origin Description, Origin Start Date, Origin End Date, Origin Creator, Origin Creation Date, Living Status, Length, Age Designation, Age Calculated, Age Criteria Start Length, Age Criteria End Length, Age Criteria Start Date, Age Criteria End Date, Moved To Facility, Moved To, Moved To Location Type, Moved To Is Offsite, Offsite Owner Facility, Offsite Location Latitude, Offsite Location Longitude, Offsite Location Description, Disposition, Release Site, Release Site Latitude, Release Site Longitude, Purpose, Existing Marks, Existing Marks Quantity, Applied Marks, Applied Marks Quantity, Existing Tags, Applied Tags, Existing CWT, Existing CWT Value, Applied CWT, Applied CWT Value, Existing PIT, Applied PIT, Samples, Conditions, Recap, Injected, Weight, Notes, Group Notes, Import Custom
[INFO] 2025-09-24 03:13:45 UTC (2025-09-23 20:13:45 PT) - Successfully saved file: data/TrappingData.csv - Size: 11799762 bytes
[INFO] 2025-09-24 03:13:45 UTC (2025-09-23 20:13:45 PT) - Data summary:
[INFO] 2025-09-24 03:13:45 UTC (2025-09-23 20:13:45 PT) -   Date range: 10/10/2023 to 9/9/2025
[INFO] 2025-09-24 03:13:45 UTC (2025-09-23 20:13:45 PT) -   Total records: 20515
[INFO] 2025-09-24 03:13:45 UTC (2025-09-23 20:13:45 PT) - Download completed successfully
[INFO] 2025-09-25 03:17:10 UTC (2025-09-24 20:17:10 PT) - Starting nightly FINS data download
[INFO] 2025-09-25 03:17:10 UTC (2025-09-24 20:17:10 PT) - API key found
[INFO] 2025-09-25 03:17:10 UTC (2025-09-24 20:17:10 PT) - Current PT time: 2025-09-24 20:17:10
[INFO] 2025-09-25 03:17:10 UTC (2025-09-24 20:17:10 PT) - Requesting ALL historical trapping data through 09/25/2025 for NPT GRSME Program only
[INFO] 2025-09-25 03:17:43 UTC (2025-09-24 20:17:43 PT) - Downloaded 20515 rows of data
[INFO] 2025-09-25 03:17:43 UTC (2025-09-24 20:17:43 PT) - Columns: Finalize, Verify, Follow-Up, Trapped Date, Is Import, Facility, Trap, Trap Is Offsite, Trapping Session Name, Target Species, Target Run, Trapping Session Comments, Fish ID, Count, Species, Run, Sex, Origin, Origin Expression, Origin Description, Origin Start Date, Origin End Date, Origin Creator, Origin Creation Date, Living Status, Length, Age Designation, Age Calculated, Age Criteria Start Length, Age Criteria End Length, Age Criteria Start Date, Age Criteria End Date, Moved To Facility, Moved To, Moved To Location Type, Moved To Is Offsite, Offsite Owner Facility, Offsite Location Latitude, Offsite Location Longitude, Offsite Location Description, Disposition, Release Site, Release Site Latitude, Release Site Longitude, Purpose, Existing Marks, Existing Marks Quantity, Applied Marks, Applied Marks Quantity, Existing Tags, Applied Tags, Existing CWT, Existing CWT Value, Applied CWT, Applied CWT Value, Existing PIT, Applied PIT, Samples, Conditions, Recap, Injected, Weight, Notes, Group Notes, Import Custom
[INFO] 2025-09-25 03:17:43 UTC (2025-09-24 20:17:43 PT) - Successfully saved file: data/TrappingData.csv - Size: 11799767 bytes
[INFO] 2025-09-25 03:17:43 UTC (2025-09-24 20:17:43 PT) - Data summary:
[INFO] 2025-09-25 03:17:43 UTC (2025-09-24 20:17:43 PT) -   Date range: 10/10/2023 to 9/9/2025
[INFO] 2025-09-25 03:17:43 UTC (2025-09-24 20:17:43 PT) -   Total records: 20515
[INFO] 2025-09-25 03:17:43 UTC (2025-09-24 20:17:43 PT) - Download completed successfully
[INFO] 2025-09-26 03:14:13 UTC (2025-09-25 20:14:13 PT) - Starting nightly FINS data download
[INFO] 2025-09-26 03:14:13 UTC (2025-09-25 20:14:13 PT) - API key found
[INFO] 2025-09-26 03:14:13 UTC (2025-09-25 20:14:13 PT) - Current PT time: 2025-09-25 20:14:13
[INFO] 2025-09-26 03:14:13 UTC (2025-09-25 20:14:13 PT) - Requesting ALL historical trapping data through 09/26/2025 for NPT GRSME Program only
[INFO] 2025-09-26 03:14:47 UTC (2025-09-25 20:14:47 PT) - Downloaded 20515 rows of data
[INFO] 2025-09-26 03:14:47 UTC (2025-09-25 20:14:47 PT) - Columns: Finalize, Verify, Follow-Up, Trapped Date, Is Import, Facility, Trap, Trap Is Offsite, Trapping Session Name, Target Species, Target Run, Trapping Session Comments, Fish ID, Count, Species, Run, Sex, Origin, Origin Expression, Origin Description, Origin Start Date, Origin End Date, Origin Creator, Origin Creation Date, Living Status, Length, Age Designation, Age Calculated, Age Criteria Start Length, Age Criteria End Length, Age Criteria Start Date, Age Criteria End Date, Moved To Facility, Moved To, Moved To Location Type, Moved To Is Offsite, Offsite Owner Facility, Offsite Location Latitude, Offsite Location Longitude, Offsite Location Description, Disposition, Release Site, Release Site Latitude, Release Site Longitude, Purpose, Existing Marks, Existing Marks Quantity, Applied Marks, Applied Marks Quantity, Existing Tags, Applied Tags, Existing CWT, Existing CWT Value, Applied CWT, Applied CWT Value, Existing PIT, Applied PIT, Samples, Conditions, Recap, Injected, Weight, Notes, Group Notes, Import Custom
[INFO] 2025-09-26 03:14:47 UTC (2025-09-25 20:14:47 PT) - Successfully saved file: data/TrappingData.csv - Size: 11799752 bytes
[INFO] 2025-09-26 03:14:47 UTC (2025-09-25 20:14:47 PT) - Data summary:
[INFO] 2025-09-26 03:14:47 UTC (2025-09-25 20:14:47 PT) -   Date range: 10/10/2023 to 9/9/2025
[INFO] 2025-09-26 03:14:47 UTC (2025-09-25 20:14:47 PT) -   Total records: 20515
[INFO] 2025-09-26 03:14:47 UTC (2025-09-25 20:14:47 PT) - Download completed successfully
[INFO] 2025-09-27 03:08:51 UTC (2025-09-26 20:08:51 PT) - Starting nightly FINS data download
[INFO] 2025-09-27 03:08:51 UTC (2025-09-26 20:08:51 PT) - API key found
[INFO] 2025-09-27 03:08:51 UTC (2025-09-26 20:08:51 PT) - Current PT time: 2025-09-26 20:08:51
[INFO] 2025-09-27 03:08:51 UTC (2025-09-26 20:08:51 PT) - Requesting ALL historical trapping data through 09/27/2025 for NPT GRSME Program only
[INFO] 2025-09-27 03:09:27 UTC (2025-09-26 20:09:27 PT) - Downloaded 20515 rows of data
[INFO] 2025-09-27 03:09:27 UTC (2025-09-26 20:09:27 PT) - Columns: Finalize, Verify, Follow-Up, Trapped Date, Is Import, Facility, Trap, Trap Is Offsite, Trapping Session Name, Target Species, Target Run, Trapping Session Comments, Fish ID, Count, Species, Run, Sex, Origin, Origin Expression, Origin Description, Origin Start Date, Origin End Date, Origin Creator, Origin Creation Date, Living Status, Length, Age Designation, Age Calculated, Age Criteria Start Length, Age Criteria End Length, Age Criteria Start Date, Age Criteria End Date, Moved To Facility, Moved To, Moved To Location Type, Moved To Is Offsite, Offsite Owner Facility, Offsite Location Latitude, Offsite Location Longitude, Offsite Location Description, Disposition, Release Site, Release Site Latitude, Release Site Longitude, Purpose, Existing Marks, Existing Marks Quantity, Applied Marks, Applied Marks Quantity, Existing Tags, Applied Tags, Existing CWT, Existing CWT Value, Applied CWT, Applied CWT Value, Existing PIT, Applied PIT, Samples, Conditions, Recap, Injected, Weight, Notes, Group Notes, Import Custom
[INFO] 2025-09-27 03:09:27 UTC (2025-09-26 20:09:27 PT) - Successfully saved file: data/TrappingData.csv - Size: 11799752 bytes
[INFO] 2025-09-27 03:09:27 UTC (2025-09-26 20:09:27 PT) - Data summary:
[INFO] 2025-09-27 03:09:27 UTC (2025-09-26 20:09:27 PT) -   Date range: 10/10/2023 to 9/9/2025
[INFO] 2025-09-27 03:09:27 UTC (2025-09-26 20:09:27 PT) -   Total records: 20515
[INFO] 2025-09-27 03:09:27 UTC (2025-09-26 20:09:27 PT) - Download completed successfully
[INFO] 2025-09-28 03:30:14 UTC (2025-09-27 20:30:14 PT) - Starting nightly FINS data download
[INFO] 2025-09-28 03:30:14 UTC (2025-09-27 20:30:14 PT) - API key found
[INFO] 2025-09-28 03:30:14 UTC (2025-09-27 20:30:14 PT) - Current PT time: 2025-09-27 20:30:14
[INFO] 2025-09-28 03:30:14 UTC (2025-09-27 20:30:14 PT) - Requesting ALL historical trapping data through 09/28/2025 for NPT GRSME Program only
[INFO] 2025-09-28 03:30:44 UTC (2025-09-27 20:30:44 PT) - Downloaded 20515 rows of data
[INFO] 2025-09-28 03:30:44 UTC (2025-09-27 20:30:44 PT) - Columns: Finalize, Verify, Follow-Up, Trapped Date, Is Import, Facility, Trap, Trap Is Offsite, Trapping Session Name, Target Species, Target Run, Trapping Session Comments, Fish ID, Count, Species, Run, Sex, Origin, Origin Expression, Origin Description, Origin Start Date, Origin End Date, Origin Creator, Origin Creation Date, Living Status, Length, Age Designation, Age Calculated, Age Criteria Start Length, Age Criteria End Length, Age Criteria Start Date, Age Criteria End Date, Moved To Facility, Moved To, Moved To Location Type, Moved To Is Offsite, Offsite Owner Facility, Offsite Location Latitude, Offsite Location Longitude, Offsite Location Description, Disposition, Release Site, Release Site Latitude, Release Site Longitude, Purpose, Existing Marks, Existing Marks Quantity, Applied Marks, Applied Marks Quantity, Existing Tags, Applied Tags, Existing CWT, Existing CWT Value, Applied CWT, Applied CWT Value, Existing PIT, Applied PIT, Samples, Conditions, Recap, Injected, Weight, Notes, Group Notes, Import Custom
[INFO] 2025-09-28 03:30:44 UTC (2025-09-27 20:30:44 PT) - Successfully saved file: data/TrappingData.csv - Size: 11799752 bytes
[INFO] 2025-09-28 03:30:44 UTC (2025-09-27 20:30:44 PT) - Data summary:
[INFO] 2025-09-28 03:30:44 UTC (2025-09-27 20:30:44 PT) -   Date range: 10/10/2023 to 9/9/2025
[INFO] 2025-09-28 03:30:44 UTC (2025-09-27 20:30:44 PT) -   Total records: 20515
[INFO] 2025-09-28 03:30:44 UTC (2025-09-27 20:30:44 PT) - Download completed successfully
[INFO] 2025-09-29 03:28:53 UTC (2025-09-28 20:28:53 PT) - Starting nightly FINS data download
[INFO] 2025-09-29 03:28:53 UTC (2025-09-28 20:28:53 PT) - API key found
[INFO] 2025-09-29 03:28:53 UTC (2025-09-28 20:28:53 PT) - Current PT time: 2025-09-28 20:28:53
[INFO] 2025-09-29 03:28:53 UTC (2025-09-28 20:28:53 PT) - Requesting ALL historical trapping data through 09/29/2025 for NPT GRSME Program only
[INFO] 2025-09-29 03:29:29 UTC (2025-09-28 20:29:29 PT) - Downloaded 20515 rows of data
[INFO] 2025-09-29 03:29:29 UTC (2025-09-28 20:29:29 PT) - Columns: Finalize, Verify, Follow-Up, Trapped Date, Is Import, Facility, Trap, Trap Is Offsite, Trapping Session Name, Target Species, Target Run, Trapping Session Comments, Fish ID, Count, Species, Run, Sex, Origin, Origin Expression, Origin Description, Origin Start Date, Origin End Date, Origin Creator, Origin Creation Date, Living Status, Length, Age Designation, Age Calculated, Age Criteria Start Length, Age Criteria End Length, Age Criteria Start Date, Age Criteria End Date, Moved To Facility, Moved To, Moved To Location Type, Moved To Is Offsite, Offsite Owner Facility, Offsite Location Latitude, Offsite Location Longitude, Offsite Location Description, Disposition, Release Site, Release Site Latitude, Release Site Longitude, Purpose, Existing Marks, Existing Marks Quantity, Applied Marks, Applied Marks Quantity, Existing Tags, Applied Tags, Existing CWT, Existing CWT Value, Applied CWT, Applied CWT Value, Existing PIT, Applied PIT, Samples, Conditions, Recap, Injected, Weight, Notes, Group Notes, Import Custom
[INFO] 2025-09-29 03:29:29 UTC (2025-09-28 20:29:29 PT) - Successfully saved file: data/TrappingData.csv - Size: 11799752 bytes
[INFO] 2025-09-29 03:29:29 UTC (2025-09-28 20:29:29 PT) - Data summary:
[INFO] 2025-09-29 03:29:29 UTC (2025-09-28 20:29:29 PT) -   Date range: 10/10/2023 to 9/9/2025
[INFO] 2025-09-29 03:29:29 UTC (2025-09-28 20:29:29 PT) -   Total records: 20515
[INFO] 2025-09-29 03:29:29 UTC (2025-09-28 20:29:29 PT) - Download completed successfully
[INFO] 2025-10-01 03:32:12 UTC (2025-09-30 20:32:12 PT) - Starting nightly FINS data download
[INFO] 2025-10-01 03:32:12 UTC (2025-09-30 20:32:12 PT) - API key found
[INFO] 2025-10-01 03:32:12 UTC (2025-09-30 20:32:12 PT) - Current PT time: 2025-09-30 20:32:12
[INFO] 2025-10-01 03:32:12 UTC (2025-09-30 20:32:12 PT) - Requesting ALL historical trapping data through 10/01/2025 for NPT GRSME Program only
[INFO] 2025-10-01 03:32:47 UTC (2025-09-30 20:32:47 PT) - Downloaded 20515 rows of data
[INFO] 2025-10-01 03:32:47 UTC (2025-09-30 20:32:47 PT) - Columns: Finalize, Verify, Follow-Up, Trapped Date, Is Import, Facility, Trap, Trap Is Offsite, Trapping Session Name, Target Species, Target Run, Trapping Session Comments, Fish ID, Count, Species, Run, Sex, Origin, Origin Expression, Origin Description, Origin Start Date, Origin End Date, Origin Creator, Origin Creation Date, Living Status, Length, Age Designation, Age Calculated, Age Criteria Start Length, Age Criteria End Length, Age Criteria Start Date, Age Criteria End Date, Moved To Facility, Moved To, Moved To Location Type, Moved To Is Offsite, Offsite Owner Facility, Offsite Location Latitude, Offsite Location Longitude, Offsite Location Description, Disposition, Release Site, Release Site Latitude, Release Site Longitude, Purpose, Existing Marks, Existing Marks Quantity, Applied Marks, Applied Marks Quantity, Existing Tags, Applied Tags, Existing CWT, Existing CWT Value, Applied CWT, Applied CWT Value, Existing PIT, Applied PIT, Samples, Conditions, Recap, Injected, Weight, Notes, Group Notes, Import Custom
[INFO] 2025-10-01 03:32:47 UTC (2025-09-30 20:32:47 PT) - Successfully saved file: data/TrappingData.csv - Size: 11799752 bytes
[INFO] 2025-10-01 03:32:47 UTC (2025-09-30 20:32:47 PT) - Data summary:
[INFO] 2025-10-01 03:32:47 UTC (2025-09-30 20:32:47 PT) -   Date range: 10/10/2023 to 9/9/2025
[INFO] 2025-10-01 03:32:47 UTC (2025-09-30 20:32:47 PT) -   Total records: 20515
[INFO] 2025-10-01 03:32:47 UTC (2025-09-30 20:32:47 PT) - Download completed successfully
[INFO] 2025-10-02 03:12:56 UTC (2025-10-01 20:12:56 PT) - Starting nightly FINS data download
[INFO] 2025-10-02 03:12:56 UTC (2025-10-01 20:12:56 PT) - API key found
[INFO] 2025-10-02 03:12:56 UTC (2025-10-01 20:12:56 PT) - Current PT time: 2025-10-01 20:12:56
[INFO] 2025-10-02 03:12:56 UTC (2025-10-01 20:12:56 PT) - Requesting ALL historical trapping data through 10/02/2025 for NPT GRSME Program only
[INFO] 2025-10-02 03:13:32 UTC (2025-10-01 20:13:32 PT) - Downloaded 20515 rows of data
[INFO] 2025-10-02 03:13:32 UTC (2025-10-01 20:13:32 PT) - Columns: Finalize, Verify, Follow-Up, Trapped Date, Is Import, Facility, Trap, Trap Is Offsite, Trapping Session Name, Target Species, Target Run, Trapping Session Comments, Fish ID, Count, Species, Run, Sex, Origin, Origin Expression, Origin Description, Origin Start Date, Origin End Date, Origin Creator, Origin Creation Date, Living Status, Length, Age Designation, Age Calculated, Age Criteria Start Length, Age Criteria End Length, Age Criteria Start Date, Age Criteria End Date, Moved To Facility, Moved To, Moved To Location Type, Moved To Is Offsite, Offsite Owner Facility, Offsite Location Latitude, Offsite Location Longitude, Offsite Location Description, Disposition, Release Site, Release Site Latitude, Release Site Longitude, Purpose, Existing Marks, Existing Marks Quantity, Applied Marks, Applied Marks Quantity, Existing Tags, Applied Tags, Existing CWT, Existing CWT Value, Applied CWT, Applied CWT Value, Existing PIT, Applied PIT, Samples, Conditions, Recap, Injected, Weight, Notes, Group Notes, Import Custom
[INFO] 2025-10-02 03:13:32 UTC (2025-10-01 20:13:32 PT) - Successfully saved file: data/TrappingData.csv - Size: 11799752 bytes
[INFO] 2025-10-02 03:13:32 UTC (2025-10-01 20:13:32 PT) - Data summary:
[INFO] 2025-10-02 03:13:32 UTC (2025-10-01 20:13:32 PT) -   Date range: 10/10/2023 to 9/9/2025
[INFO] 2025-10-02 03:13:32 UTC (2025-10-01 20:13:32 PT) -   Total records: 20515
[INFO] 2025-10-02 03:13:32 UTC (2025-10-01 20:13:32 PT) - Download completed successfully
[INFO] 2025-10-03 03:12:01 UTC (2025-10-02 20:12:01 PT) - Starting nightly FINS data download
[INFO] 2025-10-03 03:12:01 UTC (2025-10-02 20:12:01 PT) - API key found
[INFO] 2025-10-03 03:12:01 UTC (2025-10-02 20:12:01 PT) - Current PT time: 2025-10-02 20:12:01
[INFO] 2025-10-03 03:12:01 UTC (2025-10-02 20:12:01 PT) - Requesting ALL historical trapping data through 10/03/2025 for NPT GRSME Program only
[INFO] 2025-10-03 03:12:32 UTC (2025-10-02 20:12:32 PT) - Downloaded 20515 rows of data
[INFO] 2025-10-03 03:12:32 UTC (2025-10-02 20:12:32 PT) - Columns: Finalize, Verify, Follow-Up, Trapped Date, Is Import, Facility, Trap, Trap Is Offsite, Trapping Session Name, Target Species, Target Run, Trapping Session Comments, Fish ID, Count, Species, Run, Sex, Origin, Origin Expression, Origin Description, Origin Start Date, Origin End Date, Origin Creator, Origin Creation Date, Living Status, Length, Age Designation, Age Calculated, Age Criteria Start Length, Age Criteria End Length, Age Criteria Start Date, Age Criteria End Date, Moved To Facility, Moved To, Moved To Location Type, Moved To Is Offsite, Offsite Owner Facility, Offsite Location Latitude, Offsite Location Longitude, Offsite Location Description, Disposition, Release Site, Release Site Latitude, Release Site Longitude, Purpose, Existing Marks, Existing Marks Quantity, Applied Marks, Applied Marks Quantity, Existing Tags, Applied Tags, Existing CWT, Existing CWT Value, Applied CWT, Applied CWT Value, Existing PIT, Applied PIT, Samples, Conditions, Recap, Injected, Weight, Notes, Group Notes, Import Custom
[INFO] 2025-10-03 03:12:32 UTC (2025-10-02 20:12:32 PT) - Successfully saved file: data/TrappingData.csv - Size: 11799752 bytes
[INFO] 2025-10-03 03:12:32 UTC (2025-10-02 20:12:32 PT) - Data summary:
[INFO] 2025-10-03 03:12:32 UTC (2025-10-02 20:12:32 PT) -   Date range: 10/10/2023 to 9/9/2025
[INFO] 2025-10-03 03:12:32 UTC (2025-10-02 20:12:32 PT) -   Total records: 20515
[INFO] 2025-10-03 03:12:32 UTC (2025-10-02 20:12:32 PT) - Download completed successfully
[INFO] 2025-10-04 03:07:27 UTC (2025-10-03 20:07:27 PT) - Starting nightly FINS data download
[INFO] 2025-10-04 03:07:27 UTC (2025-10-03 20:07:27 PT) - API key found
[INFO] 2025-10-04 03:07:27 UTC (2025-10-03 20:07:27 PT) - Current PT time: 2025-10-03 20:07:27
[INFO] 2025-10-04 03:07:27 UTC (2025-10-03 20:07:27 PT) - Requesting ALL historical trapping data through 10/04/2025 for NPT GRSME Program only
[INFO] 2025-10-04 03:08:03 UTC (2025-10-03 20:08:03 PT) - Downloaded 20515 rows of data
[INFO] 2025-10-04 03:08:03 UTC (2025-10-03 20:08:03 PT) - Columns: Finalize, Verify, Follow-Up, Trapped Date, Is Import, Facility, Trap, Trap Is Offsite, Trapping Session Name, Target Species, Target Run, Trapping Session Comments, Fish ID, Count, Species, Run, Sex, Origin, Origin Expression, Origin Description, Origin Start Date, Origin End Date, Origin Creator, Origin Creation Date, Living Status, Length, Age Designation, Age Calculated, Age Criteria Start Length, Age Criteria End Length, Age Criteria Start Date, Age Criteria End Date, Moved To Facility, Moved To, Moved To Location Type, Moved To Is Offsite, Offsite Owner Facility, Offsite Location Latitude, Offsite Location Longitude, Offsite Location Description, Disposition, Release Site, Release Site Latitude, Release Site Longitude, Purpose, Existing Marks, Existing Marks Quantity, Applied Marks, Applied Marks Quantity, Existing Tags, Applied Tags, Existing CWT, Existing CWT Value, Applied CWT, Applied CWT Value, Existing PIT, Applied PIT, Samples, Conditions, Recap, Injected, Weight, Notes, Group Notes, Import Custom
[INFO] 2025-10-04 03:08:03 UTC (2025-10-03 20:08:03 PT) - Successfully saved file: data/TrappingData.csv - Size: 11799752 bytes
[INFO] 2025-10-04 03:08:03 UTC (2025-10-03 20:08:03 PT) - Data summary:
[INFO] 2025-10-04 03:08:03 UTC (2025-10-03 20:08:03 PT) -   Date range: 10/10/2023 to 9/9/2025
[INFO] 2025-10-04 03:08:03 UTC (2025-10-03 20:08:03 PT) -   Total records: 20515
[INFO] 2025-10-04 03:08:03 UTC (2025-10-03 20:08:03 PT) - Download completed successfully
[INFO] 2025-10-05 03:28:04 UTC (2025-10-04 20:28:04 PT) - Starting nightly FINS data download
[INFO] 2025-10-05 03:28:05 UTC (2025-10-04 20:28:05 PT) - API key found
[INFO] 2025-10-05 03:28:05 UTC (2025-10-04 20:28:05 PT) - Current PT time: 2025-10-04 20:28:05
[INFO] 2025-10-05 03:28:05 UTC (2025-10-04 20:28:05 PT) - Requesting ALL historical trapping data through 10/05/2025 for NPT GRSME Program only
[INFO] 2025-10-05 03:28:37 UTC (2025-10-04 20:28:37 PT) - Downloaded 20515 rows of data
[INFO] 2025-10-05 03:28:37 UTC (2025-10-04 20:28:37 PT) - Columns: Finalize, Verify, Follow-Up, Trapped Date, Is Import, Facility, Trap, Trap Is Offsite, Trapping Session Name, Target Species, Target Run, Trapping Session Comments, Fish ID, Count, Species, Run, Sex, Origin, Origin Expression, Origin Description, Origin Start Date, Origin End Date, Origin Creator, Origin Creation Date, Living Status, Length, Age Designation, Age Calculated, Age Criteria Start Length, Age Criteria End Length, Age Criteria Start Date, Age Criteria End Date, Moved To Facility, Moved To, Moved To Location Type, Moved To Is Offsite, Offsite Owner Facility, Offsite Location Latitude, Offsite Location Longitude, Offsite Location Description, Disposition, Release Site, Release Site Latitude, Release Site Longitude, Purpose, Existing Marks, Existing Marks Quantity, Applied Marks, Applied Marks Quantity, Existing Tags, Applied Tags, Existing CWT, Existing CWT Value, Applied CWT, Applied CWT Value, Existing PIT, Applied PIT, Samples, Conditions, Recap, Injected, Weight, Notes, Group Notes, Import Custom
[INFO] 2025-10-05 03:28:38 UTC (2025-10-04 20:28:38 PT) - Successfully saved file: data/TrappingData.csv - Size: 11799752 bytes
[INFO] 2025-10-05 03:28:38 UTC (2025-10-04 20:28:38 PT) - Data summary:
[INFO] 2025-10-05 03:28:38 UTC (2025-10-04 20:28:38 PT) -   Date range: 10/10/2023 to 9/9/2025
[INFO] 2025-10-05 03:28:38 UTC (2025-10-04 20:28:38 PT) -   Total records: 20515
[INFO] 2025-10-05 03:28:38 UTC (2025-10-04 20:28:38 PT) - Download completed successfully
[INFO] 2025-10-06 03:24:58 UTC (2025-10-05 20:24:58 PT) - Starting nightly FINS data download
[INFO] 2025-10-06 03:24:58 UTC (2025-10-05 20:24:58 PT) - API key found
[INFO] 2025-10-06 03:24:58 UTC (2025-10-05 20:24:58 PT) - Current PT time: 2025-10-05 20:24:58
[INFO] 2025-10-06 03:24:58 UTC (2025-10-05 20:24:58 PT) - Requesting ALL historical trapping data through 10/06/2025 for NPT GRSME Program only
[INFO] 2025-10-06 03:25:32 UTC (2025-10-05 20:25:32 PT) - Downloaded 20515 rows of data
[INFO] 2025-10-06 03:25:32 UTC (2025-10-05 20:25:32 PT) - Columns: Finalize, Verify, Follow-Up, Trapped Date, Is Import, Facility, Trap, Trap Is Offsite, Trapping Session Name, Target Species, Target Run, Trapping Session Comments, Fish ID, Count, Species, Run, Sex, Origin, Origin Expression, Origin Description, Origin Start Date, Origin End Date, Origin Creator, Origin Creation Date, Living Status, Length, Age Designation, Age Calculated, Age Criteria Start Length, Age Criteria End Length, Age Criteria Start Date, Age Criteria End Date, Moved To Facility, Moved To, Moved To Location Type, Moved To Is Offsite, Offsite Owner Facility, Offsite Location Latitude, Offsite Location Longitude, Offsite Location Description, Disposition, Release Site, Release Site Latitude, Release Site Longitude, Purpose, Existing Marks, Existing Marks Quantity, Applied Marks, Applied Marks Quantity, Existing Tags, Applied Tags, Existing CWT, Existing CWT Value, Applied CWT, Applied CWT Value, Existing PIT, Applied PIT, Samples, Conditions, Recap, Injected, Weight, Notes, Group Notes, Import Custom
[INFO] 2025-10-06 03:25:32 UTC (2025-10-05 20:25:32 PT) - Successfully saved file: data/TrappingData.csv - Size: 11799752 bytes
[INFO] 2025-10-06 03:25:32 UTC (2025-10-05 20:25:32 PT) - Data summary:
[INFO] 2025-10-06 03:25:32 UTC (2025-10-05 20:25:32 PT) -   Date range: 10/10/2023 to 9/9/2025
[INFO] 2025-10-06 03:25:32 UTC (2025-10-05 20:25:32 PT) -   Total records: 20515
[INFO] 2025-10-06 03:25:32 UTC (2025-10-05 20:25:32 PT) - Download completed successfully
[INFO] 2025-10-07 03:14:21 UTC (2025-10-06 20:14:21 PT) - Starting nightly FINS data download
[INFO] 2025-10-07 03:14:21 UTC (2025-10-06 20:14:21 PT) - API key found
[INFO] 2025-10-07 03:14:21 UTC (2025-10-06 20:14:21 PT) - Current PT time: 2025-10-06 20:14:21
[INFO] 2025-10-07 03:14:21 UTC (2025-10-06 20:14:21 PT) - Requesting ALL historical trapping data through 10/07/2025 for NPT GRSME Program only
[INFO] 2025-10-07 03:14:54 UTC (2025-10-06 20:14:54 PT) - Downloaded 20515 rows of data
[INFO] 2025-10-07 03:14:54 UTC (2025-10-06 20:14:54 PT) - Columns: Finalize, Verify, Follow-Up, Trapped Date, Is Import, Facility, Trap, Trap Is Offsite, Trapping Session Name, Target Species, Target Run, Trapping Session Comments, Fish ID, Count, Species, Run, Sex, Origin, Origin Expression, Origin Description, Origin Start Date, Origin End Date, Origin Creator, Origin Creation Date, Living Status, Length, Age Designation, Age Calculated, Age Criteria Start Length, Age Criteria End Length, Age Criteria Start Date, Age Criteria End Date, Moved To Facility, Moved To, Moved To Location Type, Moved To Is Offsite, Offsite Owner Facility, Offsite Location Latitude, Offsite Location Longitude, Offsite Location Description, Disposition, Release Site, Release Site Latitude, Release Site Longitude, Purpose, Existing Marks, Existing Marks Quantity, Applied Marks, Applied Marks Quantity, Existing Tags, Applied Tags, Existing CWT, Existing CWT Value, Applied CWT, Applied CWT Value, Existing PIT, Applied PIT, Samples, Conditions, Recap, Injected, Weight, Notes, Group Notes, Import Custom
[INFO] 2025-10-07 03:14:54 UTC (2025-10-06 20:14:54 PT) - Successfully saved file: data/TrappingData.csv - Size: 11799752 bytes
[INFO] 2025-10-07 03:14:54 UTC (2025-10-06 20:14:54 PT) - Data summary:
[INFO] 2025-10-07 03:14:54 UTC (2025-10-06 20:14:54 PT) -   Date range: 10/10/2023 to 9/9/2025
[INFO] 2025-10-07 03:14:54 UTC (2025-10-06 20:14:54 PT) -   Total records: 20515
[INFO] 2025-10-07 03:14:54 UTC (2025-10-06 20:14:54 PT) - Download completed successfully
[INFO] 2025-10-08 03:11:43 UTC (2025-10-07 20:11:43 PT) - Starting nightly FINS data download
[INFO] 2025-10-08 03:11:43 UTC (2025-10-07 20:11:43 PT) - API key found
[INFO] 2025-10-08 03:11:43 UTC (2025-10-07 20:11:43 PT) - Current PT time: 2025-10-07 20:11:43
[INFO] 2025-10-08 03:11:43 UTC (2025-10-07 20:11:43 PT) - Requesting ALL historical trapping data through 10/08/2025 for NPT GRSME Program only
[INFO] 2025-10-08 03:12:18 UTC (2025-10-07 20:12:18 PT) - Downloaded 20515 rows of data
[INFO] 2025-10-08 03:12:18 UTC (2025-10-07 20:12:18 PT) - Columns: Finalize, Verify, Follow-Up, Trapped Date, Is Import, Facility, Trap, Trap Is Offsite, Trapping Session Name, Target Species, Target Run, Trapping Session Comments, Fish ID, Count, Species, Run, Sex, Origin, Origin Expression, Origin Description, Origin Start Date, Origin End Date, Origin Creator, Origin Creation Date, Living Status, Length, Age Designation, Age Calculated, Age Criteria Start Length, Age Criteria End Length, Age Criteria Start Date, Age Criteria End Date, Moved To Facility, Moved To, Moved To Location Type, Moved To Is Offsite, Offsite Owner Facility, Offsite Location Latitude, Offsite Location Longitude, Offsite Location Description, Disposition, Release Site, Release Site Latitude, Release Site Longitude, Purpose, Existing Marks, Existing Marks Quantity, Applied Marks, Applied Marks Quantity, Existing Tags, Applied Tags, Existing CWT, Existing CWT Value, Applied CWT, Applied CWT Value, Existing PIT, Applied PIT, Samples, Conditions, Recap, Injected, Weight, Notes, Group Notes, Import Custom
[INFO] 2025-10-08 03:12:18 UTC (2025-10-07 20:12:18 PT) - Successfully saved file: data/TrappingData.csv - Size: 11799752 bytes
[INFO] 2025-10-08 03:12:18 UTC (2025-10-07 20:12:18 PT) - Data summary:
[INFO] 2025-10-08 03:12:18 UTC (2025-10-07 20:12:18 PT) -   Date range: 10/10/2023 to 9/9/2025
[INFO] 2025-10-08 03:12:18 UTC (2025-10-07 20:12:18 PT) -   Total records: 20515
[INFO] 2025-10-08 03:12:18 UTC (2025-10-07 20:12:18 PT) - Download completed successfully
[INFO] 2025-10-09 03:13:55 UTC (2025-10-08 20:13:55 PT) - Starting nightly FINS data download
[INFO] 2025-10-09 03:13:55 UTC (2025-10-08 20:13:55 PT) - API key found
[INFO] 2025-10-09 03:13:55 UTC (2025-10-08 20:13:55 PT) - Current PT time: 2025-10-08 20:13:55
[INFO] 2025-10-09 03:13:55 UTC (2025-10-08 20:13:55 PT) - Requesting ALL historical trapping data through 10/09/2025 for NPT GRSME Program only
[INFO] 2025-10-09 03:14:30 UTC (2025-10-08 20:14:30 PT) - Downloaded 20515 rows of data
[INFO] 2025-10-09 03:14:30 UTC (2025-10-08 20:14:30 PT) - Columns: Finalize, Verify, Follow-Up, Trapped Date, Is Import, Facility, Trap, Trap Is Offsite, Trapping Session Name, Target Species, Target Run, Trapping Session Comments, Fish ID, Count, Species, Run, Sex, Origin, Origin Expression, Origin Description, Origin Start Date, Origin End Date, Origin Creator, Origin Creation Date, Living Status, Length, Age Designation, Age Calculated, Age Criteria Start Length, Age Criteria End Length, Age Criteria Start Date, Age Criteria End Date, Moved To Facility, Moved To, Moved To Location Type, Moved To Is Offsite, Offsite Owner Facility, Offsite Location Latitude, Offsite Location Longitude, Offsite Location Description, Disposition, Release Site, Release Site Latitude, Release Site Longitude, Purpose, Existing Marks, Existing Marks Quantity, Applied Marks, Applied Marks Quantity, Existing Tags, Applied Tags, Existing CWT, Existing CWT Value, Applied CWT, Applied CWT Value, Existing PIT, Applied PIT, Samples, Conditions, Recap, Injected, Weight, Notes, Group Notes, Import Custom
[INFO] 2025-10-09 03:14:30 UTC (2025-10-08 20:14:30 PT) - Successfully saved file: data/TrappingData.csv - Size: 11799752 bytes
[INFO] 2025-10-09 03:14:30 UTC (2025-10-08 20:14:30 PT) - Data summary:
[INFO] 2025-10-09 03:14:30 UTC (2025-10-08 20:14:30 PT) -   Date range: 10/10/2023 to 9/9/2025
[INFO] 2025-10-09 03:14:30 UTC (2025-10-08 20:14:30 PT) -   Total records: 20515
[INFO] 2025-10-09 03:14:30 UTC (2025-10-08 20:14:30 PT) - Download completed successfully
[INFO] 2025-10-10 03:16:41 UTC (2025-10-09 20:16:41 PT) - Starting nightly FINS data download
[INFO] 2025-10-10 03:16:41 UTC (2025-10-09 20:16:41 PT) - API key found
[INFO] 2025-10-10 03:16:41 UTC (2025-10-09 20:16:41 PT) - Current PT time: 2025-10-09 20:16:41
[INFO] 2025-10-10 03:16:41 UTC (2025-10-09 20:16:41 PT) - Requesting ALL historical trapping data through 10/10/2025 for NPT GRSME Program only
[INFO] 2025-10-10 03:17:16 UTC (2025-10-09 20:17:16 PT) - Downloaded 20515 rows of data
[INFO] 2025-10-10 03:17:16 UTC (2025-10-09 20:17:16 PT) - Columns: Finalize, Verify, Follow-Up, Trapped Date, Is Import, Facility, Trap, Trap Is Offsite, Trapping Session Name, Target Species, Target Run, Trapping Session Comments, Fish ID, Count, Species, Run, Sex, Origin, Origin Expression, Origin Description, Origin Start Date, Origin End Date, Origin Creator, Origin Creation Date, Living Status, Length, Age Designation, Age Calculated, Age Criteria Start Length, Age Criteria End Length, Age Criteria Start Date, Age Criteria End Date, Moved To Facility, Moved To, Moved To Location Type, Moved To Is Offsite, Offsite Owner Facility, Offsite Location Latitude, Offsite Location Longitude, Offsite Location Description, Disposition, Release Site, Release Site Latitude, Release Site Longitude, Purpose, Existing Marks, Existing Marks Quantity, Applied Marks, Applied Marks Quantity, Existing Tags, Applied Tags, Existing CWT, Existing CWT Value, Applied CWT, Applied CWT Value, Existing PIT, Applied PIT, Samples, Conditions, Recap, Injected, Weight, Notes, Group Notes, Import Custom
[INFO] 2025-10-10 03:17:16 UTC (2025-10-09 20:17:16 PT) - Successfully saved file: data/TrappingData.csv - Size: 11799752 bytes
[INFO] 2025-10-10 03:17:16 UTC (2025-10-09 20:17:16 PT) - Data summary:
[INFO] 2025-10-10 03:17:16 UTC (2025-10-09 20:17:16 PT) -   Date range: 10/10/2023 to 9/9/2025
[INFO] 2025-10-10 03:17:16 UTC (2025-10-09 20:17:16 PT) -   Total records: 20515
[INFO] 2025-10-10 03:17:16 UTC (2025-10-09 20:17:16 PT) - Download completed successfully
[INFO] 2025-10-11 03:07:48 UTC (2025-10-10 20:07:48 PT) - Starting nightly FINS data download
[INFO] 2025-10-11 03:07:48 UTC (2025-10-10 20:07:48 PT) - API key found
[INFO] 2025-10-11 03:07:48 UTC (2025-10-10 20:07:48 PT) - Current PT time: 2025-10-10 20:07:48
[INFO] 2025-10-11 03:07:48 UTC (2025-10-10 20:07:48 PT) - Requesting ALL historical trapping data through 10/11/2025 for NPT GRSME Program only
[INFO] 2025-10-11 03:08:24 UTC (2025-10-10 20:08:24 PT) - Downloaded 20515 rows of data
[INFO] 2025-10-11 03:08:24 UTC (2025-10-10 20:08:24 PT) - Columns: Finalize, Verify, Follow-Up, Trapped Date, Is Import, Facility, Trap, Trap Is Offsite, Trapping Session Name, Target Species, Target Run, Trapping Session Comments, Fish ID, Count, Species, Run, Sex, Origin, Origin Expression, Origin Description, Origin Start Date, Origin End Date, Origin Creator, Origin Creation Date, Living Status, Length, Age Designation, Age Calculated, Age Criteria Start Length, Age Criteria End Length, Age Criteria Start Date, Age Criteria End Date, Moved To Facility, Moved To, Moved To Location Type, Moved To Is Offsite, Offsite Owner Facility, Offsite Location Latitude, Offsite Location Longitude, Offsite Location Description, Disposition, Release Site, Release Site Latitude, Release Site Longitude, Purpose, Existing Marks, Existing Marks Quantity, Applied Marks, Applied Marks Quantity, Existing Tags, Applied Tags, Existing CWT, Existing CWT Value, Applied CWT, Applied CWT Value, Existing PIT, Applied PIT, Samples, Conditions, Recap, Injected, Weight, Notes, Group Notes, Import Custom
[INFO] 2025-10-11 03:08:24 UTC (2025-10-10 20:08:24 PT) - Successfully saved file: data/TrappingData.csv - Size: 11799752 bytes
[INFO] 2025-10-11 03:08:24 UTC (2025-10-10 20:08:24 PT) - Data summary:
[INFO] 2025-10-11 03:08:24 UTC (2025-10-10 20:08:24 PT) -   Date range: 10/10/2023 to 9/9/2025
[INFO] 2025-10-11 03:08:24 UTC (2025-10-10 20:08:24 PT) -   Total records: 20515
[INFO] 2025-10-11 03:08:24 UTC (2025-10-10 20:08:24 PT) - Download completed successfully
[INFO] 2025-10-12 03:25:29 UTC (2025-10-11 20:25:29 PT) - Starting nightly FINS data download
[INFO] 2025-10-12 03:25:29 UTC (2025-10-11 20:25:29 PT) - API key found
[INFO] 2025-10-12 03:25:29 UTC (2025-10-11 20:25:29 PT) - Current PT time: 2025-10-11 20:25:29
[INFO] 2025-10-12 03:25:29 UTC (2025-10-11 20:25:29 PT) - Requesting ALL historical trapping data through 10/12/2025 for NPT GRSME Program only
[INFO] 2025-10-12 03:26:00 UTC (2025-10-11 20:26:00 PT) - Downloaded 20515 rows of data
[INFO] 2025-10-12 03:26:00 UTC (2025-10-11 20:26:00 PT) - Columns: Finalize, Verify, Follow-Up, Trapped Date, Is Import, Facility, Trap, Trap Is Offsite, Trapping Session Name, Target Species, Target Run, Trapping Session Comments, Fish ID, Count, Species, Run, Sex, Origin, Origin Expression, Origin Description, Origin Start Date, Origin End Date, Origin Creator, Origin Creation Date, Living Status, Length, Age Designation, Age Calculated, Age Criteria Start Length, Age Criteria End Length, Age Criteria Start Date, Age Criteria End Date, Moved To Facility, Moved To, Moved To Location Type, Moved To Is Offsite, Offsite Owner Facility, Offsite Location Latitude, Offsite Location Longitude, Offsite Location Description, Disposition, Release Site, Release Site Latitude, Release Site Longitude, Purpose, Existing Marks, Existing Marks Quantity, Applied Marks, Applied Marks Quantity, Existing Tags, Applied Tags, Existing CWT, Existing CWT Value, Applied CWT, Applied CWT Value, Existing PIT, Applied PIT, Samples, Conditions, Recap, Injected, Weight, Notes, Group Notes, Import Custom
[INFO] 2025-10-12 03:26:00 UTC (2025-10-11 20:26:00 PT) - Successfully saved file: data/TrappingData.csv - Size: 11799752 bytes
[INFO] 2025-10-12 03:26:00 UTC (2025-10-11 20:26:00 PT) - Data summary:
[INFO] 2025-10-12 03:26:00 UTC (2025-10-11 20:26:00 PT) -   Date range: 10/10/2023 to 9/9/2025
[INFO] 2025-10-12 03:26:00 UTC (2025-10-11 20:26:00 PT) -   Total records: 20515
[INFO] 2025-10-12 03:26:00 UTC (2025-10-11 20:26:00 PT) - Download completed successfully
[INFO] 2025-10-13 03:33:13 UTC (2025-10-12 20:33:13 PT) - Starting nightly FINS data download
[INFO] 2025-10-13 03:33:14 UTC (2025-10-12 20:33:14 PT) - API key found
[INFO] 2025-10-13 03:33:14 UTC (2025-10-12 20:33:14 PT) - Current PT time: 2025-10-12 20:33:14
[INFO] 2025-10-13 03:33:14 UTC (2025-10-12 20:33:14 PT) - Requesting ALL historical trapping data through 10/13/2025 for NPT GRSME Program only
[INFO] 2025-10-13 03:33:46 UTC (2025-10-12 20:33:46 PT) - Downloaded 20515 rows of data
[INFO] 2025-10-13 03:33:46 UTC (2025-10-12 20:33:46 PT) - Columns: Finalize, Verify, Follow-Up, Trapped Date, Is Import, Facility, Trap, Trap Is Offsite, Trapping Session Name, Target Species, Target Run, Trapping Session Comments, Fish ID, Count, Species, Run, Sex, Origin, Origin Expression, Origin Description, Origin Start Date, Origin End Date, Origin Creator, Origin Creation Date, Living Status, Length, Age Designation, Age Calculated, Age Criteria Start Length, Age Criteria End Length, Age Criteria Start Date, Age Criteria End Date, Moved To Facility, Moved To, Moved To Location Type, Moved To Is Offsite, Offsite Owner Facility, Offsite Location Latitude, Offsite Location Longitude, Offsite Location Description, Disposition, Release Site, Release Site Latitude, Release Site Longitude, Purpose, Existing Marks, Existing Marks Quantity, Applied Marks, Applied Marks Quantity, Existing Tags, Applied Tags, Existing CWT, Existing CWT Value, Applied CWT, Applied CWT Value, Existing PIT, Applied PIT, Samples, Conditions, Recap, Injected, Weight, Notes, Group Notes, Import Custom
[INFO] 2025-10-13 03:33:46 UTC (2025-10-12 20:33:46 PT) - Successfully saved file: data/TrappingData.csv - Size: 11799752 bytes
[INFO] 2025-10-13 03:33:46 UTC (2025-10-12 20:33:46 PT) - Data summary:
[INFO] 2025-10-13 03:33:46 UTC (2025-10-12 20:33:46 PT) -   Date range: 10/10/2023 to 9/9/2025
[INFO] 2025-10-13 03:33:46 UTC (2025-10-12 20:33:46 PT) -   Total records: 20515
[INFO] 2025-10-13 03:33:46 UTC (2025-10-12 20:33:46 PT) - Download completed successfully
[INFO] 2025-10-14 03:15:07 UTC (2025-10-13 20:15:07 PT) - Starting nightly FINS data download
[INFO] 2025-10-14 03:15:07 UTC (2025-10-13 20:15:07 PT) - API key found
[INFO] 2025-10-14 03:15:07 UTC (2025-10-13 20:15:07 PT) - Current PT time: 2025-10-13 20:15:07
[INFO] 2025-10-14 03:15:07 UTC (2025-10-13 20:15:07 PT) - Requesting ALL historical trapping data through 10/14/2025 for NPT GRSME Program only
[INFO] 2025-10-14 03:15:44 UTC (2025-10-13 20:15:44 PT) - Downloaded 20515 rows of data
[INFO] 2025-10-14 03:15:44 UTC (2025-10-13 20:15:44 PT) - Columns: Finalize, Verify, Follow-Up, Trapped Date, Is Import, Facility, Trap, Trap Is Offsite, Trapping Session Name, Target Species, Target Run, Trapping Session Comments, Fish ID, Count, Species, Run, Sex, Origin, Origin Expression, Origin Description, Origin Start Date, Origin End Date, Origin Creator, Origin Creation Date, Living Status, Length, Age Designation, Age Calculated, Age Criteria Start Length, Age Criteria End Length, Age Criteria Start Date, Age Criteria End Date, Moved To Facility, Moved To, Moved To Location Type, Moved To Is Offsite, Offsite Owner Facility, Offsite Location Latitude, Offsite Location Longitude, Offsite Location Description, Disposition, Release Site, Release Site Latitude, Release Site Longitude, Purpose, Existing Marks, Existing Marks Quantity, Applied Marks, Applied Marks Quantity, Existing Tags, Applied Tags, Existing CWT, Existing CWT Value, Applied CWT, Applied CWT Value, Existing PIT, Applied PIT, Samples, Conditions, Recap, Injected, Weight, Notes, Group Notes, Import Custom
[INFO] 2025-10-14 03:15:44 UTC (2025-10-13 20:15:44 PT) - Successfully saved file: data/TrappingData.csv - Size: 11799752 bytes
[INFO] 2025-10-14 03:15:44 UTC (2025-10-13 20:15:44 PT) - Data summary:
[INFO] 2025-10-14 03:15:44 UTC (2025-10-13 20:15:44 PT) -   Date range: 10/10/2023 to 9/9/2025
[INFO] 2025-10-14 03:15:44 UTC (2025-10-13 20:15:44 PT) -   Total records: 20515
[INFO] 2025-10-14 03:15:44 UTC (2025-10-13 20:15:44 PT) - Download completed successfully
[INFO] 2025-10-15 03:28:40 UTC (2025-10-14 20:28:40 PT) - Starting nightly FINS data download
[INFO] 2025-10-15 03:28:40 UTC (2025-10-14 20:28:40 PT) - API key found
[INFO] 2025-10-15 03:28:40 UTC (2025-10-14 20:28:40 PT) - Current PT time: 2025-10-14 20:28:40
[INFO] 2025-10-15 03:28:40 UTC (2025-10-14 20:28:40 PT) - Requesting ALL historical trapping data through 10/15/2025 for NPT GRSME Program only
[INFO] 2025-10-15 03:29:10 UTC (2025-10-14 20:29:10 PT) - Downloaded 20515 rows of data
[INFO] 2025-10-15 03:29:10 UTC (2025-10-14 20:29:10 PT) - Columns: Finalize, Verify, Follow-Up, Trapped Date, Is Import, Facility, Trap, Trap Is Offsite, Trapping Session Name, Target Species, Target Run, Trapping Session Comments, Fish ID, Count, Species, Run, Sex, Origin, Origin Expression, Origin Description, Origin Start Date, Origin End Date, Origin Creator, Origin Creation Date, Living Status, Length, Age Designation, Age Calculated, Age Criteria Start Length, Age Criteria End Length, Age Criteria Start Date, Age Criteria End Date, Moved To Facility, Moved To, Moved To Location Type, Moved To Is Offsite, Offsite Owner Facility, Offsite Location Latitude, Offsite Location Longitude, Offsite Location Description, Disposition, Release Site, Release Site Latitude, Release Site Longitude, Purpose, Existing Marks, Existing Marks Quantity, Applied Marks, Applied Marks Quantity, Existing Tags, Applied Tags, Existing CWT, Existing CWT Value, Applied CWT, Applied CWT Value, Existing PIT, Applied PIT, Samples, Conditions, Recap, Injected, Weight, Notes, Group Notes, Import Custom
[INFO] 2025-10-15 03:29:10 UTC (2025-10-14 20:29:10 PT) - Successfully saved file: data/TrappingData.csv - Size: 11799752 bytes
[INFO] 2025-10-15 03:29:10 UTC (2025-10-14 20:29:10 PT) - Data summary:
[INFO] 2025-10-15 03:29:10 UTC (2025-10-14 20:29:10 PT) -   Date range: 10/10/2023 to 9/9/2025
[INFO] 2025-10-15 03:29:10 UTC (2025-10-14 20:29:10 PT) -   Total records: 20515
[INFO] 2025-10-15 03:29:10 UTC (2025-10-14 20:29:10 PT) - Download completed successfully
[INFO] 2025-10-16 03:33:02 UTC (2025-10-15 20:33:02 PT) - Starting nightly FINS data download
[INFO] 2025-10-16 03:33:02 UTC (2025-10-15 20:33:02 PT) - API key found
[INFO] 2025-10-16 03:33:02 UTC (2025-10-15 20:33:02 PT) - Current PT time: 2025-10-15 20:33:02
[INFO] 2025-10-16 03:33:02 UTC (2025-10-15 20:33:02 PT) - Requesting ALL historical trapping data through 10/16/2025 for NPT GRSME Program only
[INFO] 2025-10-16 03:33:41 UTC (2025-10-15 20:33:41 PT) - Downloaded 20515 rows of data
[INFO] 2025-10-16 03:33:41 UTC (2025-10-15 20:33:41 PT) - Columns: Finalize, Verify, Follow-Up, Trapped Date, Is Import, Facility, Trap, Trap Is Offsite, Trapping Session Name, Target Species, Target Run, Trapping Session Comments, Fish ID, Count, Species, Run, Sex, Origin, Origin Expression, Origin Description, Origin Start Date, Origin End Date, Origin Creator, Origin Creation Date, Living Status, Length, Age Designation, Age Calculated, Age Criteria Start Length, Age Criteria End Length, Age Criteria Start Date, Age Criteria End Date, Moved To Facility, Moved To, Moved To Location Type, Moved To Is Offsite, Offsite Owner Facility, Offsite Location Latitude, Offsite Location Longitude, Offsite Location Description, Disposition, Release Site, Release Site Latitude, Release Site Longitude, Purpose, Existing Marks, Existing Marks Quantity, Applied Marks, Applied Marks Quantity, Existing Tags, Applied Tags, Existing CWT, Existing CWT Value, Applied CWT, Applied CWT Value, Existing PIT, Applied PIT, Samples, Conditions, Recap, Injected, Weight, Notes, Group Notes, Import Custom
[INFO] 2025-10-16 03:33:41 UTC (2025-10-15 20:33:41 PT) - Successfully saved file: data/TrappingData.csv - Size: 11799752 bytes
[INFO] 2025-10-16 03:33:41 UTC (2025-10-15 20:33:41 PT) - Data summary:
[INFO] 2025-10-16 03:33:41 UTC (2025-10-15 20:33:41 PT) -   Date range: 10/10/2023 to 9/9/2025
[INFO] 2025-10-16 03:33:41 UTC (2025-10-15 20:33:41 PT) -   Total records: 20515
[INFO] 2025-10-16 03:33:41 UTC (2025-10-15 20:33:41 PT) - Download completed successfully
[INFO] 2025-10-17 03:24:28 UTC (2025-10-16 20:24:28 PT) - Starting nightly FINS data download
[INFO] 2025-10-17 03:24:28 UTC (2025-10-16 20:24:28 PT) - API key found
[INFO] 2025-10-17 03:24:28 UTC (2025-10-16 20:24:28 PT) - Current PT time: 2025-10-16 20:24:28
[INFO] 2025-10-17 03:24:28 UTC (2025-10-16 20:24:28 PT) - Requesting ALL historical trapping data through 10/17/2025 for NPT GRSME Program only
[INFO] 2025-10-17 03:25:00 UTC (2025-10-16 20:25:00 PT) - Downloaded 20515 rows of data
[INFO] 2025-10-17 03:25:00 UTC (2025-10-16 20:25:00 PT) - Columns: Finalize, Verify, Follow-Up, Trapped Date, Is Import, Facility, Trap, Trap Is Offsite, Trapping Session Name, Target Species, Target Run, Trapping Session Comments, Fish ID, Count, Species, Run, Sex, Origin, Origin Expression, Origin Description, Origin Start Date, Origin End Date, Origin Creator, Origin Creation Date, Living Status, Length, Age Designation, Age Calculated, Age Criteria Start Length, Age Criteria End Length, Age Criteria Start Date, Age Criteria End Date, Moved To Facility, Moved To, Moved To Location Type, Moved To Is Offsite, Offsite Owner Facility, Offsite Location Latitude, Offsite Location Longitude, Offsite Location Description, Disposition, Release Site, Release Site Latitude, Release Site Longitude, Purpose, Existing Marks, Existing Marks Quantity, Applied Marks, Applied Marks Quantity, Existing Tags, Applied Tags, Existing CWT, Existing CWT Value, Applied CWT, Applied CWT Value, Existing PIT, Applied PIT, Samples, Conditions, Recap, Injected, Weight, Notes, Group Notes, Import Custom
[INFO] 2025-10-17 03:25:00 UTC (2025-10-16 20:25:00 PT) - Successfully saved file: data/TrappingData.csv - Size: 11799752 bytes
[INFO] 2025-10-17 03:25:00 UTC (2025-10-16 20:25:00 PT) - Data summary:
[INFO] 2025-10-17 03:25:00 UTC (2025-10-16 20:25:00 PT) -   Date range: 10/10/2023 to 9/9/2025
[INFO] 2025-10-17 03:25:00 UTC (2025-10-16 20:25:00 PT) -   Total records: 20515
[INFO] 2025-10-17 03:25:00 UTC (2025-10-16 20:25:00 PT) - Download completed successfully
[INFO] 2025-10-18 03:11:23 UTC (2025-10-17 20:11:23 PT) - Starting nightly FINS data download
[INFO] 2025-10-18 03:11:23 UTC (2025-10-17 20:11:23 PT) - API key found
[INFO] 2025-10-18 03:11:23 UTC (2025-10-17 20:11:23 PT) - Current PT time: 2025-10-17 20:11:23
[INFO] 2025-10-18 03:11:23 UTC (2025-10-17 20:11:23 PT) - Requesting ALL historical trapping data through 10/18/2025 for NPT GRSME Program only
[INFO] 2025-10-18 03:11:54 UTC (2025-10-17 20:11:54 PT) - Downloaded 20515 rows of data
[INFO] 2025-10-18 03:11:54 UTC (2025-10-17 20:11:54 PT) - Columns: Finalize, Verify, Follow-Up, Trapped Date, Is Import, Facility, Trap, Trap Is Offsite, Trapping Session Name, Target Species, Target Run, Trapping Session Comments, Fish ID, Count, Species, Run, Sex, Origin, Origin Expression, Origin Description, Origin Start Date, Origin End Date, Origin Creator, Origin Creation Date, Living Status, Length, Age Designation, Age Calculated, Age Criteria Start Length, Age Criteria End Length, Age Criteria Start Date, Age Criteria End Date, Moved To Facility, Moved To, Moved To Location Type, Moved To Is Offsite, Offsite Owner Facility, Offsite Location Latitude, Offsite Location Longitude, Offsite Location Description, Disposition, Release Site, Release Site Latitude, Release Site Longitude, Purpose, Existing Marks, Existing Marks Quantity, Applied Marks, Applied Marks Quantity, Existing Tags, Applied Tags, Existing CWT, Existing CWT Value, Applied CWT, Applied CWT Value, Existing PIT, Applied PIT, Samples, Conditions, Recap, Injected, Weight, Notes, Group Notes, Import Custom
[INFO] 2025-10-18 03:11:54 UTC (2025-10-17 20:11:54 PT) - Successfully saved file: data/TrappingData.csv - Size: 11799752 bytes
[INFO] 2025-10-18 03:11:54 UTC (2025-10-17 20:11:54 PT) - Data summary:
[INFO] 2025-10-18 03:11:54 UTC (2025-10-17 20:11:54 PT) -   Date range: 10/10/2023 to 9/9/2025
[INFO] 2025-10-18 03:11:54 UTC (2025-10-17 20:11:54 PT) -   Total records: 20515
[INFO] 2025-10-18 03:11:54 UTC (2025-10-17 20:11:54 PT) - Download completed successfully
[INFO] 2025-10-19 03:36:03 UTC (2025-10-18 20:36:03 PT) - Starting nightly FINS data download
[INFO] 2025-10-19 03:36:03 UTC (2025-10-18 20:36:03 PT) - API key found
[INFO] 2025-10-19 03:36:03 UTC (2025-10-18 20:36:03 PT) - Current PT time: 2025-10-18 20:36:03
[INFO] 2025-10-19 03:36:03 UTC (2025-10-18 20:36:03 PT) - Requesting ALL historical trapping data through 10/19/2025 for NPT GRSME Program only
[INFO] 2025-10-19 03:36:37 UTC (2025-10-18 20:36:37 PT) - Downloaded 20515 rows of data
[INFO] 2025-10-19 03:36:37 UTC (2025-10-18 20:36:37 PT) - Columns: Finalize, Verify, Follow-Up, Trapped Date, Is Import, Facility, Trap, Trap Is Offsite, Trapping Session Name, Target Species, Target Run, Trapping Session Comments, Fish ID, Count, Species, Run, Sex, Origin, Origin Expression, Origin Description, Origin Start Date, Origin End Date, Origin Creator, Origin Creation Date, Living Status, Length, Age Designation, Age Calculated, Age Criteria Start Length, Age Criteria End Length, Age Criteria Start Date, Age Criteria End Date, Moved To Facility, Moved To, Moved To Location Type, Moved To Is Offsite, Offsite Owner Facility, Offsite Location Latitude, Offsite Location Longitude, Offsite Location Description, Disposition, Release Site, Release Site Latitude, Release Site Longitude, Purpose, Existing Marks, Existing Marks Quantity, Applied Marks, Applied Marks Quantity, Existing Tags, Applied Tags, Existing CWT, Existing CWT Value, Applied CWT, Applied CWT Value, Existing PIT, Applied PIT, Samples, Conditions, Recap, Injected, Weight, Notes, Group Notes, Import Custom
[INFO] 2025-10-19 03:36:37 UTC (2025-10-18 20:36:37 PT) - Successfully saved file: data/TrappingData.csv - Size: 11799752 bytes
[INFO] 2025-10-19 03:36:37 UTC (2025-10-18 20:36:37 PT) - Data summary:
[INFO] 2025-10-19 03:36:37 UTC (2025-10-18 20:36:37 PT) -   Date range: 10/10/2023 to 9/9/2025
[INFO] 2025-10-19 03:36:37 UTC (2025-10-18 20:36:37 PT) -   Total records: 20515
[INFO] 2025-10-19 03:36:37 UTC (2025-10-18 20:36:37 PT) - Download completed successfully
[INFO] 2025-10-20 03:38:17 UTC (2025-10-19 20:38:17 PT) - Starting nightly FINS data download
[INFO] 2025-10-20 03:38:17 UTC (2025-10-19 20:38:17 PT) - API key found
[INFO] 2025-10-20 03:38:17 UTC (2025-10-19 20:38:17 PT) - Current PT time: 2025-10-19 20:38:17
[INFO] 2025-10-20 03:38:17 UTC (2025-10-19 20:38:17 PT) - Requesting ALL historical trapping data through 10/20/2025 for NPT GRSME Program only
[INFO] 2025-10-20 03:38:49 UTC (2025-10-19 20:38:49 PT) - Downloaded 20515 rows of data
[INFO] 2025-10-20 03:38:49 UTC (2025-10-19 20:38:49 PT) - Columns: Finalize, Verify, Follow-Up, Trapped Date, Is Import, Facility, Trap, Trap Is Offsite, Trapping Session Name, Target Species, Target Run, Trapping Session Comments, Fish ID, Count, Species, Run, Sex, Origin, Origin Expression, Origin Description, Origin Start Date, Origin End Date, Origin Creator, Origin Creation Date, Living Status, Length, Age Designation, Age Calculated, Age Criteria Start Length, Age Criteria End Length, Age Criteria Start Date, Age Criteria End Date, Moved To Facility, Moved To, Moved To Location Type, Moved To Is Offsite, Offsite Owner Facility, Offsite Location Latitude, Offsite Location Longitude, Offsite Location Description, Disposition, Release Site, Release Site Latitude, Release Site Longitude, Purpose, Existing Marks, Existing Marks Quantity, Applied Marks, Applied Marks Quantity, Existing Tags, Applied Tags, Existing CWT, Existing CWT Value, Applied CWT, Applied CWT Value, Existing PIT, Applied PIT, Samples, Conditions, Recap, Injected, Weight, Notes, Group Notes, Import Custom
[INFO] 2025-10-20 03:38:49 UTC (2025-10-19 20:38:49 PT) - Successfully saved file: data/TrappingData.csv - Size: 11799752 bytes
[INFO] 2025-10-20 03:38:49 UTC (2025-10-19 20:38:49 PT) - Data summary:
[INFO] 2025-10-20 03:38:49 UTC (2025-10-19 20:38:49 PT) -   Date range: 10/10/2023 to 9/9/2025
[INFO] 2025-10-20 03:38:49 UTC (2025-10-19 20:38:49 PT) -   Total records: 20515
[INFO] 2025-10-20 03:38:49 UTC (2025-10-19 20:38:49 PT) - Download completed successfully
[INFO] 2025-10-21 03:31:18 UTC (2025-10-20 20:31:18 PT) - Starting nightly FINS data download
[INFO] 2025-10-21 03:31:18 UTC (2025-10-20 20:31:18 PT) - API key found
[INFO] 2025-10-21 03:31:18 UTC (2025-10-20 20:31:18 PT) - Current PT time: 2025-10-20 20:31:18
[INFO] 2025-10-21 03:31:18 UTC (2025-10-20 20:31:18 PT) - Requesting ALL historical trapping data through 10/21/2025 for NPT GRSME Program only
[INFO] 2025-10-21 03:31:50 UTC (2025-10-20 20:31:50 PT) - Downloaded 20515 rows of data
[INFO] 2025-10-21 03:31:50 UTC (2025-10-20 20:31:50 PT) - Columns: Finalize, Verify, Follow-Up, Trapped Date, Is Import, Facility, Trap, Trap Is Offsite, Trapping Session Name, Target Species, Target Run, Trapping Session Comments, Fish ID, Count, Species, Run, Sex, Origin, Origin Expression, Origin Description, Origin Start Date, Origin End Date, Origin Creator, Origin Creation Date, Living Status, Length, Age Designation, Age Calculated, Age Criteria Start Length, Age Criteria End Length, Age Criteria Start Date, Age Criteria End Date, Moved To Facility, Moved To, Moved To Location Type, Moved To Is Offsite, Offsite Owner Facility, Offsite Location Latitude, Offsite Location Longitude, Offsite Location Description, Disposition, Release Site, Release Site Latitude, Release Site Longitude, Purpose, Existing Marks, Existing Marks Quantity, Applied Marks, Applied Marks Quantity, Existing Tags, Applied Tags, Existing CWT, Existing CWT Value, Applied CWT, Applied CWT Value, Existing PIT, Applied PIT, Samples, Conditions, Recap, Injected, Weight, Notes, Group Notes, Import Custom
[INFO] 2025-10-21 03:31:50 UTC (2025-10-20 20:31:50 PT) - Successfully saved file: data/TrappingData.csv - Size: 11799752 bytes
[INFO] 2025-10-21 03:31:50 UTC (2025-10-20 20:31:50 PT) - Data summary:
[INFO] 2025-10-21 03:31:50 UTC (2025-10-20 20:31:50 PT) -   Date range: 10/10/2023 to 9/9/2025
[INFO] 2025-10-21 03:31:50 UTC (2025-10-20 20:31:50 PT) -   Total records: 20515
[INFO] 2025-10-21 03:31:50 UTC (2025-10-20 20:31:50 PT) - Download completed successfully
[INFO] 2025-10-22 03:33:14 UTC (2025-10-21 20:33:14 PT) - Starting nightly FINS data download
[INFO] 2025-10-22 03:33:14 UTC (2025-10-21 20:33:14 PT) - API key found
[INFO] 2025-10-22 03:33:14 UTC (2025-10-21 20:33:14 PT) - Current PT time: 2025-10-21 20:33:14
[INFO] 2025-10-22 03:33:14 UTC (2025-10-21 20:33:14 PT) - Requesting ALL historical trapping data through 10/22/2025 for NPT GRSME Program only
[INFO] 2025-10-22 03:33:46 UTC (2025-10-21 20:33:46 PT) - Downloaded 20515 rows of data
[INFO] 2025-10-22 03:33:46 UTC (2025-10-21 20:33:46 PT) - Columns: Finalize, Verify, Follow-Up, Trapped Date, Is Import, Facility, Trap, Trap Is Offsite, Trapping Session Name, Target Species, Target Run, Trapping Session Comments, Fish ID, Count, Species, Run, Sex, Origin, Origin Expression, Origin Description, Origin Start Date, Origin End Date, Origin Creator, Origin Creation Date, Living Status, Length, Age Designation, Age Calculated, Age Criteria Start Length, Age Criteria End Length, Age Criteria Start Date, Age Criteria End Date, Moved To Facility, Moved To, Moved To Location Type, Moved To Is Offsite, Offsite Owner Facility, Offsite Location Latitude, Offsite Location Longitude, Offsite Location Description, Disposition, Release Site, Release Site Latitude, Release Site Longitude, Purpose, Existing Marks, Existing Marks Quantity, Applied Marks, Applied Marks Quantity, Existing Tags, Applied Tags, Existing CWT, Existing CWT Value, Applied CWT, Applied CWT Value, Existing PIT, Applied PIT, Samples, Conditions, Recap, Injected, Weight, Notes, Group Notes, Import Custom
[INFO] 2025-10-22 03:33:46 UTC (2025-10-21 20:33:46 PT) - Successfully saved file: data/TrappingData.csv - Size: 11799752 bytes
[INFO] 2025-10-22 03:33:46 UTC (2025-10-21 20:33:46 PT) - Data summary:
[INFO] 2025-10-22 03:33:46 UTC (2025-10-21 20:33:46 PT) -   Date range: 10/10/2023 to 9/9/2025
[INFO] 2025-10-22 03:33:46 UTC (2025-10-21 20:33:46 PT) -   Total records: 20515
[INFO] 2025-10-22 03:33:46 UTC (2025-10-21 20:33:46 PT) - Download completed successfully
[INFO] 2025-10-23 03:26:38 UTC (2025-10-22 20:26:38 PT) - Starting nightly FINS data download
[INFO] 2025-10-23 03:26:38 UTC (2025-10-22 20:26:38 PT) - API key found
[INFO] 2025-10-23 03:26:38 UTC (2025-10-22 20:26:38 PT) - Current PT time: 2025-10-22 20:26:38
[INFO] 2025-10-23 03:26:38 UTC (2025-10-22 20:26:38 PT) - Requesting ALL historical trapping data through 10/23/2025 for NPT GRSME Program only
[INFO] 2025-10-23 03:27:13 UTC (2025-10-22 20:27:13 PT) - Downloaded 20515 rows of data
[INFO] 2025-10-23 03:27:13 UTC (2025-10-22 20:27:13 PT) - Columns: Finalize, Verify, Follow-Up, Trapped Date, Is Import, Facility, Trap, Trap Is Offsite, Trapping Session Name, Target Species, Target Run, Trapping Session Comments, Fish ID, Count, Species, Run, Sex, Origin, Origin Expression, Origin Description, Origin Start Date, Origin End Date, Origin Creator, Origin Creation Date, Living Status, Length, Age Designation, Age Calculated, Age Criteria Start Length, Age Criteria End Length, Age Criteria Start Date, Age Criteria End Date, Moved To Facility, Moved To, Moved To Location Type, Moved To Is Offsite, Offsite Owner Facility, Offsite Location Latitude, Offsite Location Longitude, Offsite Location Description, Disposition, Release Site, Release Site Latitude, Release Site Longitude, Purpose, Existing Marks, Existing Marks Quantity, Applied Marks, Applied Marks Quantity, Existing Tags, Applied Tags, Existing CWT, Existing CWT Value, Applied CWT, Applied CWT Value, Existing PIT, Applied PIT, Samples, Conditions, Recap, Injected, Weight, Notes, Group Notes, Import Custom
[INFO] 2025-10-23 03:27:14 UTC (2025-10-22 20:27:14 PT) - Successfully saved file: data/TrappingData.csv - Size: 11799752 bytes
[INFO] 2025-10-23 03:27:14 UTC (2025-10-22 20:27:14 PT) - Data summary:
[INFO] 2025-10-23 03:27:14 UTC (2025-10-22 20:27:14 PT) -   Date range: 10/10/2023 to 9/9/2025
[INFO] 2025-10-23 03:27:14 UTC (2025-10-22 20:27:14 PT) -   Total records: 20515
[INFO] 2025-10-23 03:27:14 UTC (2025-10-22 20:27:14 PT) - Download completed successfully
[INFO] 2025-10-24 03:17:17 UTC (2025-10-23 20:17:17 PT) - Starting nightly FINS data download
[INFO] 2025-10-24 03:17:17 UTC (2025-10-23 20:17:17 PT) - API key found
[INFO] 2025-10-24 03:17:17 UTC (2025-10-23 20:17:17 PT) - Current PT time: 2025-10-23 20:17:17
[INFO] 2025-10-24 03:17:17 UTC (2025-10-23 20:17:17 PT) - Requesting ALL historical trapping data through 10/24/2025 for NPT GRSME Program only
[INFO] 2025-10-24 03:17:54 UTC (2025-10-23 20:17:54 PT) - Downloaded 20515 rows of data
[INFO] 2025-10-24 03:17:54 UTC (2025-10-23 20:17:54 PT) - Columns: Finalize, Verify, Follow-Up, Trapped Date, Is Import, Facility, Trap, Trap Is Offsite, Trapping Session Name, Target Species, Target Run, Trapping Session Comments, Fish ID, Count, Species, Run, Sex, Origin, Origin Expression, Origin Description, Origin Start Date, Origin End Date, Origin Creator, Origin Creation Date, Living Status, Length, Age Designation, Age Calculated, Age Criteria Start Length, Age Criteria End Length, Age Criteria Start Date, Age Criteria End Date, Moved To Facility, Moved To, Moved To Location Type, Moved To Is Offsite, Offsite Owner Facility, Offsite Location Latitude, Offsite Location Longitude, Offsite Location Description, Disposition, Release Site, Release Site Latitude, Release Site Longitude, Purpose, Existing Marks, Existing Marks Quantity, Applied Marks, Applied Marks Quantity, Existing Tags, Applied Tags, Existing CWT, Existing CWT Value, Applied CWT, Applied CWT Value, Existing PIT, Applied PIT, Samples, Conditions, Recap, Injected, Weight, Notes, Group Notes, Import Custom
[INFO] 2025-10-24 03:17:54 UTC (2025-10-23 20:17:54 PT) - Successfully saved file: data/TrappingData.csv - Size: 11799752 bytes
[INFO] 2025-10-24 03:17:54 UTC (2025-10-23 20:17:54 PT) - Data summary:
[INFO] 2025-10-24 03:17:54 UTC (2025-10-23 20:17:54 PT) -   Date range: 10/10/2023 to 9/9/2025
[INFO] 2025-10-24 03:17:54 UTC (2025-10-23 20:17:54 PT) -   Total records: 20515
[INFO] 2025-10-24 03:17:54 UTC (2025-10-23 20:17:54 PT) - Download completed successfully
[INFO] 2025-10-25 03:26:22 UTC (2025-10-24 20:26:22 PT) - Starting nightly FINS data download
[INFO] 2025-10-25 03:26:22 UTC (2025-10-24 20:26:22 PT) - API key found
[INFO] 2025-10-25 03:26:22 UTC (2025-10-24 20:26:22 PT) - Current PT time: 2025-10-24 20:26:22
[INFO] 2025-10-25 03:26:22 UTC (2025-10-24 20:26:22 PT) - Requesting ALL historical trapping data through 10/25/2025 for NPT GRSME Program only
[INFO] 2025-10-25 03:26:56 UTC (2025-10-24 20:26:56 PT) - Downloaded 20515 rows of data
[INFO] 2025-10-25 03:26:56 UTC (2025-10-24 20:26:56 PT) - Columns: Finalize, Verify, Follow-Up, Trapped Date, Is Import, Facility, Trap, Trap Is Offsite, Trapping Session Name, Target Species, Target Run, Trapping Session Comments, Fish ID, Count, Species, Run, Sex, Origin, Origin Expression, Origin Description, Origin Start Date, Origin End Date, Origin Creator, Origin Creation Date, Living Status, Length, Age Designation, Age Calculated, Age Criteria Start Length, Age Criteria End Length, Age Criteria Start Date, Age Criteria End Date, Moved To Facility, Moved To, Moved To Location Type, Moved To Is Offsite, Offsite Owner Facility, Offsite Location Latitude, Offsite Location Longitude, Offsite Location Description, Disposition, Release Site, Release Site Latitude, Release Site Longitude, Purpose, Existing Marks, Existing Marks Quantity, Applied Marks, Applied Marks Quantity, Existing Tags, Applied Tags, Existing CWT, Existing CWT Value, Applied CWT, Applied CWT Value, Existing PIT, Applied PIT, Samples, Conditions, Recap, Injected, Weight, Notes, Group Notes, Import Custom
[INFO] 2025-10-25 03:26:56 UTC (2025-10-24 20:26:56 PT) - Successfully saved file: data/TrappingData.csv - Size: 11799752 bytes
[INFO] 2025-10-25 03:26:56 UTC (2025-10-24 20:26:56 PT) - Data summary:
[INFO] 2025-10-25 03:26:56 UTC (2025-10-24 20:26:56 PT) -   Date range: 10/10/2023 to 9/9/2025
[INFO] 2025-10-25 03:26:56 UTC (2025-10-24 20:26:56 PT) -   Total records: 20515
[INFO] 2025-10-25 03:26:56 UTC (2025-10-24 20:26:56 PT) - Download completed successfully
[INFO] 2025-10-26 03:30:18 UTC (2025-10-25 20:30:18 PT) - Starting nightly FINS data download
[INFO] 2025-10-26 03:30:18 UTC (2025-10-25 20:30:18 PT) - API key found
[INFO] 2025-10-26 03:30:18 UTC (2025-10-25 20:30:18 PT) - Current PT time: 2025-10-25 20:30:18
[INFO] 2025-10-26 03:30:18 UTC (2025-10-25 20:30:18 PT) - Requesting ALL historical trapping data through 10/26/2025 for NPT GRSME Program only
[INFO] 2025-10-26 03:30:51 UTC (2025-10-25 20:30:51 PT) - Downloaded 20515 rows of data
[INFO] 2025-10-26 03:30:51 UTC (2025-10-25 20:30:51 PT) - Columns: Finalize, Verify, Follow-Up, Trapped Date, Is Import, Facility, Trap, Trap Is Offsite, Trapping Session Name, Target Species, Target Run, Trapping Session Comments, Fish ID, Count, Species, Run, Sex, Origin, Origin Expression, Origin Description, Origin Start Date, Origin End Date, Origin Creator, Origin Creation Date, Living Status, Length, Age Designation, Age Calculated, Age Criteria Start Length, Age Criteria End Length, Age Criteria Start Date, Age Criteria End Date, Moved To Facility, Moved To, Moved To Location Type, Moved To Is Offsite, Offsite Owner Facility, Offsite Location Latitude, Offsite Location Longitude, Offsite Location Description, Disposition, Release Site, Release Site Latitude, Release Site Longitude, Purpose, Existing Marks, Existing Marks Quantity, Applied Marks, Applied Marks Quantity, Existing Tags, Applied Tags, Existing CWT, Existing CWT Value, Applied CWT, Applied CWT Value, Existing PIT, Applied PIT, Samples, Conditions, Recap, Injected, Weight, Notes, Group Notes, Import Custom
[INFO] 2025-10-26 03:30:51 UTC (2025-10-25 20:30:51 PT) - Successfully saved file: data/TrappingData.csv - Size: 11799752 bytes
[INFO] 2025-10-26 03:30:51 UTC (2025-10-25 20:30:51 PT) - Data summary:
[INFO] 2025-10-26 03:30:51 UTC (2025-10-25 20:30:51 PT) -   Date range: 10/10/2023 to 9/9/2025
[INFO] 2025-10-26 03:30:51 UTC (2025-10-25 20:30:51 PT) -   Total records: 20515
[INFO] 2025-10-26 03:30:51 UTC (2025-10-25 20:30:51 PT) - Download completed successfully
[INFO] 2025-10-27 03:42:06 UTC (2025-10-26 20:42:06 PT) - Starting nightly FINS data download
[INFO] 2025-10-27 03:42:06 UTC (2025-10-26 20:42:06 PT) - API key found
[INFO] 2025-10-27 03:42:06 UTC (2025-10-26 20:42:06 PT) - Current PT time: 2025-10-26 20:42:06
[INFO] 2025-10-27 03:42:06 UTC (2025-10-26 20:42:06 PT) - Requesting ALL historical trapping data through 10/27/2025 for NPT GRSME Program only
[INFO] 2025-10-27 03:42:37 UTC (2025-10-26 20:42:37 PT) - Downloaded 20515 rows of data
[INFO] 2025-10-27 03:42:37 UTC (2025-10-26 20:42:37 PT) - Columns: Finalize, Verify, Follow-Up, Trapped Date, Is Import, Facility, Trap, Trap Is Offsite, Trapping Session Name, Target Species, Target Run, Trapping Session Comments, Fish ID, Count, Species, Run, Sex, Origin, Origin Expression, Origin Description, Origin Start Date, Origin End Date, Origin Creator, Origin Creation Date, Living Status, Length, Age Designation, Age Calculated, Age Criteria Start Length, Age Criteria End Length, Age Criteria Start Date, Age Criteria End Date, Moved To Facility, Moved To, Moved To Location Type, Moved To Is Offsite, Offsite Owner Facility, Offsite Location Latitude, Offsite Location Longitude, Offsite Location Description, Disposition, Release Site, Release Site Latitude, Release Site Longitude, Purpose, Existing Marks, Existing Marks Quantity, Applied Marks, Applied Marks Quantity, Existing Tags, Applied Tags, Existing CWT, Existing CWT Value, Applied CWT, Applied CWT Value, Existing PIT, Applied PIT, Samples, Conditions, Recap, Injected, Weight, Notes, Group Notes, Import Custom
[INFO] 2025-10-27 03:42:37 UTC (2025-10-26 20:42:37 PT) - Successfully saved file: data/TrappingData.csv - Size: 11799752 bytes
[INFO] 2025-10-27 03:42:37 UTC (2025-10-26 20:42:37 PT) - Data summary:
[INFO] 2025-10-27 03:42:37 UTC (2025-10-26 20:42:37 PT) -   Date range: 10/10/2023 to 9/9/2025
[INFO] 2025-10-27 03:42:37 UTC (2025-10-26 20:42:37 PT) -   Total records: 20515
[INFO] 2025-10-27 03:42:37 UTC (2025-10-26 20:42:37 PT) - Download completed successfully
[INFO] 2025-10-28 03:32:37 UTC (2025-10-27 20:32:37 PT) - Starting nightly FINS data download
[INFO] 2025-10-28 03:32:37 UTC (2025-10-27 20:32:37 PT) - API key found
[INFO] 2025-10-28 03:32:37 UTC (2025-10-27 20:32:37 PT) - Current PT time: 2025-10-27 20:32:37
[INFO] 2025-10-28 03:32:37 UTC (2025-10-27 20:32:37 PT) - Requesting ALL historical trapping data through 10/28/2025 for NPT GRSME Program only
[INFO] 2025-10-28 03:33:09 UTC (2025-10-27 20:33:09 PT) - Downloaded 20515 rows of data
[INFO] 2025-10-28 03:33:09 UTC (2025-10-27 20:33:09 PT) - Columns: Finalize, Verify, Follow-Up, Trapped Date, Is Import, Facility, Trap, Trap Is Offsite, Trapping Session Name, Target Species, Target Run, Trapping Session Comments, Fish ID, Count, Species, Run, Sex, Origin, Origin Expression, Origin Description, Origin Start Date, Origin End Date, Origin Creator, Origin Creation Date, Living Status, Length, Age Designation, Age Calculated, Age Criteria Start Length, Age Criteria End Length, Age Criteria Start Date, Age Criteria End Date, Moved To Facility, Moved To, Moved To Location Type, Moved To Is Offsite, Offsite Owner Facility, Offsite Location Latitude, Offsite Location Longitude, Offsite Location Description, Disposition, Release Site, Release Site Latitude, Release Site Longitude, Purpose, Existing Marks, Existing Marks Quantity, Applied Marks, Applied Marks Quantity, Existing Tags, Applied Tags, Existing CWT, Existing CWT Value, Applied CWT, Applied CWT Value, Existing PIT, Applied PIT, Samples, Conditions, Recap, Injected, Weight, Notes, Group Notes, Import Custom
[INFO] 2025-10-28 03:33:09 UTC (2025-10-27 20:33:09 PT) - Successfully saved file: data/TrappingData.csv - Size: 11799752 bytes
[INFO] 2025-10-28 03:33:09 UTC (2025-10-27 20:33:09 PT) - Data summary:
[INFO] 2025-10-28 03:33:09 UTC (2025-10-27 20:33:09 PT) -   Date range: 10/10/2023 to 9/9/2025
[INFO] 2025-10-28 03:33:09 UTC (2025-10-27 20:33:09 PT) -   Total records: 20515
[INFO] 2025-10-28 03:33:09 UTC (2025-10-27 20:33:09 PT) - Download completed successfully
[INFO] 2025-10-29 03:36:54 UTC (2025-10-28 20:36:54 PT) - Starting nightly FINS data download
[INFO] 2025-10-29 03:36:54 UTC (2025-10-28 20:36:54 PT) - API key found
[INFO] 2025-10-29 03:36:54 UTC (2025-10-28 20:36:54 PT) - Current PT time: 2025-10-28 20:36:54
[INFO] 2025-10-29 03:36:54 UTC (2025-10-28 20:36:54 PT) - Requesting ALL historical trapping data through 10/29/2025 for NPT GRSME Program only
[INFO] 2025-10-29 03:37:25 UTC (2025-10-28 20:37:25 PT) - Downloaded 20515 rows of data
[INFO] 2025-10-29 03:37:25 UTC (2025-10-28 20:37:25 PT) - Columns: Finalize, Verify, Follow-Up, Trapped Date, Is Import, Facility, Trap, Trap Is Offsite, Trapping Session Name, Target Species, Target Run, Trapping Session Comments, Fish ID, Count, Species, Run, Sex, Origin, Origin Expression, Origin Description, Origin Start Date, Origin End Date, Origin Creator, Origin Creation Date, Living Status, Length, Age Designation, Age Calculated, Age Criteria Start Length, Age Criteria End Length, Age Criteria Start Date, Age Criteria End Date, Moved To Facility, Moved To, Moved To Location Type, Moved To Is Offsite, Offsite Owner Facility, Offsite Location Latitude, Offsite Location Longitude, Offsite Location Description, Disposition, Release Site, Release Site Latitude, Release Site Longitude, Purpose, Existing Marks, Existing Marks Quantity, Applied Marks, Applied Marks Quantity, Existing Tags, Applied Tags, Existing CWT, Existing CWT Value, Applied CWT, Applied CWT Value, Existing PIT, Applied PIT, Samples, Conditions, Recap, Injected, Weight, Notes, Group Notes, Import Custom
[INFO] 2025-10-29 03:37:25 UTC (2025-10-28 20:37:25 PT) - Successfully saved file: data/TrappingData.csv - Size: 11799752 bytes
[INFO] 2025-10-29 03:37:25 UTC (2025-10-28 20:37:25 PT) - Data summary:
[INFO] 2025-10-29 03:37:25 UTC (2025-10-28 20:37:25 PT) -   Date range: 10/10/2023 to 9/9/2025
[INFO] 2025-10-29 03:37:25 UTC (2025-10-28 20:37:25 PT) -   Total records: 20515
[INFO] 2025-10-29 03:37:25 UTC (2025-10-28 20:37:25 PT) - Download completed successfully
[INFO] 2025-10-30 03:32:34 UTC (2025-10-29 20:32:34 PT) - Starting nightly FINS data download
[INFO] 2025-10-30 03:32:34 UTC (2025-10-29 20:32:34 PT) - API key found
[INFO] 2025-10-30 03:32:34 UTC (2025-10-29 20:32:34 PT) - Current PT time: 2025-10-29 20:32:34
[INFO] 2025-10-30 03:32:34 UTC (2025-10-29 20:32:34 PT) - Requesting ALL historical trapping data through 10/30/2025 for NPT GRSME Program only
[INFO] 2025-10-30 03:33:07 UTC (2025-10-29 20:33:07 PT) - Downloaded 20515 rows of data
[INFO] 2025-10-30 03:33:07 UTC (2025-10-29 20:33:07 PT) - Columns: Finalize, Verify, Follow-Up, Trapped Date, Is Import, Facility, Trap, Trap Is Offsite, Trapping Session Name, Target Species, Target Run, Trapping Session Comments, Fish ID, Count, Species, Run, Sex, Origin, Origin Expression, Origin Description, Origin Start Date, Origin End Date, Origin Creator, Origin Creation Date, Living Status, Length, Age Designation, Age Calculated, Age Criteria Start Length, Age Criteria End Length, Age Criteria Start Date, Age Criteria End Date, Moved To Facility, Moved To, Moved To Location Type, Moved To Is Offsite, Offsite Owner Facility, Offsite Location Latitude, Offsite Location Longitude, Offsite Location Description, Disposition, Release Site, Release Site Latitude, Release Site Longitude, Purpose, Existing Marks, Existing Marks Quantity, Applied Marks, Applied Marks Quantity, Existing Tags, Applied Tags, Existing CWT, Existing CWT Value, Applied CWT, Applied CWT Value, Existing PIT, Applied PIT, Samples, Conditions, Recap, Injected, Weight, Notes, Group Notes, Import Custom
[INFO] 2025-10-30 03:33:07 UTC (2025-10-29 20:33:07 PT) - Successfully saved file: data/TrappingData.csv - Size: 11799752 bytes
[INFO] 2025-10-30 03:33:07 UTC (2025-10-29 20:33:07 PT) - Data summary:
[INFO] 2025-10-30 03:33:07 UTC (2025-10-29 20:33:07 PT) -   Date range: 10/10/2023 to 9/9/2025
[INFO] 2025-10-30 03:33:07 UTC (2025-10-29 20:33:07 PT) -   Total records: 20515
[INFO] 2025-10-30 03:33:07 UTC (2025-10-29 20:33:07 PT) - Download completed successfully
[INFO] 2025-10-31 03:33:14 UTC (2025-10-30 20:33:14 PT) - Starting nightly FINS data download
[INFO] 2025-10-31 03:33:14 UTC (2025-10-30 20:33:14 PT) - API key found
[INFO] 2025-10-31 03:33:14 UTC (2025-10-30 20:33:14 PT) - Current PT time: 2025-10-30 20:33:14
[INFO] 2025-10-31 03:33:14 UTC (2025-10-30 20:33:14 PT) - Requesting ALL historical trapping data through 10/31/2025 for NPT GRSME Program only
[INFO] 2025-10-31 03:33:48 UTC (2025-10-30 20:33:48 PT) - Downloaded 20515 rows of data
[INFO] 2025-10-31 03:33:48 UTC (2025-10-30 20:33:48 PT) - Columns: Finalize, Verify, Follow-Up, Trapped Date, Is Import, Facility, Trap, Trap Is Offsite, Trapping Session Name, Target Species, Target Run, Trapping Session Comments, Fish ID, Count, Species, Run, Sex, Origin, Origin Expression, Origin Description, Origin Start Date, Origin End Date, Origin Creator, Origin Creation Date, Living Status, Length, Age Designation, Age Calculated, Age Criteria Start Length, Age Criteria End Length, Age Criteria Start Date, Age Criteria End Date, Moved To Facility, Moved To, Moved To Location Type, Moved To Is Offsite, Offsite Owner Facility, Offsite Location Latitude, Offsite Location Longitude, Offsite Location Description, Disposition, Release Site, Release Site Latitude, Release Site Longitude, Purpose, Existing Marks, Existing Marks Quantity, Applied Marks, Applied Marks Quantity, Existing Tags, Applied Tags, Existing CWT, Existing CWT Value, Applied CWT, Applied CWT Value, Existing PIT, Applied PIT, Samples, Conditions, Recap, Injected, Weight, Notes, Group Notes, Import Custom
[INFO] 2025-10-31 03:33:48 UTC (2025-10-30 20:33:48 PT) - Successfully saved file: data/TrappingData.csv - Size: 11799752 bytes
[INFO] 2025-10-31 03:33:48 UTC (2025-10-30 20:33:48 PT) - Data summary:
[INFO] 2025-10-31 03:33:48 UTC (2025-10-30 20:33:48 PT) -   Date range: 10/10/2023 to 9/9/2025
[INFO] 2025-10-31 03:33:48 UTC (2025-10-30 20:33:48 PT) -   Total records: 20515
[INFO] 2025-10-31 03:33:48 UTC (2025-10-30 20:33:48 PT) - Download completed successfully
[INFO] 2025-11-01 03:58:05 UTC (2025-10-31 20:58:05 PT) - Starting nightly FINS data download
[INFO] 2025-11-01 03:58:05 UTC (2025-10-31 20:58:05 PT) - API key found
[INFO] 2025-11-01 03:58:05 UTC (2025-10-31 20:58:05 PT) - Current PT time: 2025-10-31 20:58:05
[INFO] 2025-11-01 03:58:05 UTC (2025-10-31 20:58:05 PT) - Requesting ALL historical trapping data through 11/01/2025 for NPT GRSME Program only
[INFO] 2025-11-01 03:58:39 UTC (2025-10-31 20:58:39 PT) - Downloaded 20515 rows of data
[INFO] 2025-11-01 03:58:39 UTC (2025-10-31 20:58:39 PT) - Columns: Finalize, Verify, Follow-Up, Trapped Date, Is Import, Facility, Trap, Trap Is Offsite, Trapping Session Name, Target Species, Target Run, Trapping Session Comments, Fish ID, Count, Species, Run, Sex, Origin, Origin Expression, Origin Description, Origin Start Date, Origin End Date, Origin Creator, Origin Creation Date, Living Status, Length, Age Designation, Age Calculated, Age Criteria Start Length, Age Criteria End Length, Age Criteria Start Date, Age Criteria End Date, Moved To Facility, Moved To, Moved To Location Type, Moved To Is Offsite, Offsite Owner Facility, Offsite Location Latitude, Offsite Location Longitude, Offsite Location Description, Disposition, Release Site, Release Site Latitude, Release Site Longitude, Purpose, Existing Marks, Existing Marks Quantity, Applied Marks, Applied Marks Quantity, Existing Tags, Applied Tags, Existing CWT, Existing CWT Value, Applied CWT, Applied CWT Value, Existing PIT, Applied PIT, Samples, Conditions, Recap, Injected, Weight, Notes, Group Notes, Import Custom
[INFO] 2025-11-01 03:58:39 UTC (2025-10-31 20:58:39 PT) - Successfully saved file: data/TrappingData.csv - Size: 11799752 bytes
[INFO] 2025-11-01 03:58:39 UTC (2025-10-31 20:58:39 PT) - Data summary:
[INFO] 2025-11-01 03:58:39 UTC (2025-10-31 20:58:39 PT) -   Date range: 10/10/2023 to 9/9/2025
[INFO] 2025-11-01 03:58:39 UTC (2025-10-31 20:58:39 PT) -   Total records: 20515
[INFO] 2025-11-01 03:58:39 UTC (2025-10-31 20:58:39 PT) - Download completed successfully
[INFO] 2025-11-02 03:35:59 UTC (2025-11-01 20:35:59 PT) - Starting nightly FINS data download
[INFO] 2025-11-02 03:35:59 UTC (2025-11-01 20:35:59 PT) - API key found
[INFO] 2025-11-02 03:35:59 UTC (2025-11-01 20:35:59 PT) - Current PT time: 2025-11-01 20:35:59
[INFO] 2025-11-02 03:35:59 UTC (2025-11-01 20:35:59 PT) - Requesting ALL historical trapping data through 11/02/2025 for NPT GRSME Program only
[INFO] 2025-11-02 03:36:31 UTC (2025-11-01 20:36:31 PT) - Downloaded 20515 rows of data
[INFO] 2025-11-02 03:36:31 UTC (2025-11-01 20:36:31 PT) - Columns: Finalize, Verify, Follow-Up, Trapped Date, Is Import, Facility, Trap, Trap Is Offsite, Trapping Session Name, Target Species, Target Run, Trapping Session Comments, Fish ID, Count, Species, Run, Sex, Origin, Origin Expression, Origin Description, Origin Start Date, Origin End Date, Origin Creator, Origin Creation Date, Living Status, Length, Age Designation, Age Calculated, Age Criteria Start Length, Age Criteria End Length, Age Criteria Start Date, Age Criteria End Date, Moved To Facility, Moved To, Moved To Location Type, Moved To Is Offsite, Offsite Owner Facility, Offsite Location Latitude, Offsite Location Longitude, Offsite Location Description, Disposition, Release Site, Release Site Latitude, Release Site Longitude, Purpose, Existing Marks, Existing Marks Quantity, Applied Marks, Applied Marks Quantity, Existing Tags, Applied Tags, Existing CWT, Existing CWT Value, Applied CWT, Applied CWT Value, Existing PIT, Applied PIT, Samples, Conditions, Recap, Injected, Weight, Notes, Group Notes, Import Custom
[INFO] 2025-11-02 03:36:31 UTC (2025-11-01 20:36:31 PT) - Successfully saved file: data/TrappingData.csv - Size: 11799752 bytes
[INFO] 2025-11-02 03:36:31 UTC (2025-11-01 20:36:31 PT) - Data summary:
[INFO] 2025-11-02 03:36:31 UTC (2025-11-01 20:36:31 PT) -   Date range: 10/10/2023 to 9/9/2025
[INFO] 2025-11-02 03:36:31 UTC (2025-11-01 20:36:31 PT) -   Total records: 20515
[INFO] 2025-11-02 03:36:31 UTC (2025-11-01 20:36:31 PT) - Download completed successfully
[INFO] 2025-11-03 03:38:18 UTC (2025-11-02 19:38:18 PT) - Starting nightly FINS data download
[INFO] 2025-11-03 03:38:18 UTC (2025-11-02 19:38:18 PT) - API key found
[INFO] 2025-11-03 03:38:18 UTC (2025-11-02 19:38:18 PT) - Current PT time: 2025-11-02 19:38:18
[INFO] 2025-11-03 03:38:18 UTC (2025-11-02 19:38:18 PT) - Requesting ALL historical trapping data through 11/03/2025 for NPT GRSME Program only
[INFO] 2025-11-03 03:38:53 UTC (2025-11-02 19:38:53 PT) - Downloaded 20515 rows of data
[INFO] 2025-11-03 03:38:53 UTC (2025-11-02 19:38:53 PT) - Columns: Finalize, Verify, Follow-Up, Trapped Date, Is Import, Facility, Trap, Trap Is Offsite, Trapping Session Name, Target Species, Target Run, Trapping Session Comments, Fish ID, Count, Species, Run, Sex, Origin, Origin Expression, Origin Description, Origin Start Date, Origin End Date, Origin Creator, Origin Creation Date, Living Status, Length, Age Designation, Age Calculated, Age Criteria Start Length, Age Criteria End Length, Age Criteria Start Date, Age Criteria End Date, Moved To Facility, Moved To, Moved To Location Type, Moved To Is Offsite, Offsite Owner Facility, Offsite Location Latitude, Offsite Location Longitude, Offsite Location Description, Disposition, Release Site, Release Site Latitude, Release Site Longitude, Purpose, Existing Marks, Existing Marks Quantity, Applied Marks, Applied Marks Quantity, Existing Tags, Applied Tags, Existing CWT, Existing CWT Value, Applied CWT, Applied CWT Value, Existing PIT, Applied PIT, Samples, Conditions, Recap, Injected, Weight, Notes, Group Notes, Import Custom
[INFO] 2025-11-03 03:38:53 UTC (2025-11-02 19:38:53 PT) - Successfully saved file: data/TrappingData.csv - Size: 11799752 bytes
[INFO] 2025-11-03 03:38:53 UTC (2025-11-02 19:38:53 PT) - Data summary:
[INFO] 2025-11-03 03:38:53 UTC (2025-11-02 19:38:53 PT) -   Date range: 10/10/2023 to 9/9/2025
[INFO] 2025-11-03 03:38:53 UTC (2025-11-02 19:38:53 PT) -   Total records: 20515
[INFO] 2025-11-03 03:38:53 UTC (2025-11-02 19:38:53 PT) - Download completed successfully
[INFO] 2025-11-04 03:32:46 UTC (2025-11-03 19:32:46 PT) - Starting nightly FINS data download
[INFO] 2025-11-04 03:32:46 UTC (2025-11-03 19:32:46 PT) - API key found
[INFO] 2025-11-04 03:32:46 UTC (2025-11-03 19:32:46 PT) - Current PT time: 2025-11-03 19:32:46
[INFO] 2025-11-04 03:32:46 UTC (2025-11-03 19:32:46 PT) - Requesting ALL historical trapping data through 11/04/2025 for NPT GRSME Program only
[INFO] 2025-11-04 03:33:20 UTC (2025-11-03 19:33:20 PT) - Downloaded 20530 rows of data
[INFO] 2025-11-04 03:33:20 UTC (2025-11-03 19:33:20 PT) - Columns: Finalize, Verify, Follow-Up, Trapped Date, Is Import, Facility, Trap, Trap Is Offsite, Trapping Session Name, Target Species, Target Run, Trapping Session Comments, Fish ID, Count, Species, Run, Sex, Origin, Origin Expression, Origin Description, Origin Start Date, Origin End Date, Origin Creator, Origin Creation Date, Living Status, Length, Age Designation, Age Calculated, Age Criteria Start Length, Age Criteria End Length, Age Criteria Start Date, Age Criteria End Date, Moved To Facility, Moved To, Moved To Location Type, Moved To Is Offsite, Offsite Owner Facility, Offsite Location Latitude, Offsite Location Longitude, Offsite Location Description, Disposition, Release Site, Release Site Latitude, Release Site Longitude, Purpose, Existing Marks, Existing Marks Quantity, Applied Marks, Applied Marks Quantity, Existing Tags, Applied Tags, Existing CWT, Existing CWT Value, Applied CWT, Applied CWT Value, Existing PIT, Applied PIT, Samples, Conditions, Recap, Injected, Weight, Notes, Group Notes, Import Custom
[INFO] 2025-11-04 03:33:20 UTC (2025-11-03 19:33:20 PT) - Successfully saved file: data/TrappingData.csv - Size: 11808300 bytes
[INFO] 2025-11-04 03:33:20 UTC (2025-11-03 19:33:20 PT) - Data summary:
[INFO] 2025-11-04 03:33:20 UTC (2025-11-03 19:33:20 PT) -   Date range: 10/10/2023 to 9/9/2025
[INFO] 2025-11-04 03:33:20 UTC (2025-11-03 19:33:20 PT) -   Total records: 20530
[INFO] 2025-11-04 03:33:20 UTC (2025-11-03 19:33:20 PT) - Download completed successfully
[INFO] 2025-11-05 03:34:52 UTC (2025-11-04 19:34:52 PT) - Starting nightly FINS data download
[INFO] 2025-11-05 03:34:52 UTC (2025-11-04 19:34:52 PT) - API key found
[INFO] 2025-11-05 03:34:52 UTC (2025-11-04 19:34:52 PT) - Current PT time: 2025-11-04 19:34:52
[INFO] 2025-11-05 03:34:52 UTC (2025-11-04 19:34:52 PT) - Requesting ALL historical trapping data through 11/05/2025 for NPT GRSME Program only
[INFO] 2025-11-05 03:35:25 UTC (2025-11-04 19:35:25 PT) - Downloaded 20535 rows of data
[INFO] 2025-11-05 03:35:25 UTC (2025-11-04 19:35:25 PT) - Columns: Finalize, Verify, Follow-Up, Trapped Date, Is Import, Facility, Trap, Trap Is Offsite, Trapping Session Name, Target Species, Target Run, Trapping Session Comments, Fish ID, Count, Species, Run, Sex, Origin, Origin Expression, Origin Description, Origin Start Date, Origin End Date, Origin Creator, Origin Creation Date, Living Status, Length, Age Designation, Age Calculated, Age Criteria Start Length, Age Criteria End Length, Age Criteria Start Date, Age Criteria End Date, Moved To Facility, Moved To, Moved To Location Type, Moved To Is Offsite, Offsite Owner Facility, Offsite Location Latitude, Offsite Location Longitude, Offsite Location Description, Disposition, Release Site, Release Site Latitude, Release Site Longitude, Purpose, Existing Marks, Existing Marks Quantity, Applied Marks, Applied Marks Quantity, Existing Tags, Applied Tags, Existing CWT, Existing CWT Value, Applied CWT, Applied CWT Value, Existing PIT, Applied PIT, Samples, Conditions, Recap, Injected, Weight, Notes, Group Notes, Import Custom
[INFO] 2025-11-05 03:35:25 UTC (2025-11-04 19:35:25 PT) - Successfully saved file: data/TrappingData.csv - Size: 11811087 bytes
[INFO] 2025-11-05 03:35:25 UTC (2025-11-04 19:35:25 PT) - Data summary:
[INFO] 2025-11-05 03:35:25 UTC (2025-11-04 19:35:25 PT) -   Date range: 10/10/2023 to 9/9/2025
[INFO] 2025-11-05 03:35:25 UTC (2025-11-04 19:35:25 PT) -   Total records: 20535
[INFO] 2025-11-05 03:35:25 UTC (2025-11-04 19:35:25 PT) - Download completed successfully
[INFO] 2025-11-06 03:37:32 UTC (2025-11-05 19:37:32 PT) - Starting nightly FINS data download
[INFO] 2025-11-06 03:37:32 UTC (2025-11-05 19:37:32 PT) - API key found
[INFO] 2025-11-06 03:37:32 UTC (2025-11-05 19:37:32 PT) - Current PT time: 2025-11-05 19:37:32
[INFO] 2025-11-06 03:37:32 UTC (2025-11-05 19:37:32 PT) - Requesting ALL historical trapping data through 11/06/2025 for NPT GRSME Program only
[INFO] 2025-11-06 03:38:04 UTC (2025-11-05 19:38:04 PT) - Downloaded 20535 rows of data
[INFO] 2025-11-06 03:38:04 UTC (2025-11-05 19:38:04 PT) - Columns: Finalize, Verify, Follow-Up, Trapped Date, Is Import, Facility, Trap, Trap Is Offsite, Trapping Session Name, Target Species, Target Run, Trapping Session Comments, Fish ID, Count, Species, Run, Sex, Origin, Origin Expression, Origin Description, Origin Start Date, Origin End Date, Origin Creator, Origin Creation Date, Living Status, Length, Age Designation, Age Calculated, Age Criteria Start Length, Age Criteria End Length, Age Criteria Start Date, Age Criteria End Date, Moved To Facility, Moved To, Moved To Location Type, Moved To Is Offsite, Offsite Owner Facility, Offsite Location Latitude, Offsite Location Longitude, Offsite Location Description, Disposition, Release Site, Release Site Latitude, Release Site Longitude, Purpose, Existing Marks, Existing Marks Quantity, Applied Marks, Applied Marks Quantity, Existing Tags, Applied Tags, Existing CWT, Existing CWT Value, Applied CWT, Applied CWT Value, Existing PIT, Applied PIT, Samples, Conditions, Recap, Injected, Weight, Notes, Group Notes, Import Custom
[INFO] 2025-11-06 03:38:04 UTC (2025-11-05 19:38:04 PT) - Successfully saved file: data/TrappingData.csv - Size: 11811087 bytes
[INFO] 2025-11-06 03:38:04 UTC (2025-11-05 19:38:04 PT) - Data summary:
[INFO] 2025-11-06 03:38:04 UTC (2025-11-05 19:38:04 PT) -   Date range: 10/10/2023 to 9/9/2025
[INFO] 2025-11-06 03:38:04 UTC (2025-11-05 19:38:04 PT) -   Total records: 20535
[INFO] 2025-11-06 03:38:04 UTC (2025-11-05 19:38:04 PT) - Download completed successfully
[INFO] 2025-11-07 03:32:02 UTC (2025-11-06 19:32:02 PT) - Starting nightly FINS data download
[INFO] 2025-11-07 03:32:02 UTC (2025-11-06 19:32:02 PT) - API key found
[INFO] 2025-11-07 03:32:02 UTC (2025-11-06 19:32:02 PT) - Current PT time: 2025-11-06 19:32:02
[INFO] 2025-11-07 03:32:02 UTC (2025-11-06 19:32:02 PT) - Requesting ALL historical trapping data through 11/07/2025 for NPT GRSME Program only
[INFO] 2025-11-07 03:32:42 UTC (2025-11-06 19:32:42 PT) - Downloaded 20535 rows of data
[INFO] 2025-11-07 03:32:42 UTC (2025-11-06 19:32:42 PT) - Columns: Finalize, Verify, Follow-Up, Trapped Date, Is Import, Facility, Trap, Trap Is Offsite, Trapping Session Name, Target Species, Target Run, Trapping Session Comments, Fish ID, Count, Species, Run, Sex, Origin, Origin Expression, Origin Description, Origin Start Date, Origin End Date, Origin Creator, Origin Creation Date, Living Status, Length, Age Designation, Age Calculated, Age Criteria Start Length, Age Criteria End Length, Age Criteria Start Date, Age Criteria End Date, Moved To Facility, Moved To, Moved To Location Type, Moved To Is Offsite, Offsite Owner Facility, Offsite Location Latitude, Offsite Location Longitude, Offsite Location Description, Disposition, Release Site, Release Site Latitude, Release Site Longitude, Purpose, Existing Marks, Existing Marks Quantity, Applied Marks, Applied Marks Quantity, Existing Tags, Applied Tags, Existing CWT, Existing CWT Value, Applied CWT, Applied CWT Value, Existing PIT, Applied PIT, Samples, Conditions, Recap, Injected, Weight, Notes, Group Notes, Import Custom
[INFO] 2025-11-07 03:32:42 UTC (2025-11-06 19:32:42 PT) - Successfully saved file: data/TrappingData.csv - Size: 11811087 bytes
[INFO] 2025-11-07 03:32:42 UTC (2025-11-06 19:32:42 PT) - Data summary:
[INFO] 2025-11-07 03:32:42 UTC (2025-11-06 19:32:42 PT) -   Date range: 10/10/2023 to 9/9/2025
[INFO] 2025-11-07 03:32:42 UTC (2025-11-06 19:32:42 PT) -   Total records: 20535
[INFO] 2025-11-07 03:32:42 UTC (2025-11-06 19:32:42 PT) - Download completed successfully
[INFO] 2025-11-08 03:25:27 UTC (2025-11-07 19:25:27 PT) - Starting nightly FINS data download
[INFO] 2025-11-08 03:25:27 UTC (2025-11-07 19:25:27 PT) - API key found
[INFO] 2025-11-08 03:25:27 UTC (2025-11-07 19:25:27 PT) - Current PT time: 2025-11-07 19:25:27
[INFO] 2025-11-08 03:25:27 UTC (2025-11-07 19:25:27 PT) - Requesting ALL historical trapping data through 11/08/2025 for NPT GRSME Program only
[INFO] 2025-11-08 03:26:00 UTC (2025-11-07 19:26:00 PT) - Downloaded 20535 rows of data
[INFO] 2025-11-08 03:26:00 UTC (2025-11-07 19:26:00 PT) - Columns: Finalize, Verify, Follow-Up, Trapped Date, Is Import, Facility, Trap, Trap Is Offsite, Trapping Session Name, Target Species, Target Run, Trapping Session Comments, Fish ID, Count, Species, Run, Sex, Origin, Origin Expression, Origin Description, Origin Start Date, Origin End Date, Origin Creator, Origin Creation Date, Living Status, Length, Age Designation, Age Calculated, Age Criteria Start Length, Age Criteria End Length, Age Criteria Start Date, Age Criteria End Date, Moved To Facility, Moved To, Moved To Location Type, Moved To Is Offsite, Offsite Owner Facility, Offsite Location Latitude, Offsite Location Longitude, Offsite Location Description, Disposition, Release Site, Release Site Latitude, Release Site Longitude, Purpose, Existing Marks, Existing Marks Quantity, Applied Marks, Applied Marks Quantity, Existing Tags, Applied Tags, Existing CWT, Existing CWT Value, Applied CWT, Applied CWT Value, Existing PIT, Applied PIT, Samples, Conditions, Recap, Injected, Weight, Notes, Group Notes, Import Custom
[INFO] 2025-11-08 03:26:00 UTC (2025-11-07 19:26:00 PT) - Successfully saved file: data/TrappingData.csv - Size: 11811087 bytes
[INFO] 2025-11-08 03:26:00 UTC (2025-11-07 19:26:00 PT) - Data summary:
[INFO] 2025-11-08 03:26:00 UTC (2025-11-07 19:26:00 PT) -   Date range: 10/10/2023 to 9/9/2025
[INFO] 2025-11-08 03:26:00 UTC (2025-11-07 19:26:00 PT) -   Total records: 20535
[INFO] 2025-11-08 03:26:00 UTC (2025-11-07 19:26:00 PT) - Download completed successfully
[INFO] 2025-11-09 03:32:58 UTC (2025-11-08 19:32:58 PT) - Starting nightly FINS data download
[INFO] 2025-11-09 03:32:58 UTC (2025-11-08 19:32:58 PT) - API key found
[INFO] 2025-11-09 03:32:58 UTC (2025-11-08 19:32:58 PT) - Current PT time: 2025-11-08 19:32:58
[INFO] 2025-11-09 03:32:58 UTC (2025-11-08 19:32:58 PT) - Requesting ALL historical trapping data through 11/09/2025 for NPT GRSME Program only
[INFO] 2025-11-09 03:33:30 UTC (2025-11-08 19:33:30 PT) - Downloaded 20535 rows of data
[INFO] 2025-11-09 03:33:30 UTC (2025-11-08 19:33:30 PT) - Columns: Finalize, Verify, Follow-Up, Trapped Date, Is Import, Facility, Trap, Trap Is Offsite, Trapping Session Name, Target Species, Target Run, Trapping Session Comments, Fish ID, Count, Species, Run, Sex, Origin, Origin Expression, Origin Description, Origin Start Date, Origin End Date, Origin Creator, Origin Creation Date, Living Status, Length, Age Designation, Age Calculated, Age Criteria Start Length, Age Criteria End Length, Age Criteria Start Date, Age Criteria End Date, Moved To Facility, Moved To, Moved To Location Type, Moved To Is Offsite, Offsite Owner Facility, Offsite Location Latitude, Offsite Location Longitude, Offsite Location Description, Disposition, Release Site, Release Site Latitude, Release Site Longitude, Purpose, Existing Marks, Existing Marks Quantity, Applied Marks, Applied Marks Quantity, Existing Tags, Applied Tags, Existing CWT, Existing CWT Value, Applied CWT, Applied CWT Value, Existing PIT, Applied PIT, Samples, Conditions, Recap, Injected, Weight, Notes, Group Notes, Import Custom
[INFO] 2025-11-09 03:33:31 UTC (2025-11-08 19:33:31 PT) - Successfully saved file: data/TrappingData.csv - Size: 11811087 bytes
[INFO] 2025-11-09 03:33:31 UTC (2025-11-08 19:33:31 PT) - Data summary:
[INFO] 2025-11-09 03:33:31 UTC (2025-11-08 19:33:31 PT) -   Date range: 10/10/2023 to 9/9/2025
[INFO] 2025-11-09 03:33:31 UTC (2025-11-08 19:33:31 PT) -   Total records: 20535
[INFO] 2025-11-09 03:33:31 UTC (2025-11-08 19:33:31 PT) - Download completed successfully
[INFO] 2025-11-10 03:39:26 UTC (2025-11-09 19:39:26 PT) - Starting nightly FINS data download
[INFO] 2025-11-10 03:39:26 UTC (2025-11-09 19:39:26 PT) - API key found
[INFO] 2025-11-10 03:39:26 UTC (2025-11-09 19:39:26 PT) - Current PT time: 2025-11-09 19:39:26
[INFO] 2025-11-10 03:39:26 UTC (2025-11-09 19:39:26 PT) - Requesting ALL historical trapping data through 11/10/2025 for NPT GRSME Program only
[INFO] 2025-11-10 03:40:02 UTC (2025-11-09 19:40:02 PT) - Downloaded 20535 rows of data
[INFO] 2025-11-10 03:40:02 UTC (2025-11-09 19:40:02 PT) - Columns: Finalize, Verify, Follow-Up, Trapped Date, Is Import, Facility, Trap, Trap Is Offsite, Trapping Session Name, Target Species, Target Run, Trapping Session Comments, Fish ID, Count, Species, Run, Sex, Origin, Origin Expression, Origin Description, Origin Start Date, Origin End Date, Origin Creator, Origin Creation Date, Living Status, Length, Age Designation, Age Calculated, Age Criteria Start Length, Age Criteria End Length, Age Criteria Start Date, Age Criteria End Date, Moved To Facility, Moved To, Moved To Location Type, Moved To Is Offsite, Offsite Owner Facility, Offsite Location Latitude, Offsite Location Longitude, Offsite Location Description, Disposition, Release Site, Release Site Latitude, Release Site Longitude, Purpose, Existing Marks, Existing Marks Quantity, Applied Marks, Applied Marks Quantity, Existing Tags, Applied Tags, Existing CWT, Existing CWT Value, Applied CWT, Applied CWT Value, Existing PIT, Applied PIT, Samples, Conditions, Recap, Injected, Weight, Notes, Group Notes, Import Custom
[INFO] 2025-11-10 03:40:02 UTC (2025-11-09 19:40:02 PT) - Successfully saved file: data/TrappingData.csv - Size: 11811087 bytes
[INFO] 2025-11-10 03:40:02 UTC (2025-11-09 19:40:02 PT) - Data summary:
[INFO] 2025-11-10 03:40:02 UTC (2025-11-09 19:40:02 PT) -   Date range: 10/10/2023 to 9/9/2025
[INFO] 2025-11-10 03:40:02 UTC (2025-11-09 19:40:02 PT) -   Total records: 20535
[INFO] 2025-11-10 03:40:02 UTC (2025-11-09 19:40:02 PT) - Download completed successfully
[INFO] 2025-11-11 03:39:27 UTC (2025-11-10 19:39:27 PT) - Starting nightly FINS data download
[INFO] 2025-11-11 03:39:27 UTC (2025-11-10 19:39:27 PT) - API key found
[INFO] 2025-11-11 03:39:27 UTC (2025-11-10 19:39:27 PT) - Current PT time: 2025-11-10 19:39:27
[INFO] 2025-11-11 03:39:27 UTC (2025-11-10 19:39:27 PT) - Requesting ALL historical trapping data through 11/11/2025 for NPT GRSME Program only
[INFO] 2025-11-11 03:39:57 UTC (2025-11-10 19:39:57 PT) - Downloaded 20535 rows of data
[INFO] 2025-11-11 03:39:57 UTC (2025-11-10 19:39:57 PT) - Columns: Finalize, Verify, Follow-Up, Trapped Date, Is Import, Facility, Trap, Trap Is Offsite, Trapping Session Name, Target Species, Target Run, Trapping Session Comments, Fish ID, Count, Species, Run, Sex, Origin, Origin Expression, Origin Description, Origin Start Date, Origin End Date, Origin Creator, Origin Creation Date, Living Status, Length, Age Designation, Age Calculated, Age Criteria Start Length, Age Criteria End Length, Age Criteria Start Date, Age Criteria End Date, Moved To Facility, Moved To, Moved To Location Type, Moved To Is Offsite, Offsite Owner Facility, Offsite Location Latitude, Offsite Location Longitude, Offsite Location Description, Disposition, Release Site, Release Site Latitude, Release Site Longitude, Purpose, Existing Marks, Existing Marks Quantity, Applied Marks, Applied Marks Quantity, Existing Tags, Applied Tags, Existing CWT, Existing CWT Value, Applied CWT, Applied CWT Value, Existing PIT, Applied PIT, Samples, Conditions, Recap, Injected, Weight, Notes, Group Notes, Import Custom
[INFO] 2025-11-11 03:39:57 UTC (2025-11-10 19:39:57 PT) - Successfully saved file: data/TrappingData.csv - Size: 11811087 bytes
[INFO] 2025-11-11 03:39:57 UTC (2025-11-10 19:39:57 PT) - Data summary:
[INFO] 2025-11-11 03:39:57 UTC (2025-11-10 19:39:57 PT) -   Date range: 10/10/2023 to 9/9/2025
[INFO] 2025-11-11 03:39:57 UTC (2025-11-10 19:39:57 PT) -   Total records: 20535
[INFO] 2025-11-11 03:39:57 UTC (2025-11-10 19:39:57 PT) - Download completed successfully
[INFO] 2025-11-12 03:34:14 UTC (2025-11-11 19:34:14 PT) - Starting nightly FINS data download
[INFO] 2025-11-12 03:34:14 UTC (2025-11-11 19:34:14 PT) - API key found
[INFO] 2025-11-12 03:34:14 UTC (2025-11-11 19:34:14 PT) - Current PT time: 2025-11-11 19:34:14
[INFO] 2025-11-12 03:34:14 UTC (2025-11-11 19:34:14 PT) - Requesting ALL historical trapping data through 11/12/2025 for NPT GRSME Program only
[INFO] 2025-11-12 03:34:45 UTC (2025-11-11 19:34:45 PT) - Downloaded 20535 rows of data
[INFO] 2025-11-12 03:34:45 UTC (2025-11-11 19:34:45 PT) - Columns: Finalize, Verify, Follow-Up, Trapped Date, Is Import, Facility, Trap, Trap Is Offsite, Trapping Session Name, Target Species, Target Run, Trapping Session Comments, Fish ID, Count, Species, Run, Sex, Origin, Origin Expression, Origin Description, Origin Start Date, Origin End Date, Origin Creator, Origin Creation Date, Living Status, Length, Age Designation, Age Calculated, Age Criteria Start Length, Age Criteria End Length, Age Criteria Start Date, Age Criteria End Date, Moved To Facility, Moved To, Moved To Location Type, Moved To Is Offsite, Offsite Owner Facility, Offsite Location Latitude, Offsite Location Longitude, Offsite Location Description, Disposition, Release Site, Release Site Latitude, Release Site Longitude, Purpose, Existing Marks, Existing Marks Quantity, Applied Marks, Applied Marks Quantity, Existing Tags, Applied Tags, Existing CWT, Existing CWT Value, Applied CWT, Applied CWT Value, Existing PIT, Applied PIT, Samples, Conditions, Recap, Injected, Weight, Notes, Group Notes, Import Custom
[INFO] 2025-11-12 03:34:45 UTC (2025-11-11 19:34:45 PT) - Successfully saved file: data/TrappingData.csv - Size: 11811087 bytes
[INFO] 2025-11-12 03:34:45 UTC (2025-11-11 19:34:45 PT) - Data summary:
[INFO] 2025-11-12 03:34:45 UTC (2025-11-11 19:34:45 PT) -   Date range: 10/10/2023 to 9/9/2025
[INFO] 2025-11-12 03:34:45 UTC (2025-11-11 19:34:45 PT) -   Total records: 20535
[INFO] 2025-11-12 03:34:45 UTC (2025-11-11 19:34:45 PT) - Download completed successfully
[INFO] 2025-11-13 03:35:46 UTC (2025-11-12 19:35:46 PT) - Starting nightly FINS data download
[INFO] 2025-11-13 03:35:46 UTC (2025-11-12 19:35:46 PT) - API key found
[INFO] 2025-11-13 03:35:46 UTC (2025-11-12 19:35:46 PT) - Current PT time: 2025-11-12 19:35:46
[INFO] 2025-11-13 03:35:46 UTC (2025-11-12 19:35:46 PT) - Requesting ALL historical trapping data through 11/13/2025 for NPT GRSME Program only
[INFO] 2025-11-13 03:36:18 UTC (2025-11-12 19:36:18 PT) - Downloaded 20535 rows of data
[INFO] 2025-11-13 03:36:18 UTC (2025-11-12 19:36:18 PT) - Columns: Finalize, Verify, Follow-Up, Trapped Date, Is Import, Facility, Trap, Trap Is Offsite, Trapping Session Name, Target Species, Target Run, Trapping Session Comments, Fish ID, Count, Species, Run, Sex, Origin, Origin Expression, Origin Description, Origin Start Date, Origin End Date, Origin Creator, Origin Creation Date, Living Status, Length, Age Designation, Age Calculated, Age Criteria Start Length, Age Criteria End Length, Age Criteria Start Date, Age Criteria End Date, Moved To Facility, Moved To, Moved To Location Type, Moved To Is Offsite, Offsite Owner Facility, Offsite Location Latitude, Offsite Location Longitude, Offsite Location Description, Disposition, Release Site, Release Site Latitude, Release Site Longitude, Purpose, Existing Marks, Existing Marks Quantity, Applied Marks, Applied Marks Quantity, Existing Tags, Applied Tags, Existing CWT, Existing CWT Value, Applied CWT, Applied CWT Value, Existing PIT, Applied PIT, Samples, Conditions, Recap, Injected, Weight, Notes, Group Notes, Import Custom
[INFO] 2025-11-13 03:36:18 UTC (2025-11-12 19:36:18 PT) - Successfully saved file: data/TrappingData.csv - Size: 11811087 bytes
[INFO] 2025-11-13 03:36:18 UTC (2025-11-12 19:36:18 PT) - Data summary:
[INFO] 2025-11-13 03:36:18 UTC (2025-11-12 19:36:18 PT) -   Date range: 10/10/2023 to 9/9/2025
[INFO] 2025-11-13 03:36:18 UTC (2025-11-12 19:36:18 PT) -   Total records: 20535
[INFO] 2025-11-13 03:36:18 UTC (2025-11-12 19:36:18 PT) - Download completed successfully
[INFO] 2025-11-14 03:35:33 UTC (2025-11-13 19:35:33 PT) - Starting nightly FINS data download
[INFO] 2025-11-14 03:35:33 UTC (2025-11-13 19:35:33 PT) - API key found
[INFO] 2025-11-14 03:35:33 UTC (2025-11-13 19:35:33 PT) - Current PT time: 2025-11-13 19:35:33
[INFO] 2025-11-14 03:35:33 UTC (2025-11-13 19:35:33 PT) - Requesting ALL historical trapping data through 11/14/2025 for NPT GRSME Program only
[INFO] 2025-11-14 03:36:04 UTC (2025-11-13 19:36:04 PT) - Downloaded 20535 rows of data
[INFO] 2025-11-14 03:36:04 UTC (2025-11-13 19:36:04 PT) - Columns: Finalize, Verify, Follow-Up, Trapped Date, Is Import, Facility, Trap, Trap Is Offsite, Trapping Session Name, Target Species, Target Run, Trapping Session Comments, Fish ID, Count, Species, Run, Sex, Origin, Origin Expression, Origin Description, Origin Start Date, Origin End Date, Origin Creator, Origin Creation Date, Living Status, Length, Age Designation, Age Calculated, Age Criteria Start Length, Age Criteria End Length, Age Criteria Start Date, Age Criteria End Date, Moved To Facility, Moved To, Moved To Location Type, Moved To Is Offsite, Offsite Owner Facility, Offsite Location Latitude, Offsite Location Longitude, Offsite Location Description, Disposition, Release Site, Release Site Latitude, Release Site Longitude, Purpose, Existing Marks, Existing Marks Quantity, Applied Marks, Applied Marks Quantity, Existing Tags, Applied Tags, Existing CWT, Existing CWT Value, Applied CWT, Applied CWT Value, Existing PIT, Applied PIT, Samples, Conditions, Recap, Injected, Weight, Notes, Group Notes, Import Custom
[INFO] 2025-11-14 03:36:04 UTC (2025-11-13 19:36:04 PT) - Successfully saved file: data/TrappingData.csv - Size: 11811087 bytes
[INFO] 2025-11-14 03:36:04 UTC (2025-11-13 19:36:04 PT) - Data summary:
[INFO] 2025-11-14 03:36:04 UTC (2025-11-13 19:36:04 PT) -   Date range: 10/10/2023 to 9/9/2025
[INFO] 2025-11-14 03:36:04 UTC (2025-11-13 19:36:04 PT) -   Total records: 20535
[INFO] 2025-11-14 03:36:04 UTC (2025-11-13 19:36:04 PT) - Download completed successfully
[INFO] 2025-11-15 03:29:46 UTC (2025-11-14 19:29:46 PT) - Starting nightly FINS data download
[INFO] 2025-11-15 03:29:46 UTC (2025-11-14 19:29:46 PT) - API key found
[INFO] 2025-11-15 03:29:46 UTC (2025-11-14 19:29:46 PT) - Current PT time: 2025-11-14 19:29:46
[INFO] 2025-11-15 03:29:46 UTC (2025-11-14 19:29:46 PT) - Requesting ALL historical trapping data through 11/15/2025 for NPT GRSME Program only
[INFO] 2025-11-15 03:30:17 UTC (2025-11-14 19:30:17 PT) - Downloaded 20535 rows of data
[INFO] 2025-11-15 03:30:17 UTC (2025-11-14 19:30:17 PT) - Columns: Finalize, Verify, Follow-Up, Trapped Date, Is Import, Facility, Trap, Trap Is Offsite, Trapping Session Name, Target Species, Target Run, Trapping Session Comments, Fish ID, Count, Species, Run, Sex, Origin, Origin Expression, Origin Description, Origin Start Date, Origin End Date, Origin Creator, Origin Creation Date, Living Status, Length, Age Designation, Age Calculated, Age Criteria Start Length, Age Criteria End Length, Age Criteria Start Date, Age Criteria End Date, Moved To Facility, Moved To, Moved To Location Type, Moved To Is Offsite, Offsite Owner Facility, Offsite Location Latitude, Offsite Location Longitude, Offsite Location Description, Disposition, Release Site, Release Site Latitude, Release Site Longitude, Purpose, Existing Marks, Existing Marks Quantity, Applied Marks, Applied Marks Quantity, Existing Tags, Applied Tags, Existing CWT, Existing CWT Value, Applied CWT, Applied CWT Value, Existing PIT, Applied PIT, Samples, Conditions, Recap, Injected, Weight, Notes, Group Notes, Import Custom
[INFO] 2025-11-15 03:30:17 UTC (2025-11-14 19:30:17 PT) - Successfully saved file: data/TrappingData.csv - Size: 11811087 bytes
[INFO] 2025-11-15 03:30:17 UTC (2025-11-14 19:30:17 PT) - Data summary:
[INFO] 2025-11-15 03:30:17 UTC (2025-11-14 19:30:17 PT) -   Date range: 10/10/2023 to 9/9/2025
[INFO] 2025-11-15 03:30:17 UTC (2025-11-14 19:30:17 PT) -   Total records: 20535
[INFO] 2025-11-15 03:30:17 UTC (2025-11-14 19:30:17 PT) - Download completed successfully
[INFO] 2025-11-16 03:37:16 UTC (2025-11-15 19:37:16 PT) - Starting nightly FINS data download
[INFO] 2025-11-16 03:37:16 UTC (2025-11-15 19:37:16 PT) - API key found
[INFO] 2025-11-16 03:37:16 UTC (2025-11-15 19:37:16 PT) - Current PT time: 2025-11-15 19:37:16
[INFO] 2025-11-16 03:37:16 UTC (2025-11-15 19:37:16 PT) - Requesting ALL historical trapping data through 11/16/2025 for NPT GRSME Program only
[INFO] 2025-11-16 03:37:53 UTC (2025-11-15 19:37:53 PT) - Downloaded 20535 rows of data
[INFO] 2025-11-16 03:37:53 UTC (2025-11-15 19:37:53 PT) - Columns: Finalize, Verify, Follow-Up, Trapped Date, Is Import, Facility, Trap, Trap Is Offsite, Trapping Session Name, Target Species, Target Run, Trapping Session Comments, Fish ID, Count, Species, Run, Sex, Origin, Origin Expression, Origin Description, Origin Start Date, Origin End Date, Origin Creator, Origin Creation Date, Living Status, Length, Age Designation, Age Calculated, Age Criteria Start Length, Age Criteria End Length, Age Criteria Start Date, Age Criteria End Date, Moved To Facility, Moved To, Moved To Location Type, Moved To Is Offsite, Offsite Owner Facility, Offsite Location Latitude, Offsite Location Longitude, Offsite Location Description, Disposition, Release Site, Release Site Latitude, Release Site Longitude, Purpose, Existing Marks, Existing Marks Quantity, Applied Marks, Applied Marks Quantity, Existing Tags, Applied Tags, Existing CWT, Existing CWT Value, Applied CWT, Applied CWT Value, Existing PIT, Applied PIT, Samples, Conditions, Recap, Injected, Weight, Notes, Group Notes, Import Custom
[INFO] 2025-11-16 03:37:53 UTC (2025-11-15 19:37:53 PT) - Successfully saved file: data/TrappingData.csv - Size: 11811087 bytes
[INFO] 2025-11-16 03:37:53 UTC (2025-11-15 19:37:53 PT) - Data summary:
[INFO] 2025-11-16 03:37:53 UTC (2025-11-15 19:37:53 PT) -   Date range: 10/10/2023 to 9/9/2025
[INFO] 2025-11-16 03:37:53 UTC (2025-11-15 19:37:53 PT) -   Total records: 20535
[INFO] 2025-11-16 03:37:53 UTC (2025-11-15 19:37:53 PT) - Download completed successfully
[INFO] 2025-11-17 03:37:47 UTC (2025-11-16 19:37:47 PT) - Starting nightly FINS data download
[INFO] 2025-11-17 03:37:47 UTC (2025-11-16 19:37:47 PT) - API key found
[INFO] 2025-11-17 03:37:47 UTC (2025-11-16 19:37:47 PT) - Current PT time: 2025-11-16 19:37:47
[INFO] 2025-11-17 03:37:47 UTC (2025-11-16 19:37:47 PT) - Requesting ALL historical trapping data through 11/17/2025 for NPT GRSME Program only
[INFO] 2025-11-17 03:38:22 UTC (2025-11-16 19:38:22 PT) - Downloaded 20535 rows of data
[INFO] 2025-11-17 03:38:22 UTC (2025-11-16 19:38:22 PT) - Columns: Finalize, Verify, Follow-Up, Trapped Date, Is Import, Facility, Trap, Trap Is Offsite, Trapping Session Name, Target Species, Target Run, Trapping Session Comments, Fish ID, Count, Species, Run, Sex, Origin, Origin Expression, Origin Description, Origin Start Date, Origin End Date, Origin Creator, Origin Creation Date, Living Status, Length, Age Designation, Age Calculated, Age Criteria Start Length, Age Criteria End Length, Age Criteria Start Date, Age Criteria End Date, Moved To Facility, Moved To, Moved To Location Type, Moved To Is Offsite, Offsite Owner Facility, Offsite Location Latitude, Offsite Location Longitude, Offsite Location Description, Disposition, Release Site, Release Site Latitude, Release Site Longitude, Purpose, Existing Marks, Existing Marks Quantity, Applied Marks, Applied Marks Quantity, Existing Tags, Applied Tags, Existing CWT, Existing CWT Value, Applied CWT, Applied CWT Value, Existing PIT, Applied PIT, Samples, Conditions, Recap, Injected, Weight, Notes, Group Notes, Import Custom
[INFO] 2025-11-17 03:38:22 UTC (2025-11-16 19:38:22 PT) - Successfully saved file: data/TrappingData.csv - Size: 11811087 bytes
[INFO] 2025-11-17 03:38:22 UTC (2025-11-16 19:38:22 PT) - Data summary:
[INFO] 2025-11-17 03:38:22 UTC (2025-11-16 19:38:22 PT) -   Date range: 10/10/2023 to 9/9/2025
[INFO] 2025-11-17 03:38:22 UTC (2025-11-16 19:38:22 PT) -   Total records: 20535
[INFO] 2025-11-17 03:38:22 UTC (2025-11-16 19:38:22 PT) - Download completed successfully
[INFO] 2025-11-18 03:34:11 UTC (2025-11-17 19:34:11 PT) - Starting nightly FINS data download
[INFO] 2025-11-18 03:34:11 UTC (2025-11-17 19:34:11 PT) - API key found
[INFO] 2025-11-18 03:34:11 UTC (2025-11-17 19:34:11 PT) - Current PT time: 2025-11-17 19:34:11
[INFO] 2025-11-18 03:34:11 UTC (2025-11-17 19:34:11 PT) - Requesting ALL historical trapping data through 11/18/2025 for NPT GRSME Program only
[INFO] 2025-11-18 03:34:45 UTC (2025-11-17 19:34:45 PT) - Downloaded 20604 rows of data
[INFO] 2025-11-18 03:34:45 UTC (2025-11-17 19:34:45 PT) - Columns: Finalize, Verify, Follow-Up, Trapped Date, Is Import, Facility, Trap, Trap Is Offsite, Trapping Session Name, Target Species, Target Run, Trapping Session Comments, Fish ID, Count, Species, Run, Sex, Origin, Origin Expression, Origin Description, Origin Start Date, Origin End Date, Origin Creator, Origin Creation Date, Living Status, Length, Age Designation, Age Calculated, Age Criteria Start Length, Age Criteria End Length, Age Criteria Start Date, Age Criteria End Date, Moved To Facility, Moved To, Moved To Location Type, Moved To Is Offsite, Offsite Owner Facility, Offsite Location Latitude, Offsite Location Longitude, Offsite Location Description, Disposition, Release Site, Release Site Latitude, Release Site Longitude, Purpose, Existing Marks, Existing Marks Quantity, Applied Marks, Applied Marks Quantity, Existing Tags, Applied Tags, Existing CWT, Existing CWT Value, Applied CWT, Applied CWT Value, Existing PIT, Applied PIT, Samples, Conditions, Recap, Injected, Weight, Notes, Group Notes, Import Custom
[INFO] 2025-11-18 03:34:45 UTC (2025-11-17 19:34:45 PT) - Successfully saved file: data/TrappingData.csv - Size: 11850903 bytes
[INFO] 2025-11-18 03:34:46 UTC (2025-11-17 19:34:46 PT) - Data summary:
[INFO] 2025-11-18 03:34:46 UTC (2025-11-17 19:34:46 PT) -   Date range: 10/10/2023 to 9/9/2025
[INFO] 2025-11-18 03:34:46 UTC (2025-11-17 19:34:46 PT) -   Total records: 20604
[INFO] 2025-11-18 03:34:46 UTC (2025-11-17 19:34:46 PT) - Download completed successfully
[INFO] 2025-11-19 03:33:41 UTC (2025-11-18 19:33:41 PT) - Starting nightly FINS data download
[INFO] 2025-11-19 03:33:41 UTC (2025-11-18 19:33:41 PT) - API key found
[INFO] 2025-11-19 03:33:41 UTC (2025-11-18 19:33:41 PT) - Current PT time: 2025-11-18 19:33:41
[INFO] 2025-11-19 03:33:41 UTC (2025-11-18 19:33:41 PT) - Requesting ALL historical trapping data through 11/19/2025 for NPT GRSME Program only
[INFO] 2025-11-19 03:34:11 UTC (2025-11-18 19:34:11 PT) - Downloaded 20604 rows of data
[INFO] 2025-11-19 03:34:11 UTC (2025-11-18 19:34:11 PT) - Columns: Finalize, Verify, Follow-Up, Trapped Date, Is Import, Facility, Trap, Trap Is Offsite, Trapping Session Name, Target Species, Target Run, Trapping Session Comments, Fish ID, Count, Species, Run, Sex, Origin, Origin Expression, Origin Description, Origin Start Date, Origin End Date, Origin Creator, Origin Creation Date, Living Status, Length, Age Designation, Age Calculated, Age Criteria Start Length, Age Criteria End Length, Age Criteria Start Date, Age Criteria End Date, Moved To Facility, Moved To, Moved To Location Type, Moved To Is Offsite, Offsite Owner Facility, Offsite Location Latitude, Offsite Location Longitude, Offsite Location Description, Disposition, Release Site, Release Site Latitude, Release Site Longitude, Purpose, Existing Marks, Existing Marks Quantity, Applied Marks, Applied Marks Quantity, Existing Tags, Applied Tags, Existing CWT, Existing CWT Value, Applied CWT, Applied CWT Value, Existing PIT, Applied PIT, Samples, Conditions, Recap, Injected, Weight, Notes, Group Notes, Import Custom
[INFO] 2025-11-19 03:34:11 UTC (2025-11-18 19:34:11 PT) - Successfully saved file: data/TrappingData.csv - Size: 11850903 bytes
[INFO] 2025-11-19 03:34:11 UTC (2025-11-18 19:34:11 PT) - Data summary:
[INFO] 2025-11-19 03:34:11 UTC (2025-11-18 19:34:11 PT) -   Date range: 10/10/2023 to 9/9/2025
[INFO] 2025-11-19 03:34:11 UTC (2025-11-18 19:34:11 PT) -   Total records: 20604
[INFO] 2025-11-19 03:34:11 UTC (2025-11-18 19:34:11 PT) - Download completed successfully
[INFO] 2025-11-20 03:32:41 UTC (2025-11-19 19:32:41 PT) - Starting nightly FINS data download
[INFO] 2025-11-20 03:32:41 UTC (2025-11-19 19:32:41 PT) - API key found
[INFO] 2025-11-20 03:32:41 UTC (2025-11-19 19:32:41 PT) - Current PT time: 2025-11-19 19:32:41
[INFO] 2025-11-20 03:32:41 UTC (2025-11-19 19:32:41 PT) - Requesting ALL historical trapping data through 11/20/2025 for NPT GRSME Program only
[INFO] 2025-11-20 03:33:15 UTC (2025-11-19 19:33:15 PT) - Downloaded 20620 rows of data
[INFO] 2025-11-20 03:33:15 UTC (2025-11-19 19:33:15 PT) - Columns: Finalize, Verify, Follow-Up, Trapped Date, Is Import, Facility, Trap, Trap Is Offsite, Trapping Session Name, Target Species, Target Run, Trapping Session Comments, Fish ID, Count, Species, Run, Sex, Origin, Origin Expression, Origin Description, Origin Start Date, Origin End Date, Origin Creator, Origin Creation Date, Living Status, Length, Age Designation, Age Calculated, Age Criteria Start Length, Age Criteria End Length, Age Criteria Start Date, Age Criteria End Date, Moved To Facility, Moved To, Moved To Location Type, Moved To Is Offsite, Offsite Owner Facility, Offsite Location Latitude, Offsite Location Longitude, Offsite Location Description, Disposition, Release Site, Release Site Latitude, Release Site Longitude, Purpose, Existing Marks, Existing Marks Quantity, Applied Marks, Applied Marks Quantity, Existing Tags, Applied Tags, Existing CWT, Existing CWT Value, Applied CWT, Applied CWT Value, Existing PIT, Applied PIT, Samples, Conditions, Recap, Injected, Weight, Notes, Group Notes, Import Custom
[INFO] 2025-11-20 03:33:15 UTC (2025-11-19 19:33:15 PT) - Successfully saved file: data/TrappingData.csv - Size: 11860106 bytes
[INFO] 2025-11-20 03:33:15 UTC (2025-11-19 19:33:15 PT) - Data summary:
[INFO] 2025-11-20 03:33:15 UTC (2025-11-19 19:33:15 PT) -   Date range: 10/10/2023 to 9/9/2025
[INFO] 2025-11-20 03:33:15 UTC (2025-11-19 19:33:15 PT) -   Total records: 20620
[INFO] 2025-11-20 03:33:15 UTC (2025-11-19 19:33:15 PT) - Download completed successfully
[INFO] 2025-11-21 03:32:50 UTC (2025-11-20 19:32:50 PT) - Starting nightly FINS data download
[INFO] 2025-11-21 03:32:50 UTC (2025-11-20 19:32:50 PT) - API key found
[INFO] 2025-11-21 03:32:50 UTC (2025-11-20 19:32:50 PT) - Current PT time: 2025-11-20 19:32:50
[INFO] 2025-11-21 03:32:50 UTC (2025-11-20 19:32:50 PT) - Requesting ALL historical trapping data through 11/21/2025 for NPT GRSME Program only
[INFO] 2025-11-21 03:33:27 UTC (2025-11-20 19:33:27 PT) - Downloaded 20620 rows of data
[INFO] 2025-11-21 03:33:27 UTC (2025-11-20 19:33:27 PT) - Columns: Finalize, Verify, Follow-Up, Trapped Date, Is Import, Facility, Trap, Trap Is Offsite, Trapping Session Name, Target Species, Target Run, Trapping Session Comments, Fish ID, Count, Species, Run, Sex, Origin, Origin Expression, Origin Description, Origin Start Date, Origin End Date, Origin Creator, Origin Creation Date, Living Status, Length, Age Designation, Age Calculated, Age Criteria Start Length, Age Criteria End Length, Age Criteria Start Date, Age Criteria End Date, Moved To Facility, Moved To, Moved To Location Type, Moved To Is Offsite, Offsite Owner Facility, Offsite Location Latitude, Offsite Location Longitude, Offsite Location Description, Disposition, Release Site, Release Site Latitude, Release Site Longitude, Purpose, Existing Marks, Existing Marks Quantity, Applied Marks, Applied Marks Quantity, Existing Tags, Applied Tags, Existing CWT, Existing CWT Value, Applied CWT, Applied CWT Value, Existing PIT, Applied PIT, Samples, Conditions, Recap, Injected, Weight, Notes, Group Notes, Import Custom
[INFO] 2025-11-21 03:33:27 UTC (2025-11-20 19:33:27 PT) - Successfully saved file: data/TrappingData.csv - Size: 11860106 bytes
[INFO] 2025-11-21 03:33:27 UTC (2025-11-20 19:33:27 PT) - Data summary:
[INFO] 2025-11-21 03:33:27 UTC (2025-11-20 19:33:27 PT) -   Date range: 10/10/2023 to 9/9/2025
[INFO] 2025-11-21 03:33:27 UTC (2025-11-20 19:33:27 PT) -   Total records: 20620
[INFO] 2025-11-21 03:33:27 UTC (2025-11-20 19:33:27 PT) - Download completed successfully
[INFO] 2025-11-22 03:27:36 UTC (2025-11-21 19:27:36 PT) - Starting nightly FINS data download
[INFO] 2025-11-22 03:27:36 UTC (2025-11-21 19:27:36 PT) - API key found
[INFO] 2025-11-22 03:27:36 UTC (2025-11-21 19:27:36 PT) - Current PT time: 2025-11-21 19:27:36
[INFO] 2025-11-22 03:27:36 UTC (2025-11-21 19:27:36 PT) - Requesting ALL historical trapping data through 11/22/2025 for NPT GRSME Program only
[INFO] 2025-11-22 03:28:07 UTC (2025-11-21 19:28:07 PT) - Downloaded 20620 rows of data
[INFO] 2025-11-22 03:28:07 UTC (2025-11-21 19:28:07 PT) - Columns: Finalize, Verify, Follow-Up, Trapped Date, Is Import, Facility, Trap, Trap Is Offsite, Trapping Session Name, Target Species, Target Run, Trapping Session Comments, Fish ID, Count, Species, Run, Sex, Origin, Origin Expression, Origin Description, Origin Start Date, Origin End Date, Origin Creator, Origin Creation Date, Living Status, Length, Age Designation, Age Calculated, Age Criteria Start Length, Age Criteria End Length, Age Criteria Start Date, Age Criteria End Date, Moved To Facility, Moved To, Moved To Location Type, Moved To Is Offsite, Offsite Owner Facility, Offsite Location Latitude, Offsite Location Longitude, Offsite Location Description, Disposition, Release Site, Release Site Latitude, Release Site Longitude, Purpose, Existing Marks, Existing Marks Quantity, Applied Marks, Applied Marks Quantity, Existing Tags, Applied Tags, Existing CWT, Existing CWT Value, Applied CWT, Applied CWT Value, Existing PIT, Applied PIT, Samples, Conditions, Recap, Injected, Weight, Notes, Group Notes, Import Custom
[INFO] 2025-11-22 03:28:07 UTC (2025-11-21 19:28:07 PT) - Successfully saved file: data/TrappingData.csv - Size: 11860106 bytes
[INFO] 2025-11-22 03:28:07 UTC (2025-11-21 19:28:07 PT) - Data summary:
[INFO] 2025-11-22 03:28:07 UTC (2025-11-21 19:28:07 PT) -   Date range: 10/10/2023 to 9/9/2025
[INFO] 2025-11-22 03:28:07 UTC (2025-11-21 19:28:07 PT) -   Total records: 20620
[INFO] 2025-11-22 03:28:07 UTC (2025-11-21 19:28:07 PT) - Download completed successfully
[INFO] 2025-11-23 03:46:25 UTC (2025-11-22 19:46:25 PT) - Starting nightly FINS data download
[INFO] 2025-11-23 03:46:25 UTC (2025-11-22 19:46:25 PT) - API key found
[INFO] 2025-11-23 03:46:25 UTC (2025-11-22 19:46:25 PT) - Current PT time: 2025-11-22 19:46:25
[INFO] 2025-11-23 03:46:25 UTC (2025-11-22 19:46:25 PT) - Requesting ALL historical trapping data through 11/23/2025 for NPT GRSME Program only
[INFO] 2025-11-23 03:47:01 UTC (2025-11-22 19:47:01 PT) - Downloaded 20620 rows of data
[INFO] 2025-11-23 03:47:01 UTC (2025-11-22 19:47:01 PT) - Columns: Finalize, Verify, Follow-Up, Trapped Date, Is Import, Facility, Trap, Trap Is Offsite, Trapping Session Name, Target Species, Target Run, Trapping Session Comments, Fish ID, Count, Species, Run, Sex, Origin, Origin Expression, Origin Description, Origin Start Date, Origin End Date, Origin Creator, Origin Creation Date, Living Status, Length, Age Designation, Age Calculated, Age Criteria Start Length, Age Criteria End Length, Age Criteria Start Date, Age Criteria End Date, Moved To Facility, Moved To, Moved To Location Type, Moved To Is Offsite, Offsite Owner Facility, Offsite Location Latitude, Offsite Location Longitude, Offsite Location Description, Disposition, Release Site, Release Site Latitude, Release Site Longitude, Purpose, Existing Marks, Existing Marks Quantity, Applied Marks, Applied Marks Quantity, Existing Tags, Applied Tags, Existing CWT, Existing CWT Value, Applied CWT, Applied CWT Value, Existing PIT, Applied PIT, Samples, Conditions, Recap, Injected, Weight, Notes, Group Notes, Import Custom
[INFO] 2025-11-23 03:47:01 UTC (2025-11-22 19:47:01 PT) - Successfully saved file: data/TrappingData.csv - Size: 11860106 bytes
[INFO] 2025-11-23 03:47:01 UTC (2025-11-22 19:47:01 PT) - Data summary:
[INFO] 2025-11-23 03:47:01 UTC (2025-11-22 19:47:01 PT) -   Date range: 10/10/2023 to 9/9/2025
[INFO] 2025-11-23 03:47:01 UTC (2025-11-22 19:47:01 PT) -   Total records: 20620
[INFO] 2025-11-23 03:47:01 UTC (2025-11-22 19:47:01 PT) - Download completed successfully
[INFO] 2025-11-24 03:45:47 UTC (2025-11-23 19:45:47 PT) - Starting nightly FINS data download
[INFO] 2025-11-24 03:45:47 UTC (2025-11-23 19:45:47 PT) - API key found
[INFO] 2025-11-24 03:45:47 UTC (2025-11-23 19:45:47 PT) - Current PT time: 2025-11-23 19:45:47
[INFO] 2025-11-24 03:45:47 UTC (2025-11-23 19:45:47 PT) - Requesting ALL historical trapping data through 11/24/2025 for NPT GRSME Program only
[INFO] 2025-11-24 03:46:17 UTC (2025-11-23 19:46:17 PT) - Downloaded 20620 rows of data
[INFO] 2025-11-24 03:46:17 UTC (2025-11-23 19:46:17 PT) - Columns: Finalize, Verify, Follow-Up, Trapped Date, Is Import, Facility, Trap, Trap Is Offsite, Trapping Session Name, Target Species, Target Run, Trapping Session Comments, Fish ID, Count, Species, Run, Sex, Origin, Origin Expression, Origin Description, Origin Start Date, Origin End Date, Origin Creator, Origin Creation Date, Living Status, Length, Age Designation, Age Calculated, Age Criteria Start Length, Age Criteria End Length, Age Criteria Start Date, Age Criteria End Date, Moved To Facility, Moved To, Moved To Location Type, Moved To Is Offsite, Offsite Owner Facility, Offsite Location Latitude, Offsite Location Longitude, Offsite Location Description, Disposition, Release Site, Release Site Latitude, Release Site Longitude, Purpose, Existing Marks, Existing Marks Quantity, Applied Marks, Applied Marks Quantity, Existing Tags, Applied Tags, Existing CWT, Existing CWT Value, Applied CWT, Applied CWT Value, Existing PIT, Applied PIT, Samples, Conditions, Recap, Injected, Weight, Notes, Group Notes, Import Custom
[INFO] 2025-11-24 03:46:17 UTC (2025-11-23 19:46:17 PT) - Successfully saved file: data/TrappingData.csv - Size: 11860106 bytes
[INFO] 2025-11-24 03:46:17 UTC (2025-11-23 19:46:17 PT) - Data summary:
[INFO] 2025-11-24 03:46:17 UTC (2025-11-23 19:46:17 PT) -   Date range: 10/10/2023 to 9/9/2025
[INFO] 2025-11-24 03:46:17 UTC (2025-11-23 19:46:17 PT) -   Total records: 20620
[INFO] 2025-11-24 03:46:17 UTC (2025-11-23 19:46:17 PT) - Download completed successfully
[INFO] 2025-11-25 03:36:42 UTC (2025-11-24 19:36:42 PT) - Starting nightly FINS data download
[INFO] 2025-11-25 03:36:42 UTC (2025-11-24 19:36:42 PT) - API key found
[INFO] 2025-11-25 03:36:42 UTC (2025-11-24 19:36:42 PT) - Current PT time: 2025-11-24 19:36:42
[INFO] 2025-11-25 03:36:42 UTC (2025-11-24 19:36:42 PT) - Requesting ALL historical trapping data through 11/25/2025 for NPT GRSME Program only
[INFO] 2025-11-25 03:37:15 UTC (2025-11-24 19:37:15 PT) - Downloaded 20620 rows of data
[INFO] 2025-11-25 03:37:15 UTC (2025-11-24 19:37:15 PT) - Columns: Finalize, Verify, Follow-Up, Trapped Date, Is Import, Facility, Trap, Trap Is Offsite, Trapping Session Name, Target Species, Target Run, Trapping Session Comments, Fish ID, Count, Species, Run, Sex, Origin, Origin Expression, Origin Description, Origin Start Date, Origin End Date, Origin Creator, Origin Creation Date, Living Status, Length, Age Designation, Age Calculated, Age Criteria Start Length, Age Criteria End Length, Age Criteria Start Date, Age Criteria End Date, Moved To Facility, Moved To, Moved To Location Type, Moved To Is Offsite, Offsite Owner Facility, Offsite Location Latitude, Offsite Location Longitude, Offsite Location Description, Disposition, Release Site, Release Site Latitude, Release Site Longitude, Purpose, Existing Marks, Existing Marks Quantity, Applied Marks, Applied Marks Quantity, Existing Tags, Applied Tags, Existing CWT, Existing CWT Value, Applied CWT, Applied CWT Value, Existing PIT, Applied PIT, Samples, Conditions, Recap, Injected, Weight, Notes, Group Notes, Import Custom
[INFO] 2025-11-25 03:37:15 UTC (2025-11-24 19:37:15 PT) - Successfully saved file: data/TrappingData.csv - Size: 11860106 bytes
[INFO] 2025-11-25 03:37:15 UTC (2025-11-24 19:37:15 PT) - Data summary:
[INFO] 2025-11-25 03:37:15 UTC (2025-11-24 19:37:15 PT) -   Date range: 10/10/2023 to 9/9/2025
[INFO] 2025-11-25 03:37:15 UTC (2025-11-24 19:37:15 PT) -   Total records: 20620
[INFO] 2025-11-25 03:37:15 UTC (2025-11-24 19:37:15 PT) - Download completed successfully
[INFO] 2025-11-26 03:37:18 UTC (2025-11-25 19:37:18 PT) - Starting nightly FINS data download
[INFO] 2025-11-26 03:37:18 UTC (2025-11-25 19:37:18 PT) - API key found
[INFO] 2025-11-26 03:37:18 UTC (2025-11-25 19:37:18 PT) - Current PT time: 2025-11-25 19:37:18
[INFO] 2025-11-26 03:37:18 UTC (2025-11-25 19:37:18 PT) - Requesting ALL historical trapping data through 11/26/2025 for NPT GRSME Program only
[INFO] 2025-11-26 03:37:54 UTC (2025-11-25 19:37:54 PT) - Downloaded 20620 rows of data
[INFO] 2025-11-26 03:37:54 UTC (2025-11-25 19:37:54 PT) - Columns: Finalize, Verify, Follow-Up, Trapped Date, Is Import, Facility, Trap, Trap Is Offsite, Trapping Session Name, Target Species, Target Run, Trapping Session Comments, Fish ID, Count, Species, Run, Sex, Origin, Origin Expression, Origin Description, Origin Start Date, Origin End Date, Origin Creator, Origin Creation Date, Living Status, Length, Age Designation, Age Calculated, Age Criteria Start Length, Age Criteria End Length, Age Criteria Start Date, Age Criteria End Date, Moved To Facility, Moved To, Moved To Location Type, Moved To Is Offsite, Offsite Owner Facility, Offsite Location Latitude, Offsite Location Longitude, Offsite Location Description, Disposition, Release Site, Release Site Latitude, Release Site Longitude, Purpose, Existing Marks, Existing Marks Quantity, Applied Marks, Applied Marks Quantity, Existing Tags, Applied Tags, Existing CWT, Existing CWT Value, Applied CWT, Applied CWT Value, Existing PIT, Applied PIT, Samples, Conditions, Recap, Injected, Weight, Notes, Group Notes, Import Custom
[INFO] 2025-11-26 03:37:55 UTC (2025-11-25 19:37:55 PT) - Successfully saved file: data/TrappingData.csv - Size: 11860106 bytes
[INFO] 2025-11-26 03:37:55 UTC (2025-11-25 19:37:55 PT) - Data summary:
[INFO] 2025-11-26 03:37:55 UTC (2025-11-25 19:37:55 PT) -   Date range: 10/10/2023 to 9/9/2025
[INFO] 2025-11-26 03:37:55 UTC (2025-11-25 19:37:55 PT) -   Total records: 20620
[INFO] 2025-11-26 03:37:55 UTC (2025-11-25 19:37:55 PT) - Download completed successfully
[INFO] 2025-11-27 03:33:46 UTC (2025-11-26 19:33:46 PT) - Starting nightly FINS data download
[INFO] 2025-11-27 03:33:46 UTC (2025-11-26 19:33:46 PT) - API key found
[INFO] 2025-11-27 03:33:46 UTC (2025-11-26 19:33:46 PT) - Current PT time: 2025-11-26 19:33:46
[INFO] 2025-11-27 03:33:46 UTC (2025-11-26 19:33:46 PT) - Requesting ALL historical trapping data through 11/27/2025 for NPT GRSME Program only
[INFO] 2025-11-27 03:34:22 UTC (2025-11-26 19:34:22 PT) - Downloaded 20620 rows of data
[INFO] 2025-11-27 03:34:22 UTC (2025-11-26 19:34:22 PT) - Columns: Finalize, Verify, Follow-Up, Trapped Date, Is Import, Facility, Trap, Trap Is Offsite, Trapping Session Name, Target Species, Target Run, Trapping Session Comments, Fish ID, Count, Species, Run, Sex, Origin, Origin Expression, Origin Description, Origin Start Date, Origin End Date, Origin Creator, Origin Creation Date, Living Status, Length, Age Designation, Age Calculated, Age Criteria Start Length, Age Criteria End Length, Age Criteria Start Date, Age Criteria End Date, Moved To Facility, Moved To, Moved To Location Type, Moved To Is Offsite, Offsite Owner Facility, Offsite Location Latitude, Offsite Location Longitude, Offsite Location Description, Disposition, Release Site, Release Site Latitude, Release Site Longitude, Purpose, Existing Marks, Existing Marks Quantity, Applied Marks, Applied Marks Quantity, Existing Tags, Applied Tags, Existing CWT, Existing CWT Value, Applied CWT, Applied CWT Value, Existing PIT, Applied PIT, Samples, Conditions, Recap, Injected, Weight, Notes, Group Notes, Import Custom
[INFO] 2025-11-27 03:34:22 UTC (2025-11-26 19:34:22 PT) - Successfully saved file: data/TrappingData.csv - Size: 11860106 bytes
[INFO] 2025-11-27 03:34:22 UTC (2025-11-26 19:34:22 PT) - Data summary:
[INFO] 2025-11-27 03:34:22 UTC (2025-11-26 19:34:22 PT) -   Date range: 10/10/2023 to 9/9/2025
[INFO] 2025-11-27 03:34:22 UTC (2025-11-26 19:34:22 PT) -   Total records: 20620
[INFO] 2025-11-27 03:34:22 UTC (2025-11-26 19:34:22 PT) - Download completed successfully
[INFO] 2025-11-28 03:33:39 UTC (2025-11-27 19:33:39 PT) - Starting nightly FINS data download
[INFO] 2025-11-28 03:33:39 UTC (2025-11-27 19:33:39 PT) - API key found
[INFO] 2025-11-28 03:33:39 UTC (2025-11-27 19:33:39 PT) - Current PT time: 2025-11-27 19:33:39
[INFO] 2025-11-28 03:33:39 UTC (2025-11-27 19:33:39 PT) - Requesting ALL historical trapping data through 11/28/2025 for NPT GRSME Program only
[INFO] 2025-11-28 03:34:15 UTC (2025-11-27 19:34:15 PT) - Downloaded 20620 rows of data
[INFO] 2025-11-28 03:34:15 UTC (2025-11-27 19:34:15 PT) - Columns: Finalize, Verify, Follow-Up, Trapped Date, Is Import, Facility, Trap, Trap Is Offsite, Trapping Session Name, Target Species, Target Run, Trapping Session Comments, Fish ID, Count, Species, Run, Sex, Origin, Origin Expression, Origin Description, Origin Start Date, Origin End Date, Origin Creator, Origin Creation Date, Living Status, Length, Age Designation, Age Calculated, Age Criteria Start Length, Age Criteria End Length, Age Criteria Start Date, Age Criteria End Date, Moved To Facility, Moved To, Moved To Location Type, Moved To Is Offsite, Offsite Owner Facility, Offsite Location Latitude, Offsite Location Longitude, Offsite Location Description, Disposition, Release Site, Release Site Latitude, Release Site Longitude, Purpose, Existing Marks, Existing Marks Quantity, Applied Marks, Applied Marks Quantity, Existing Tags, Applied Tags, Existing CWT, Existing CWT Value, Applied CWT, Applied CWT Value, Existing PIT, Applied PIT, Samples, Conditions, Recap, Injected, Weight, Notes, Group Notes, Import Custom
[INFO] 2025-11-28 03:34:15 UTC (2025-11-27 19:34:15 PT) - Successfully saved file: data/TrappingData.csv - Size: 11860106 bytes
[INFO] 2025-11-28 03:34:15 UTC (2025-11-27 19:34:15 PT) - Data summary:
[INFO] 2025-11-28 03:34:15 UTC (2025-11-27 19:34:15 PT) -   Date range: 10/10/2023 to 9/9/2025
[INFO] 2025-11-28 03:34:15 UTC (2025-11-27 19:34:15 PT) -   Total records: 20620
[INFO] 2025-11-28 03:34:15 UTC (2025-11-27 19:34:15 PT) - Download completed successfully
[INFO] 2025-11-29 03:36:22 UTC (2025-11-28 19:36:22 PT) - Starting nightly FINS data download
[INFO] 2025-11-29 03:36:22 UTC (2025-11-28 19:36:22 PT) - API key found
[INFO] 2025-11-29 03:36:22 UTC (2025-11-28 19:36:22 PT) - Current PT time: 2025-11-28 19:36:22
[INFO] 2025-11-29 03:36:22 UTC (2025-11-28 19:36:22 PT) - Requesting ALL historical trapping data through 11/29/2025 for NPT GRSME Program only
[INFO] 2025-11-29 03:36:55 UTC (2025-11-28 19:36:55 PT) - Downloaded 20620 rows of data
[INFO] 2025-11-29 03:36:55 UTC (2025-11-28 19:36:55 PT) - Columns: Finalize, Verify, Follow-Up, Trapped Date, Is Import, Facility, Trap, Trap Is Offsite, Trapping Session Name, Target Species, Target Run, Trapping Session Comments, Fish ID, Count, Species, Run, Sex, Origin, Origin Expression, Origin Description, Origin Start Date, Origin End Date, Origin Creator, Origin Creation Date, Living Status, Length, Age Designation, Age Calculated, Age Criteria Start Length, Age Criteria End Length, Age Criteria Start Date, Age Criteria End Date, Moved To Facility, Moved To, Moved To Location Type, Moved To Is Offsite, Offsite Owner Facility, Offsite Location Latitude, Offsite Location Longitude, Offsite Location Description, Disposition, Release Site, Release Site Latitude, Release Site Longitude, Purpose, Existing Marks, Existing Marks Quantity, Applied Marks, Applied Marks Quantity, Existing Tags, Applied Tags, Existing CWT, Existing CWT Value, Applied CWT, Applied CWT Value, Existing PIT, Applied PIT, Samples, Conditions, Recap, Injected, Weight, Notes, Group Notes, Import Custom
[INFO] 2025-11-29 03:36:55 UTC (2025-11-28 19:36:55 PT) - Successfully saved file: data/TrappingData.csv - Size: 11860106 bytes
[INFO] 2025-11-29 03:36:55 UTC (2025-11-28 19:36:55 PT) - Data summary:
[INFO] 2025-11-29 03:36:55 UTC (2025-11-28 19:36:55 PT) -   Date range: 10/10/2023 to 9/9/2025
[INFO] 2025-11-29 03:36:55 UTC (2025-11-28 19:36:55 PT) -   Total records: 20620
[INFO] 2025-11-29 03:36:55 UTC (2025-11-28 19:36:55 PT) - Download completed successfully
[INFO] 2025-11-30 03:46:34 UTC (2025-11-29 19:46:34 PT) - Starting nightly FINS data download
[INFO] 2025-11-30 03:46:34 UTC (2025-11-29 19:46:34 PT) - API key found
[INFO] 2025-11-30 03:46:34 UTC (2025-11-29 19:46:34 PT) - Current PT time: 2025-11-29 19:46:34
[INFO] 2025-11-30 03:46:34 UTC (2025-11-29 19:46:34 PT) - Requesting ALL historical trapping data through 11/30/2025 for NPT GRSME Program only
[INFO] 2025-11-30 03:47:07 UTC (2025-11-29 19:47:07 PT) - Downloaded 20620 rows of data
[INFO] 2025-11-30 03:47:07 UTC (2025-11-29 19:47:07 PT) - Columns: Finalize, Verify, Follow-Up, Trapped Date, Is Import, Facility, Trap, Trap Is Offsite, Trapping Session Name, Target Species, Target Run, Trapping Session Comments, Fish ID, Count, Species, Run, Sex, Origin, Origin Expression, Origin Description, Origin Start Date, Origin End Date, Origin Creator, Origin Creation Date, Living Status, Length, Age Designation, Age Calculated, Age Criteria Start Length, Age Criteria End Length, Age Criteria Start Date, Age Criteria End Date, Moved To Facility, Moved To, Moved To Location Type, Moved To Is Offsite, Offsite Owner Facility, Offsite Location Latitude, Offsite Location Longitude, Offsite Location Description, Disposition, Release Site, Release Site Latitude, Release Site Longitude, Purpose, Existing Marks, Existing Marks Quantity, Applied Marks, Applied Marks Quantity, Existing Tags, Applied Tags, Existing CWT, Existing CWT Value, Applied CWT, Applied CWT Value, Existing PIT, Applied PIT, Samples, Conditions, Recap, Injected, Weight, Notes, Group Notes, Import Custom
[INFO] 2025-11-30 03:47:07 UTC (2025-11-29 19:47:07 PT) - Successfully saved file: data/TrappingData.csv - Size: 11860106 bytes
[INFO] 2025-11-30 03:47:07 UTC (2025-11-29 19:47:07 PT) - Data summary:
[INFO] 2025-11-30 03:47:07 UTC (2025-11-29 19:47:07 PT) -   Date range: 10/10/2023 to 9/9/2025
[INFO] 2025-11-30 03:47:07 UTC (2025-11-29 19:47:07 PT) -   Total records: 20620
[INFO] 2025-11-30 03:47:07 UTC (2025-11-29 19:47:07 PT) - Download completed successfully
[INFO] 2025-12-01 04:03:55 UTC (2025-11-30 20:03:55 PT) - Starting nightly FINS data download
[INFO] 2025-12-01 04:03:55 UTC (2025-11-30 20:03:55 PT) - API key found
[INFO] 2025-12-01 04:03:55 UTC (2025-11-30 20:03:55 PT) - Current PT time: 2025-11-30 20:03:55
[INFO] 2025-12-01 04:03:55 UTC (2025-11-30 20:03:55 PT) - Requesting ALL historical trapping data through 12/01/2025 for NPT GRSME Program only
[INFO] 2025-12-01 04:04:31 UTC (2025-11-30 20:04:31 PT) - Downloaded 20620 rows of data
[INFO] 2025-12-01 04:04:31 UTC (2025-11-30 20:04:31 PT) - Columns: Finalize, Verify, Follow-Up, Trapped Date, Is Import, Facility, Trap, Trap Is Offsite, Trapping Session Name, Target Species, Target Run, Trapping Session Comments, Fish ID, Count, Species, Run, Sex, Origin, Origin Expression, Origin Description, Origin Start Date, Origin End Date, Origin Creator, Origin Creation Date, Living Status, Length, Age Designation, Age Calculated, Age Criteria Start Length, Age Criteria End Length, Age Criteria Start Date, Age Criteria End Date, Moved To Facility, Moved To, Moved To Location Type, Moved To Is Offsite, Offsite Owner Facility, Offsite Location Latitude, Offsite Location Longitude, Offsite Location Description, Disposition, Release Site, Release Site Latitude, Release Site Longitude, Purpose, Existing Marks, Existing Marks Quantity, Applied Marks, Applied Marks Quantity, Existing Tags, Applied Tags, Existing CWT, Existing CWT Value, Applied CWT, Applied CWT Value, Existing PIT, Applied PIT, Samples, Conditions, Recap, Injected, Weight, Notes, Group Notes, Import Custom
[INFO] 2025-12-01 04:04:31 UTC (2025-11-30 20:04:31 PT) - Successfully saved file: data/TrappingData.csv - Size: 11860106 bytes
[INFO] 2025-12-01 04:04:31 UTC (2025-11-30 20:04:31 PT) - Data summary:
[INFO] 2025-12-01 04:04:31 UTC (2025-11-30 20:04:31 PT) -   Date range: 10/10/2023 to 9/9/2025
[INFO] 2025-12-01 04:04:31 UTC (2025-11-30 20:04:31 PT) -   Total records: 20620
[INFO] 2025-12-01 04:04:31 UTC (2025-11-30 20:04:31 PT) - Download completed successfully
[INFO] 2025-12-02 03:41:14 UTC (2025-12-01 19:41:14 PT) - Starting nightly FINS data download
[INFO] 2025-12-02 03:41:14 UTC (2025-12-01 19:41:14 PT) - API key found
[INFO] 2025-12-02 03:41:14 UTC (2025-12-01 19:41:14 PT) - Current PT time: 2025-12-01 19:41:14
[INFO] 2025-12-02 03:41:14 UTC (2025-12-01 19:41:14 PT) - Requesting ALL historical trapping data through 12/02/2025 for NPT GRSME Program only
[INFO] 2025-12-02 03:41:50 UTC (2025-12-01 19:41:50 PT) - Downloaded 20620 rows of data
[INFO] 2025-12-02 03:41:50 UTC (2025-12-01 19:41:50 PT) - Columns: Finalize, Verify, Follow-Up, Trapped Date, Is Import, Facility, Trap, Trap Is Offsite, Trapping Session Name, Target Species, Target Run, Trapping Session Comments, Fish ID, Count, Species, Run, Sex, Origin, Origin Expression, Origin Description, Origin Start Date, Origin End Date, Origin Creator, Origin Creation Date, Living Status, Length, Age Designation, Age Calculated, Age Criteria Start Length, Age Criteria End Length, Age Criteria Start Date, Age Criteria End Date, Moved To Facility, Moved To, Moved To Location Type, Moved To Is Offsite, Offsite Owner Facility, Offsite Location Latitude, Offsite Location Longitude, Offsite Location Description, Disposition, Release Site, Release Site Latitude, Release Site Longitude, Purpose, Existing Marks, Existing Marks Quantity, Applied Marks, Applied Marks Quantity, Existing Tags, Applied Tags, Existing CWT, Existing CWT Value, Applied CWT, Applied CWT Value, Existing PIT, Applied PIT, Samples, Conditions, Recap, Injected, Weight, Notes, Group Notes, Import Custom
[INFO] 2025-12-02 03:41:50 UTC (2025-12-01 19:41:50 PT) - Successfully saved file: data/TrappingData.csv - Size: 11860106 bytes
[INFO] 2025-12-02 03:41:50 UTC (2025-12-01 19:41:50 PT) - Data summary:
[INFO] 2025-12-02 03:41:50 UTC (2025-12-01 19:41:50 PT) -   Date range: 10/10/2023 to 9/9/2025
[INFO] 2025-12-02 03:41:50 UTC (2025-12-01 19:41:50 PT) -   Total records: 20620
[INFO] 2025-12-02 03:41:50 UTC (2025-12-01 19:41:50 PT) - Download completed successfully
[INFO] 2025-12-03 03:39:23 UTC (2025-12-02 19:39:23 PT) - Starting nightly FINS data download
[INFO] 2025-12-03 03:39:23 UTC (2025-12-02 19:39:23 PT) - API key found
[INFO] 2025-12-03 03:39:23 UTC (2025-12-02 19:39:23 PT) - Current PT time: 2025-12-02 19:39:23
[INFO] 2025-12-03 03:39:23 UTC (2025-12-02 19:39:23 PT) - Requesting ALL historical trapping data through 12/03/2025 for NPT GRSME Program only
[INFO] 2025-12-03 03:40:00 UTC (2025-12-02 19:40:00 PT) - Downloaded 20632 rows of data
[INFO] 2025-12-03 03:40:00 UTC (2025-12-02 19:40:00 PT) - Columns: Finalize, Verify, Follow-Up, Trapped Date, Is Import, Facility, Trap, Trap Is Offsite, Trapping Session Name, Target Species, Target Run, Trapping Session Comments, Fish ID, Count, Species, Run, Sex, Origin, Origin Expression, Origin Description, Origin Start Date, Origin End Date, Origin Creator, Origin Creation Date, Living Status, Length, Age Designation, Age Calculated, Age Criteria Start Length, Age Criteria End Length, Age Criteria Start Date, Age Criteria End Date, Moved To Facility, Moved To, Moved To Location Type, Moved To Is Offsite, Offsite Owner Facility, Offsite Location Latitude, Offsite Location Longitude, Offsite Location Description, Disposition, Release Site, Release Site Latitude, Release Site Longitude, Purpose, Existing Marks, Existing Marks Quantity, Applied Marks, Applied Marks Quantity, Existing Tags, Applied Tags, Existing CWT, Existing CWT Value, Applied CWT, Applied CWT Value, Existing PIT, Applied PIT, Samples, Conditions, Recap, Injected, Weight, Notes, Group Notes, Import Custom
[INFO] 2025-12-03 03:40:00 UTC (2025-12-02 19:40:00 PT) - Successfully saved file: data/TrappingData.csv - Size: 11867012 bytes
[INFO] 2025-12-03 03:40:00 UTC (2025-12-02 19:40:00 PT) - Data summary:
[INFO] 2025-12-03 03:40:00 UTC (2025-12-02 19:40:00 PT) -   Date range: 10/10/2023 to 9/9/2025
[INFO] 2025-12-03 03:40:00 UTC (2025-12-02 19:40:00 PT) -   Total records: 20632
[INFO] 2025-12-03 03:40:00 UTC (2025-12-02 19:40:00 PT) - Download completed successfully
[INFO] 2025-12-04 03:42:13 UTC (2025-12-03 19:42:13 PT) - Starting nightly FINS data download
[INFO] 2025-12-04 03:42:13 UTC (2025-12-03 19:42:13 PT) - API key found
[INFO] 2025-12-04 03:42:13 UTC (2025-12-03 19:42:13 PT) - Current PT time: 2025-12-03 19:42:13
[INFO] 2025-12-04 03:42:13 UTC (2025-12-03 19:42:13 PT) - Requesting ALL historical trapping data through 12/04/2025 for NPT GRSME Program only
[INFO] 2025-12-04 03:42:47 UTC (2025-12-03 19:42:47 PT) - Downloaded 20632 rows of data
[INFO] 2025-12-04 03:42:47 UTC (2025-12-03 19:42:47 PT) - Columns: Finalize, Verify, Follow-Up, Trapped Date, Is Import, Facility, Trap, Trap Is Offsite, Trapping Session Name, Target Species, Target Run, Trapping Session Comments, Fish ID, Count, Species, Run, Sex, Origin, Origin Expression, Origin Description, Origin Start Date, Origin End Date, Origin Creator, Origin Creation Date, Living Status, Length, Age Designation, Age Calculated, Age Criteria Start Length, Age Criteria End Length, Age Criteria Start Date, Age Criteria End Date, Moved To Facility, Moved To, Moved To Location Type, Moved To Is Offsite, Offsite Owner Facility, Offsite Location Latitude, Offsite Location Longitude, Offsite Location Description, Disposition, Release Site, Release Site Latitude, Release Site Longitude, Purpose, Existing Marks, Existing Marks Quantity, Applied Marks, Applied Marks Quantity, Existing Tags, Applied Tags, Existing CWT, Existing CWT Value, Applied CWT, Applied CWT Value, Existing PIT, Applied PIT, Samples, Conditions, Recap, Injected, Weight, Notes, Group Notes, Import Custom
[INFO] 2025-12-04 03:42:47 UTC (2025-12-03 19:42:47 PT) - Successfully saved file: data/TrappingData.csv - Size: 11867012 bytes
[INFO] 2025-12-04 03:42:47 UTC (2025-12-03 19:42:47 PT) - Data summary:
[INFO] 2025-12-04 03:42:47 UTC (2025-12-03 19:42:47 PT) -   Date range: 10/10/2023 to 9/9/2025
[INFO] 2025-12-04 03:42:47 UTC (2025-12-03 19:42:47 PT) -   Total records: 20632
[INFO] 2025-12-04 03:42:47 UTC (2025-12-03 19:42:47 PT) - Download completed successfully
[INFO] 2025-12-05 03:40:54 UTC (2025-12-04 19:40:54 PT) - Starting nightly FINS data download
[INFO] 2025-12-05 03:40:54 UTC (2025-12-04 19:40:54 PT) - API key found
[INFO] 2025-12-05 03:40:54 UTC (2025-12-04 19:40:54 PT) - Current PT time: 2025-12-04 19:40:54
[INFO] 2025-12-05 03:40:54 UTC (2025-12-04 19:40:54 PT) - Requesting ALL historical trapping data through 12/05/2025 for NPT GRSME Program only
[INFO] 2025-12-05 03:41:30 UTC (2025-12-04 19:41:30 PT) - Downloaded 20632 rows of data
[INFO] 2025-12-05 03:41:30 UTC (2025-12-04 19:41:30 PT) - Columns: Finalize, Verify, Follow-Up, Trapped Date, Is Import, Facility, Trap, Trap Is Offsite, Trapping Session Name, Target Species, Target Run, Trapping Session Comments, Fish ID, Count, Species, Run, Sex, Origin, Origin Expression, Origin Description, Origin Start Date, Origin End Date, Origin Creator, Origin Creation Date, Living Status, Length, Age Designation, Age Calculated, Age Criteria Start Length, Age Criteria End Length, Age Criteria Start Date, Age Criteria End Date, Moved To Facility, Moved To, Moved To Location Type, Moved To Is Offsite, Offsite Owner Facility, Offsite Location Latitude, Offsite Location Longitude, Offsite Location Description, Disposition, Release Site, Release Site Latitude, Release Site Longitude, Purpose, Existing Marks, Existing Marks Quantity, Applied Marks, Applied Marks Quantity, Existing Tags, Applied Tags, Existing CWT, Existing CWT Value, Applied CWT, Applied CWT Value, Existing PIT, Applied PIT, Samples, Conditions, Recap, Injected, Weight, Notes, Group Notes, Import Custom
[INFO] 2025-12-05 03:41:30 UTC (2025-12-04 19:41:30 PT) - Successfully saved file: data/TrappingData.csv - Size: 11867012 bytes
[INFO] 2025-12-05 03:41:30 UTC (2025-12-04 19:41:30 PT) - Data summary:
[INFO] 2025-12-05 03:41:30 UTC (2025-12-04 19:41:30 PT) -   Date range: 10/10/2023 to 9/9/2025
[INFO] 2025-12-05 03:41:30 UTC (2025-12-04 19:41:30 PT) -   Total records: 20632
[INFO] 2025-12-05 03:41:30 UTC (2025-12-04 19:41:30 PT) - Download completed successfully
[INFO] 2025-12-06 03:32:23 UTC (2025-12-05 19:32:23 PT) - Starting nightly FINS data download
[INFO] 2025-12-06 03:32:23 UTC (2025-12-05 19:32:23 PT) - API key found
[INFO] 2025-12-06 03:32:23 UTC (2025-12-05 19:32:23 PT) - Current PT time: 2025-12-05 19:32:23
[INFO] 2025-12-06 03:32:23 UTC (2025-12-05 19:32:23 PT) - Requesting ALL historical trapping data through 12/06/2025 for NPT GRSME Program only
[INFO] 2025-12-06 03:32:53 UTC (2025-12-05 19:32:53 PT) - Downloaded 20632 rows of data
[INFO] 2025-12-06 03:32:53 UTC (2025-12-05 19:32:53 PT) - Columns: Finalize, Verify, Follow-Up, Trapped Date, Is Import, Facility, Trap, Trap Is Offsite, Trapping Session Name, Target Species, Target Run, Trapping Session Comments, Fish ID, Count, Species, Run, Sex, Origin, Origin Expression, Origin Description, Origin Start Date, Origin End Date, Origin Creator, Origin Creation Date, Living Status, Length, Age Designation, Age Calculated, Age Criteria Start Length, Age Criteria End Length, Age Criteria Start Date, Age Criteria End Date, Moved To Facility, Moved To, Moved To Location Type, Moved To Is Offsite, Offsite Owner Facility, Offsite Location Latitude, Offsite Location Longitude, Offsite Location Description, Disposition, Release Site, Release Site Latitude, Release Site Longitude, Purpose, Existing Marks, Existing Marks Quantity, Applied Marks, Applied Marks Quantity, Existing Tags, Applied Tags, Existing CWT, Existing CWT Value, Applied CWT, Applied CWT Value, Existing PIT, Applied PIT, Samples, Conditions, Recap, Injected, Weight, Notes, Group Notes, Import Custom
[INFO] 2025-12-06 03:32:53 UTC (2025-12-05 19:32:53 PT) - Successfully saved file: data/TrappingData.csv - Size: 11867012 bytes
[INFO] 2025-12-06 03:32:53 UTC (2025-12-05 19:32:53 PT) - Data summary:
[INFO] 2025-12-06 03:32:53 UTC (2025-12-05 19:32:53 PT) -   Date range: 10/10/2023 to 9/9/2025
[INFO] 2025-12-06 03:32:53 UTC (2025-12-05 19:32:53 PT) -   Total records: 20632
[INFO] 2025-12-06 03:32:53 UTC (2025-12-05 19:32:53 PT) - Download completed successfully
[INFO] 2025-12-07 03:46:54 UTC (2025-12-06 19:46:54 PT) - Starting nightly FINS data download
[INFO] 2025-12-07 03:46:54 UTC (2025-12-06 19:46:54 PT) - API key found
[INFO] 2025-12-07 03:46:54 UTC (2025-12-06 19:46:54 PT) - Current PT time: 2025-12-06 19:46:54
[INFO] 2025-12-07 03:46:54 UTC (2025-12-06 19:46:54 PT) - Requesting ALL historical trapping data through 12/07/2025 for NPT GRSME Program only
[INFO] 2025-12-07 03:47:26 UTC (2025-12-06 19:47:26 PT) - Downloaded 20632 rows of data
[INFO] 2025-12-07 03:47:26 UTC (2025-12-06 19:47:26 PT) - Columns: Finalize, Verify, Follow-Up, Trapped Date, Is Import, Facility, Trap, Trap Is Offsite, Trapping Session Name, Target Species, Target Run, Trapping Session Comments, Fish ID, Count, Species, Run, Sex, Origin, Origin Expression, Origin Description, Origin Start Date, Origin End Date, Origin Creator, Origin Creation Date, Living Status, Length, Age Designation, Age Calculated, Age Criteria Start Length, Age Criteria End Length, Age Criteria Start Date, Age Criteria End Date, Moved To Facility, Moved To, Moved To Location Type, Moved To Is Offsite, Offsite Owner Facility, Offsite Location Latitude, Offsite Location Longitude, Offsite Location Description, Disposition, Release Site, Release Site Latitude, Release Site Longitude, Purpose, Existing Marks, Existing Marks Quantity, Applied Marks, Applied Marks Quantity, Existing Tags, Applied Tags, Existing CWT, Existing CWT Value, Applied CWT, Applied CWT Value, Existing PIT, Applied PIT, Samples, Conditions, Recap, Injected, Weight, Notes, Group Notes, Import Custom
[INFO] 2025-12-07 03:47:26 UTC (2025-12-06 19:47:26 PT) - Successfully saved file: data/TrappingData.csv - Size: 11867012 bytes
[INFO] 2025-12-07 03:47:26 UTC (2025-12-06 19:47:26 PT) - Data summary:
[INFO] 2025-12-07 03:47:26 UTC (2025-12-06 19:47:26 PT) -   Date range: 10/10/2023 to 9/9/2025
[INFO] 2025-12-07 03:47:26 UTC (2025-12-06 19:47:26 PT) -   Total records: 20632
[INFO] 2025-12-07 03:47:26 UTC (2025-12-06 19:47:26 PT) - Download completed successfully
[INFO] 2025-12-08 03:44:49 UTC (2025-12-07 19:44:49 PT) - Starting nightly FINS data download
[INFO] 2025-12-08 03:44:49 UTC (2025-12-07 19:44:49 PT) - API key found
[INFO] 2025-12-08 03:44:49 UTC (2025-12-07 19:44:49 PT) - Current PT time: 2025-12-07 19:44:49
[INFO] 2025-12-08 03:44:49 UTC (2025-12-07 19:44:49 PT) - Requesting ALL historical trapping data through 12/08/2025 for NPT GRSME Program only
[INFO] 2025-12-08 03:45:25 UTC (2025-12-07 19:45:25 PT) - Downloaded 20632 rows of data
[INFO] 2025-12-08 03:45:25 UTC (2025-12-07 19:45:25 PT) - Columns: Finalize, Verify, Follow-Up, Trapped Date, Is Import, Facility, Trap, Trap Is Offsite, Trapping Session Name, Target Species, Target Run, Trapping Session Comments, Fish ID, Count, Species, Run, Sex, Origin, Origin Expression, Origin Description, Origin Start Date, Origin End Date, Origin Creator, Origin Creation Date, Living Status, Length, Age Designation, Age Calculated, Age Criteria Start Length, Age Criteria End Length, Age Criteria Start Date, Age Criteria End Date, Moved To Facility, Moved To, Moved To Location Type, Moved To Is Offsite, Offsite Owner Facility, Offsite Location Latitude, Offsite Location Longitude, Offsite Location Description, Disposition, Release Site, Release Site Latitude, Release Site Longitude, Purpose, Existing Marks, Existing Marks Quantity, Applied Marks, Applied Marks Quantity, Existing Tags, Applied Tags, Existing CWT, Existing CWT Value, Applied CWT, Applied CWT Value, Existing PIT, Applied PIT, Samples, Conditions, Recap, Injected, Weight, Notes, Group Notes, Import Custom
[INFO] 2025-12-08 03:45:25 UTC (2025-12-07 19:45:25 PT) - Successfully saved file: data/TrappingData.csv - Size: 11867012 bytes
[INFO] 2025-12-08 03:45:25 UTC (2025-12-07 19:45:25 PT) - Data summary:
[INFO] 2025-12-08 03:45:25 UTC (2025-12-07 19:45:25 PT) -   Date range: 10/10/2023 to 9/9/2025
[INFO] 2025-12-08 03:45:25 UTC (2025-12-07 19:45:25 PT) -   Total records: 20632
[INFO] 2025-12-08 03:45:25 UTC (2025-12-07 19:45:25 PT) - Download completed successfully
[INFO] 2025-12-09 03:40:02 UTC (2025-12-08 19:40:02 PT) - Starting nightly FINS data download
[INFO] 2025-12-09 03:40:02 UTC (2025-12-08 19:40:02 PT) - API key found
[INFO] 2025-12-09 03:40:02 UTC (2025-12-08 19:40:02 PT) - Current PT time: 2025-12-08 19:40:02
[INFO] 2025-12-09 03:40:02 UTC (2025-12-08 19:40:02 PT) - Requesting ALL historical trapping data through 12/09/2025 for NPT GRSME Program only
[INFO] 2025-12-09 03:40:33 UTC (2025-12-08 19:40:33 PT) - Downloaded 20641 rows of data
[INFO] 2025-12-09 03:40:33 UTC (2025-12-08 19:40:33 PT) - Columns: Finalize, Verify, Follow-Up, Trapped Date, Is Import, Facility, Trap, Trap Is Offsite, Trapping Session Name, Target Species, Target Run, Trapping Session Comments, Fish ID, Count, Species, Run, Sex, Origin, Origin Expression, Origin Description, Origin Start Date, Origin End Date, Origin Creator, Origin Creation Date, Living Status, Length, Age Designation, Age Calculated, Age Criteria Start Length, Age Criteria End Length, Age Criteria Start Date, Age Criteria End Date, Moved To Facility, Moved To, Moved To Location Type, Moved To Is Offsite, Offsite Owner Facility, Offsite Location Latitude, Offsite Location Longitude, Offsite Location Description, Disposition, Release Site, Release Site Latitude, Release Site Longitude, Purpose, Existing Marks, Existing Marks Quantity, Applied Marks, Applied Marks Quantity, Existing Tags, Applied Tags, Existing CWT, Existing CWT Value, Applied CWT, Applied CWT Value, Existing PIT, Applied PIT, Samples, Conditions, Recap, Injected, Weight, Notes, Group Notes, Import Custom
[INFO] 2025-12-09 03:40:33 UTC (2025-12-08 19:40:33 PT) - Successfully saved file: data/TrappingData.csv - Size: 11872184 bytes
[INFO] 2025-12-09 03:40:33 UTC (2025-12-08 19:40:33 PT) - Data summary:
[INFO] 2025-12-09 03:40:33 UTC (2025-12-08 19:40:33 PT) -   Date range: 10/10/2023 to 9/9/2025
[INFO] 2025-12-09 03:40:33 UTC (2025-12-08 19:40:33 PT) -   Total records: 20641
[INFO] 2025-12-09 03:40:33 UTC (2025-12-08 19:40:33 PT) - Download completed successfully
[INFO] 2025-12-10 03:45:06 UTC (2025-12-09 19:45:06 PT) - Starting nightly FINS data download
[INFO] 2025-12-10 03:45:06 UTC (2025-12-09 19:45:06 PT) - API key found
[INFO] 2025-12-10 03:45:06 UTC (2025-12-09 19:45:06 PT) - Current PT time: 2025-12-09 19:45:06
[INFO] 2025-12-10 03:45:06 UTC (2025-12-09 19:45:06 PT) - Requesting ALL historical trapping data through 12/10/2025 for NPT GRSME Program only
[INFO] 2025-12-10 03:45:40 UTC (2025-12-09 19:45:40 PT) - Downloaded 20641 rows of data
[INFO] 2025-12-10 03:45:40 UTC (2025-12-09 19:45:40 PT) - Columns: Finalize, Verify, Follow-Up, Trapped Date, Is Import, Facility, Trap, Trap Is Offsite, Trapping Session Name, Target Species, Target Run, Trapping Session Comments, Fish ID, Count, Species, Run, Sex, Origin, Origin Expression, Origin Description, Origin Start Date, Origin End Date, Origin Creator, Origin Creation Date, Living Status, Length, Age Designation, Age Calculated, Age Criteria Start Length, Age Criteria End Length, Age Criteria Start Date, Age Criteria End Date, Moved To Facility, Moved To, Moved To Location Type, Moved To Is Offsite, Offsite Owner Facility, Offsite Location Latitude, Offsite Location Longitude, Offsite Location Description, Disposition, Release Site, Release Site Latitude, Release Site Longitude, Purpose, Existing Marks, Existing Marks Quantity, Applied Marks, Applied Marks Quantity, Existing Tags, Applied Tags, Existing CWT, Existing CWT Value, Applied CWT, Applied CWT Value, Existing PIT, Applied PIT, Samples, Conditions, Recap, Injected, Weight, Notes, Group Notes, Import Custom
[INFO] 2025-12-10 03:45:40 UTC (2025-12-09 19:45:40 PT) - Successfully saved file: data/TrappingData.csv - Size: 11872184 bytes
[INFO] 2025-12-10 03:45:40 UTC (2025-12-09 19:45:40 PT) - Data summary:
[INFO] 2025-12-10 03:45:40 UTC (2025-12-09 19:45:40 PT) -   Date range: 10/10/2023 to 9/9/2025
[INFO] 2025-12-10 03:45:40 UTC (2025-12-09 19:45:40 PT) -   Total records: 20641
[INFO] 2025-12-10 03:45:40 UTC (2025-12-09 19:45:40 PT) - Download completed successfully
[INFO] 2025-12-11 03:46:04 UTC (2025-12-10 19:46:04 PT) - Starting nightly FINS data download
[INFO] 2025-12-11 03:46:04 UTC (2025-12-10 19:46:04 PT) - API key found
[INFO] 2025-12-11 03:46:04 UTC (2025-12-10 19:46:04 PT) - Current PT time: 2025-12-10 19:46:04
[INFO] 2025-12-11 03:46:04 UTC (2025-12-10 19:46:04 PT) - Requesting ALL historical trapping data through 12/11/2025 for NPT GRSME Program only
[INFO] 2025-12-11 03:46:38 UTC (2025-12-10 19:46:38 PT) - Downloaded 20641 rows of data
[INFO] 2025-12-11 03:46:38 UTC (2025-12-10 19:46:38 PT) - Columns: Finalize, Verify, Follow-Up, Trapped Date, Is Import, Facility, Trap, Trap Is Offsite, Trapping Session Name, Target Species, Target Run, Trapping Session Comments, Fish ID, Count, Species, Run, Sex, Origin, Origin Expression, Origin Description, Origin Start Date, Origin End Date, Origin Creator, Origin Creation Date, Living Status, Length, Age Designation, Age Calculated, Age Criteria Start Length, Age Criteria End Length, Age Criteria Start Date, Age Criteria End Date, Moved To Facility, Moved To, Moved To Location Type, Moved To Is Offsite, Offsite Owner Facility, Offsite Location Latitude, Offsite Location Longitude, Offsite Location Description, Disposition, Release Site, Release Site Latitude, Release Site Longitude, Purpose, Existing Marks, Existing Marks Quantity, Applied Marks, Applied Marks Quantity, Existing Tags, Applied Tags, Existing CWT, Existing CWT Value, Applied CWT, Applied CWT Value, Existing PIT, Applied PIT, Samples, Conditions, Recap, Injected, Weight, Notes, Group Notes, Import Custom
[INFO] 2025-12-11 03:46:38 UTC (2025-12-10 19:46:38 PT) - Successfully saved file: data/TrappingData.csv - Size: 11872184 bytes
[INFO] 2025-12-11 03:46:38 UTC (2025-12-10 19:46:38 PT) - Data summary:
[INFO] 2025-12-11 03:46:38 UTC (2025-12-10 19:46:38 PT) -   Date range: 10/10/2023 to 9/9/2025
[INFO] 2025-12-11 03:46:38 UTC (2025-12-10 19:46:38 PT) -   Total records: 20641
[INFO] 2025-12-11 03:46:38 UTC (2025-12-10 19:46:38 PT) - Download completed successfully
[INFO] 2025-12-12 03:45:45 UTC (2025-12-11 19:45:45 PT) - Starting nightly FINS data download
[INFO] 2025-12-12 03:45:45 UTC (2025-12-11 19:45:45 PT) - API key found
[INFO] 2025-12-12 03:45:45 UTC (2025-12-11 19:45:45 PT) - Current PT time: 2025-12-11 19:45:45
[INFO] 2025-12-12 03:45:45 UTC (2025-12-11 19:45:45 PT) - Requesting ALL historical trapping data through 12/12/2025 for NPT GRSME Program only
[INFO] 2025-12-12 03:46:19 UTC (2025-12-11 19:46:19 PT) - Downloaded 20641 rows of data
[INFO] 2025-12-12 03:46:19 UTC (2025-12-11 19:46:19 PT) - Columns: Finalize, Verify, Follow-Up, Trapped Date, Is Import, Facility, Trap, Trap Is Offsite, Trapping Session Name, Target Species, Target Run, Trapping Session Comments, Fish ID, Count, Species, Run, Sex, Origin, Origin Expression, Origin Description, Origin Start Date, Origin End Date, Origin Creator, Origin Creation Date, Living Status, Length, Age Designation, Age Calculated, Age Criteria Start Length, Age Criteria End Length, Age Criteria Start Date, Age Criteria End Date, Moved To Facility, Moved To, Moved To Location Type, Moved To Is Offsite, Offsite Owner Facility, Offsite Location Latitude, Offsite Location Longitude, Offsite Location Description, Disposition, Release Site, Release Site Latitude, Release Site Longitude, Purpose, Existing Marks, Existing Marks Quantity, Applied Marks, Applied Marks Quantity, Existing Tags, Applied Tags, Existing CWT, Existing CWT Value, Applied CWT, Applied CWT Value, Existing PIT, Applied PIT, Samples, Conditions, Recap, Injected, Weight, Notes, Group Notes, Import Custom
[INFO] 2025-12-12 03:46:19 UTC (2025-12-11 19:46:19 PT) - Successfully saved file: data/TrappingData.csv - Size: 11872184 bytes
[INFO] 2025-12-12 03:46:19 UTC (2025-12-11 19:46:19 PT) - Data summary:
[INFO] 2025-12-12 03:46:19 UTC (2025-12-11 19:46:19 PT) -   Date range: 10/10/2023 to 9/9/2025
[INFO] 2025-12-12 03:46:19 UTC (2025-12-11 19:46:19 PT) -   Total records: 20641
[INFO] 2025-12-12 03:46:19 UTC (2025-12-11 19:46:19 PT) - Download completed successfully
[INFO] 2025-12-13 03:37:36 UTC (2025-12-12 19:37:36 PT) - Starting nightly FINS data download
[INFO] 2025-12-13 03:37:36 UTC (2025-12-12 19:37:36 PT) - API key found
[INFO] 2025-12-13 03:37:36 UTC (2025-12-12 19:37:36 PT) - Current PT time: 2025-12-12 19:37:36
[INFO] 2025-12-13 03:37:36 UTC (2025-12-12 19:37:36 PT) - Requesting ALL historical trapping data through 12/13/2025 for NPT GRSME Program only
[INFO] 2025-12-13 03:38:08 UTC (2025-12-12 19:38:08 PT) - Downloaded 20641 rows of data
[INFO] 2025-12-13 03:38:08 UTC (2025-12-12 19:38:08 PT) - Columns: Finalize, Verify, Follow-Up, Trapped Date, Is Import, Facility, Trap, Trap Is Offsite, Trapping Session Name, Target Species, Target Run, Trapping Session Comments, Fish ID, Count, Species, Run, Sex, Origin, Origin Expression, Origin Description, Origin Start Date, Origin End Date, Origin Creator, Origin Creation Date, Living Status, Length, Age Designation, Age Calculated, Age Criteria Start Length, Age Criteria End Length, Age Criteria Start Date, Age Criteria End Date, Moved To Facility, Moved To, Moved To Location Type, Moved To Is Offsite, Offsite Owner Facility, Offsite Location Latitude, Offsite Location Longitude, Offsite Location Description, Disposition, Release Site, Release Site Latitude, Release Site Longitude, Purpose, Existing Marks, Existing Marks Quantity, Applied Marks, Applied Marks Quantity, Existing Tags, Applied Tags, Existing CWT, Existing CWT Value, Applied CWT, Applied CWT Value, Existing PIT, Applied PIT, Samples, Conditions, Recap, Injected, Weight, Notes, Group Notes, Import Custom
[INFO] 2025-12-13 03:38:09 UTC (2025-12-12 19:38:09 PT) - Successfully saved file: data/TrappingData.csv - Size: 11872184 bytes
[INFO] 2025-12-13 03:38:09 UTC (2025-12-12 19:38:09 PT) - Data summary:
[INFO] 2025-12-13 03:38:09 UTC (2025-12-12 19:38:09 PT) -   Date range: 10/10/2023 to 9/9/2025
[INFO] 2025-12-13 03:38:09 UTC (2025-12-12 19:38:09 PT) -   Total records: 20641
[INFO] 2025-12-13 03:38:09 UTC (2025-12-12 19:38:09 PT) - Download completed successfully
[INFO] 2025-12-14 03:48:39 UTC (2025-12-13 19:48:39 PT) - Starting nightly FINS data download
[INFO] 2025-12-14 03:48:39 UTC (2025-12-13 19:48:39 PT) - API key found
[INFO] 2025-12-14 03:48:39 UTC (2025-12-13 19:48:39 PT) - Current PT time: 2025-12-13 19:48:39
[INFO] 2025-12-14 03:48:39 UTC (2025-12-13 19:48:39 PT) - Requesting ALL historical trapping data through 12/14/2025 for NPT GRSME Program only
[INFO] 2025-12-14 03:49:13 UTC (2025-12-13 19:49:13 PT) - Downloaded 20641 rows of data
[INFO] 2025-12-14 03:49:13 UTC (2025-12-13 19:49:13 PT) - Columns: Finalize, Verify, Follow-Up, Trapped Date, Is Import, Facility, Trap, Trap Is Offsite, Trapping Session Name, Target Species, Target Run, Trapping Session Comments, Fish ID, Count, Species, Run, Sex, Origin, Origin Expression, Origin Description, Origin Start Date, Origin End Date, Origin Creator, Origin Creation Date, Living Status, Length, Age Designation, Age Calculated, Age Criteria Start Length, Age Criteria End Length, Age Criteria Start Date, Age Criteria End Date, Moved To Facility, Moved To, Moved To Location Type, Moved To Is Offsite, Offsite Owner Facility, Offsite Location Latitude, Offsite Location Longitude, Offsite Location Description, Disposition, Release Site, Release Site Latitude, Release Site Longitude, Purpose, Existing Marks, Existing Marks Quantity, Applied Marks, Applied Marks Quantity, Existing Tags, Applied Tags, Existing CWT, Existing CWT Value, Applied CWT, Applied CWT Value, Existing PIT, Applied PIT, Samples, Conditions, Recap, Injected, Weight, Notes, Group Notes, Import Custom
[INFO] 2025-12-14 03:49:13 UTC (2025-12-13 19:49:13 PT) - Successfully saved file: data/TrappingData.csv - Size: 11872184 bytes
[INFO] 2025-12-14 03:49:13 UTC (2025-12-13 19:49:13 PT) - Data summary:
[INFO] 2025-12-14 03:49:13 UTC (2025-12-13 19:49:13 PT) -   Date range: 10/10/2023 to 9/9/2025
[INFO] 2025-12-14 03:49:13 UTC (2025-12-13 19:49:13 PT) -   Total records: 20641
[INFO] 2025-12-14 03:49:13 UTC (2025-12-13 19:49:13 PT) - Download completed successfully
[INFO] 2025-12-15 03:53:42 UTC (2025-12-14 19:53:42 PT) - Starting nightly FINS data download
[INFO] 2025-12-15 03:53:42 UTC (2025-12-14 19:53:42 PT) - API key found
[INFO] 2025-12-15 03:53:42 UTC (2025-12-14 19:53:42 PT) - Current PT time: 2025-12-14 19:53:42
[INFO] 2025-12-15 03:53:42 UTC (2025-12-14 19:53:42 PT) - Requesting ALL historical trapping data through 12/15/2025 for NPT GRSME Program only
[INFO] 2025-12-15 03:54:14 UTC (2025-12-14 19:54:14 PT) - Downloaded 20641 rows of data
[INFO] 2025-12-15 03:54:14 UTC (2025-12-14 19:54:14 PT) - Columns: Finalize, Verify, Follow-Up, Trapped Date, Is Import, Facility, Trap, Trap Is Offsite, Trapping Session Name, Target Species, Target Run, Trapping Session Comments, Fish ID, Count, Species, Run, Sex, Origin, Origin Expression, Origin Description, Origin Start Date, Origin End Date, Origin Creator, Origin Creation Date, Living Status, Length, Age Designation, Age Calculated, Age Criteria Start Length, Age Criteria End Length, Age Criteria Start Date, Age Criteria End Date, Moved To Facility, Moved To, Moved To Location Type, Moved To Is Offsite, Offsite Owner Facility, Offsite Location Latitude, Offsite Location Longitude, Offsite Location Description, Disposition, Release Site, Release Site Latitude, Release Site Longitude, Purpose, Existing Marks, Existing Marks Quantity, Applied Marks, Applied Marks Quantity, Existing Tags, Applied Tags, Existing CWT, Existing CWT Value, Applied CWT, Applied CWT Value, Existing PIT, Applied PIT, Samples, Conditions, Recap, Injected, Weight, Notes, Group Notes, Import Custom
[INFO] 2025-12-15 03:54:14 UTC (2025-12-14 19:54:14 PT) - Successfully saved file: data/TrappingData.csv - Size: 11872184 bytes
[INFO] 2025-12-15 03:54:14 UTC (2025-12-14 19:54:14 PT) - Data summary:
[INFO] 2025-12-15 03:54:14 UTC (2025-12-14 19:54:14 PT) -   Date range: 10/10/2023 to 9/9/2025
[INFO] 2025-12-15 03:54:14 UTC (2025-12-14 19:54:14 PT) -   Total records: 20641
[INFO] 2025-12-15 03:54:14 UTC (2025-12-14 19:54:14 PT) - Download completed successfully
[INFO] 2025-12-16 03:46:48 UTC (2025-12-15 19:46:48 PT) - Starting nightly FINS data download
[INFO] 2025-12-16 03:46:48 UTC (2025-12-15 19:46:48 PT) - API key found
[INFO] 2025-12-16 03:46:48 UTC (2025-12-15 19:46:48 PT) - Current PT time: 2025-12-15 19:46:48
[INFO] 2025-12-16 03:46:48 UTC (2025-12-15 19:46:48 PT) - Requesting ALL historical trapping data through 12/16/2025 for NPT GRSME Program only
[INFO] 2025-12-16 03:47:22 UTC (2025-12-15 19:47:22 PT) - Downloaded 20642 rows of data
[INFO] 2025-12-16 03:47:22 UTC (2025-12-15 19:47:22 PT) - Columns: Finalize, Verify, Follow-Up, Trapped Date, Is Import, Facility, Trap, Trap Is Offsite, Trapping Session Name, Target Species, Target Run, Trapping Session Comments, Fish ID, Count, Species, Run, Sex, Origin, Origin Expression, Origin Description, Origin Start Date, Origin End Date, Origin Creator, Origin Creation Date, Living Status, Length, Age Designation, Age Calculated, Age Criteria Start Length, Age Criteria End Length, Age Criteria Start Date, Age Criteria End Date, Moved To Facility, Moved To, Moved To Location Type, Moved To Is Offsite, Offsite Owner Facility, Offsite Location Latitude, Offsite Location Longitude, Offsite Location Description, Disposition, Release Site, Release Site Latitude, Release Site Longitude, Purpose, Existing Marks, Existing Marks Quantity, Applied Marks, Applied Marks Quantity, Existing Tags, Applied Tags, Existing CWT, Existing CWT Value, Applied CWT, Applied CWT Value, Existing PIT, Applied PIT, Samples, Conditions, Recap, Injected, Weight, Notes, Group Notes, Import Custom
[INFO] 2025-12-16 03:47:22 UTC (2025-12-15 19:47:22 PT) - Successfully saved file: data/TrappingData.csv - Size: 11872751 bytes
[INFO] 2025-12-16 03:47:22 UTC (2025-12-15 19:47:22 PT) - Data summary:
[INFO] 2025-12-16 03:47:22 UTC (2025-12-15 19:47:22 PT) -   Date range: 10/10/2023 to 9/9/2025
[INFO] 2025-12-16 03:47:22 UTC (2025-12-15 19:47:22 PT) -   Total records: 20642
[INFO] 2025-12-16 03:47:22 UTC (2025-12-15 19:47:22 PT) - Download completed successfully
[INFO] 2025-12-17 03:43:15 UTC (2025-12-16 19:43:15 PT) - Starting nightly FINS data download
[INFO] 2025-12-17 03:43:15 UTC (2025-12-16 19:43:15 PT) - API key found
[INFO] 2025-12-17 03:43:15 UTC (2025-12-16 19:43:15 PT) - Current PT time: 2025-12-16 19:43:15
[INFO] 2025-12-17 03:43:15 UTC (2025-12-16 19:43:15 PT) - Requesting ALL historical trapping data through 12/17/2025 for NPT GRSME Program only
[INFO] 2025-12-17 03:43:51 UTC (2025-12-16 19:43:51 PT) - Downloaded 20642 rows of data
[INFO] 2025-12-17 03:43:51 UTC (2025-12-16 19:43:51 PT) - Columns: Finalize, Verify, Follow-Up, Trapped Date, Is Import, Facility, Trap, Trap Is Offsite, Trapping Session Name, Target Species, Target Run, Trapping Session Comments, Fish ID, Count, Species, Run, Sex, Origin, Origin Expression, Origin Description, Origin Start Date, Origin End Date, Origin Creator, Origin Creation Date, Living Status, Length, Age Designation, Age Calculated, Age Criteria Start Length, Age Criteria End Length, Age Criteria Start Date, Age Criteria End Date, Moved To Facility, Moved To, Moved To Location Type, Moved To Is Offsite, Offsite Owner Facility, Offsite Location Latitude, Offsite Location Longitude, Offsite Location Description, Disposition, Release Site, Release Site Latitude, Release Site Longitude, Purpose, Existing Marks, Existing Marks Quantity, Applied Marks, Applied Marks Quantity, Existing Tags, Applied Tags, Existing CWT, Existing CWT Value, Applied CWT, Applied CWT Value, Existing PIT, Applied PIT, Samples, Conditions, Recap, Injected, Weight, Notes, Group Notes, Import Custom
[INFO] 2025-12-17 03:43:51 UTC (2025-12-16 19:43:51 PT) - Successfully saved file: data/TrappingData.csv - Size: 11872751 bytes
[INFO] 2025-12-17 03:43:51 UTC (2025-12-16 19:43:51 PT) - Data summary:
[INFO] 2025-12-17 03:43:51 UTC (2025-12-16 19:43:51 PT) -   Date range: 10/10/2023 to 9/9/2025
[INFO] 2025-12-17 03:43:51 UTC (2025-12-16 19:43:51 PT) -   Total records: 20642
[INFO] 2025-12-17 03:43:51 UTC (2025-12-16 19:43:51 PT) - Download completed successfully
[INFO] 2025-12-18 03:44:14 UTC (2025-12-17 19:44:14 PT) - Starting nightly FINS data download
[INFO] 2025-12-18 03:44:14 UTC (2025-12-17 19:44:14 PT) - API key found
[INFO] 2025-12-18 03:44:14 UTC (2025-12-17 19:44:14 PT) - Current PT time: 2025-12-17 19:44:14
[INFO] 2025-12-18 03:44:14 UTC (2025-12-17 19:44:14 PT) - Requesting ALL historical trapping data through 12/18/2025 for NPT GRSME Program only
[INFO] 2025-12-18 03:44:49 UTC (2025-12-17 19:44:49 PT) - Downloaded 20642 rows of data
[INFO] 2025-12-18 03:44:49 UTC (2025-12-17 19:44:49 PT) - Columns: Finalize, Verify, Follow-Up, Trapped Date, Is Import, Facility, Trap, Trap Is Offsite, Trapping Session Name, Target Species, Target Run, Trapping Session Comments, Fish ID, Count, Species, Run, Sex, Origin, Origin Expression, Origin Description, Origin Start Date, Origin End Date, Origin Creator, Origin Creation Date, Living Status, Length, Age Designation, Age Calculated, Age Criteria Start Length, Age Criteria End Length, Age Criteria Start Date, Age Criteria End Date, Moved To Facility, Moved To, Moved To Location Type, Moved To Is Offsite, Offsite Owner Facility, Offsite Location Latitude, Offsite Location Longitude, Offsite Location Description, Disposition, Release Site, Release Site Latitude, Release Site Longitude, Purpose, Existing Marks, Existing Marks Quantity, Applied Marks, Applied Marks Quantity, Existing Tags, Applied Tags, Existing CWT, Existing CWT Value, Applied CWT, Applied CWT Value, Existing PIT, Applied PIT, Samples, Conditions, Recap, Injected, Weight, Notes, Group Notes, Import Custom
[INFO] 2025-12-18 03:44:49 UTC (2025-12-17 19:44:49 PT) - Successfully saved file: data/TrappingData.csv - Size: 11872751 bytes
[INFO] 2025-12-18 03:44:49 UTC (2025-12-17 19:44:49 PT) - Data summary:
[INFO] 2025-12-18 03:44:49 UTC (2025-12-17 19:44:49 PT) -   Date range: 10/10/2023 to 9/9/2025
[INFO] 2025-12-18 03:44:49 UTC (2025-12-17 19:44:49 PT) -   Total records: 20642
[INFO] 2025-12-18 03:44:49 UTC (2025-12-17 19:44:49 PT) - Download completed successfully
[INFO] 2025-12-19 03:45:55 UTC (2025-12-18 19:45:55 PT) - Starting nightly FINS data download
[INFO] 2025-12-19 03:45:55 UTC (2025-12-18 19:45:55 PT) - API key found
[INFO] 2025-12-19 03:45:55 UTC (2025-12-18 19:45:55 PT) - Current PT time: 2025-12-18 19:45:55
[INFO] 2025-12-19 03:45:55 UTC (2025-12-18 19:45:55 PT) - Requesting ALL historical trapping data through 12/19/2025 for NPT GRSME Program only
[INFO] 2025-12-19 03:46:32 UTC (2025-12-18 19:46:32 PT) - Downloaded 20642 rows of data
[INFO] 2025-12-19 03:46:32 UTC (2025-12-18 19:46:32 PT) - Columns: Finalize, Verify, Follow-Up, Trapped Date, Is Import, Facility, Trap, Trap Is Offsite, Trapping Session Name, Target Species, Target Run, Trapping Session Comments, Fish ID, Count, Species, Run, Sex, Origin, Origin Expression, Origin Description, Origin Start Date, Origin End Date, Origin Creator, Origin Creation Date, Living Status, Length, Age Designation, Age Calculated, Age Criteria Start Length, Age Criteria End Length, Age Criteria Start Date, Age Criteria End Date, Moved To Facility, Moved To, Moved To Location Type, Moved To Is Offsite, Offsite Owner Facility, Offsite Location Latitude, Offsite Location Longitude, Offsite Location Description, Disposition, Release Site, Release Site Latitude, Release Site Longitude, Purpose, Existing Marks, Existing Marks Quantity, Applied Marks, Applied Marks Quantity, Existing Tags, Applied Tags, Existing CWT, Existing CWT Value, Applied CWT, Applied CWT Value, Existing PIT, Applied PIT, Samples, Conditions, Recap, Injected, Weight, Notes, Group Notes, Import Custom
[INFO] 2025-12-19 03:46:32 UTC (2025-12-18 19:46:32 PT) - Successfully saved file: data/TrappingData.csv - Size: 11872751 bytes
[INFO] 2025-12-19 03:46:32 UTC (2025-12-18 19:46:32 PT) - Data summary:
[INFO] 2025-12-19 03:46:32 UTC (2025-12-18 19:46:32 PT) -   Date range: 10/10/2023 to 9/9/2025
[INFO] 2025-12-19 03:46:32 UTC (2025-12-18 19:46:32 PT) -   Total records: 20642
[INFO] 2025-12-19 03:46:32 UTC (2025-12-18 19:46:32 PT) - Download completed successfully
[INFO] 2025-12-20 03:37:20 UTC (2025-12-19 19:37:20 PT) - Starting nightly FINS data download
[INFO] 2025-12-20 03:37:20 UTC (2025-12-19 19:37:20 PT) - API key found
[INFO] 2025-12-20 03:37:20 UTC (2025-12-19 19:37:20 PT) - Current PT time: 2025-12-19 19:37:20
[INFO] 2025-12-20 03:37:20 UTC (2025-12-19 19:37:20 PT) - Requesting ALL historical trapping data through 12/20/2025 for NPT GRSME Program only
[INFO] 2025-12-20 03:37:56 UTC (2025-12-19 19:37:56 PT) - Downloaded 20642 rows of data
[INFO] 2025-12-20 03:37:56 UTC (2025-12-19 19:37:56 PT) - Columns: Finalize, Verify, Follow-Up, Trapped Date, Is Import, Facility, Trap, Trap Is Offsite, Trapping Session Name, Target Species, Target Run, Trapping Session Comments, Fish ID, Count, Species, Run, Sex, Origin, Origin Expression, Origin Description, Origin Start Date, Origin End Date, Origin Creator, Origin Creation Date, Living Status, Length, Age Designation, Age Calculated, Age Criteria Start Length, Age Criteria End Length, Age Criteria Start Date, Age Criteria End Date, Moved To Facility, Moved To, Moved To Location Type, Moved To Is Offsite, Offsite Owner Facility, Offsite Location Latitude, Offsite Location Longitude, Offsite Location Description, Disposition, Release Site, Release Site Latitude, Release Site Longitude, Purpose, Existing Marks, Existing Marks Quantity, Applied Marks, Applied Marks Quantity, Existing Tags, Applied Tags, Existing CWT, Existing CWT Value, Applied CWT, Applied CWT Value, Existing PIT, Applied PIT, Samples, Conditions, Recap, Injected, Weight, Notes, Group Notes, Import Custom
[INFO] 2025-12-20 03:37:56 UTC (2025-12-19 19:37:56 PT) - Successfully saved file: data/TrappingData.csv - Size: 11872751 bytes
[INFO] 2025-12-20 03:37:56 UTC (2025-12-19 19:37:56 PT) - Data summary:
[INFO] 2025-12-20 03:37:56 UTC (2025-12-19 19:37:56 PT) -   Date range: 10/10/2023 to 9/9/2025
[INFO] 2025-12-20 03:37:56 UTC (2025-12-19 19:37:56 PT) -   Total records: 20642
[INFO] 2025-12-20 03:37:56 UTC (2025-12-19 19:37:56 PT) - Download completed successfully
[INFO] 2025-12-21 03:49:04 UTC (2025-12-20 19:49:04 PT) - Starting nightly FINS data download
[INFO] 2025-12-21 03:49:04 UTC (2025-12-20 19:49:04 PT) - API key found
[INFO] 2025-12-21 03:49:04 UTC (2025-12-20 19:49:04 PT) - Current PT time: 2025-12-20 19:49:04
[INFO] 2025-12-21 03:49:04 UTC (2025-12-20 19:49:04 PT) - Requesting ALL historical trapping data through 12/21/2025 for NPT GRSME Program only
[INFO] 2025-12-21 03:49:41 UTC (2025-12-20 19:49:41 PT) - Downloaded 20642 rows of data
[INFO] 2025-12-21 03:49:41 UTC (2025-12-20 19:49:41 PT) - Columns: Finalize, Verify, Follow-Up, Trapped Date, Is Import, Facility, Trap, Trap Is Offsite, Trapping Session Name, Target Species, Target Run, Trapping Session Comments, Fish ID, Count, Species, Run, Sex, Origin, Origin Expression, Origin Description, Origin Start Date, Origin End Date, Origin Creator, Origin Creation Date, Living Status, Length, Age Designation, Age Calculated, Age Criteria Start Length, Age Criteria End Length, Age Criteria Start Date, Age Criteria End Date, Moved To Facility, Moved To, Moved To Location Type, Moved To Is Offsite, Offsite Owner Facility, Offsite Location Latitude, Offsite Location Longitude, Offsite Location Description, Disposition, Release Site, Release Site Latitude, Release Site Longitude, Purpose, Existing Marks, Existing Marks Quantity, Applied Marks, Applied Marks Quantity, Existing Tags, Applied Tags, Existing CWT, Existing CWT Value, Applied CWT, Applied CWT Value, Existing PIT, Applied PIT, Samples, Conditions, Recap, Injected, Weight, Notes, Group Notes, Import Custom
[INFO] 2025-12-21 03:49:41 UTC (2025-12-20 19:49:41 PT) - Successfully saved file: data/TrappingData.csv - Size: 11872751 bytes
[INFO] 2025-12-21 03:49:41 UTC (2025-12-20 19:49:41 PT) - Data summary:
[INFO] 2025-12-21 03:49:41 UTC (2025-12-20 19:49:41 PT) -   Date range: 10/10/2023 to 9/9/2025
[INFO] 2025-12-21 03:49:41 UTC (2025-12-20 19:49:41 PT) -   Total records: 20642
[INFO] 2025-12-21 03:49:41 UTC (2025-12-20 19:49:41 PT) - Download completed successfully
[INFO] 2025-12-22 03:54:02 UTC (2025-12-21 19:54:02 PT) - Starting nightly FINS data download
[INFO] 2025-12-22 03:54:02 UTC (2025-12-21 19:54:02 PT) - API key found
[INFO] 2025-12-22 03:54:02 UTC (2025-12-21 19:54:02 PT) - Current PT time: 2025-12-21 19:54:02
[INFO] 2025-12-22 03:54:02 UTC (2025-12-21 19:54:02 PT) - Requesting ALL historical trapping data through 12/22/2025 for NPT GRSME Program only
[INFO] 2025-12-22 03:54:34 UTC (2025-12-21 19:54:34 PT) - Downloaded 20642 rows of data
[INFO] 2025-12-22 03:54:34 UTC (2025-12-21 19:54:34 PT) - Columns: Finalize, Verify, Follow-Up, Trapped Date, Is Import, Facility, Trap, Trap Is Offsite, Trapping Session Name, Target Species, Target Run, Trapping Session Comments, Fish ID, Count, Species, Run, Sex, Origin, Origin Expression, Origin Description, Origin Start Date, Origin End Date, Origin Creator, Origin Creation Date, Living Status, Length, Age Designation, Age Calculated, Age Criteria Start Length, Age Criteria End Length, Age Criteria Start Date, Age Criteria End Date, Moved To Facility, Moved To, Moved To Location Type, Moved To Is Offsite, Offsite Owner Facility, Offsite Location Latitude, Offsite Location Longitude, Offsite Location Description, Disposition, Release Site, Release Site Latitude, Release Site Longitude, Purpose, Existing Marks, Existing Marks Quantity, Applied Marks, Applied Marks Quantity, Existing Tags, Applied Tags, Existing CWT, Existing CWT Value, Applied CWT, Applied CWT Value, Existing PIT, Applied PIT, Samples, Conditions, Recap, Injected, Weight, Notes, Group Notes, Import Custom
[INFO] 2025-12-22 03:54:34 UTC (2025-12-21 19:54:34 PT) - Successfully saved file: data/TrappingData.csv - Size: 11872751 bytes
[INFO] 2025-12-22 03:54:34 UTC (2025-12-21 19:54:34 PT) - Data summary:
[INFO] 2025-12-22 03:54:34 UTC (2025-12-21 19:54:34 PT) -   Date range: 10/10/2023 to 9/9/2025
[INFO] 2025-12-22 03:54:34 UTC (2025-12-21 19:54:34 PT) -   Total records: 20642
[INFO] 2025-12-22 03:54:34 UTC (2025-12-21 19:54:34 PT) - Download completed successfully
[INFO] 2025-12-23 03:48:58 UTC (2025-12-22 19:48:58 PT) - Starting nightly FINS data download
[INFO] 2025-12-23 03:48:58 UTC (2025-12-22 19:48:58 PT) - API key found
[INFO] 2025-12-23 03:48:58 UTC (2025-12-22 19:48:58 PT) - Current PT time: 2025-12-22 19:48:58
[INFO] 2025-12-23 03:48:58 UTC (2025-12-22 19:48:58 PT) - Requesting ALL historical trapping data through 12/23/2025 for NPT GRSME Program only
[INFO] 2025-12-23 03:49:30 UTC (2025-12-22 19:49:30 PT) - Downloaded 20642 rows of data
[INFO] 2025-12-23 03:49:30 UTC (2025-12-22 19:49:30 PT) - Columns: Finalize, Verify, Follow-Up, Trapped Date, Is Import, Facility, Trap, Trap Is Offsite, Trapping Session Name, Target Species, Target Run, Trapping Session Comments, Fish ID, Count, Species, Run, Sex, Origin, Origin Expression, Origin Description, Origin Start Date, Origin End Date, Origin Creator, Origin Creation Date, Living Status, Length, Age Designation, Age Calculated, Age Criteria Start Length, Age Criteria End Length, Age Criteria Start Date, Age Criteria End Date, Moved To Facility, Moved To, Moved To Location Type, Moved To Is Offsite, Offsite Owner Facility, Offsite Location Latitude, Offsite Location Longitude, Offsite Location Description, Disposition, Release Site, Release Site Latitude, Release Site Longitude, Purpose, Existing Marks, Existing Marks Quantity, Applied Marks, Applied Marks Quantity, Existing Tags, Applied Tags, Existing CWT, Existing CWT Value, Applied CWT, Applied CWT Value, Existing PIT, Applied PIT, Samples, Conditions, Recap, Injected, Weight, Notes, Group Notes, Import Custom
[INFO] 2025-12-23 03:49:30 UTC (2025-12-22 19:49:30 PT) - Successfully saved file: data/TrappingData.csv - Size: 11872751 bytes
[INFO] 2025-12-23 03:49:30 UTC (2025-12-22 19:49:30 PT) - Data summary:
[INFO] 2025-12-23 03:49:30 UTC (2025-12-22 19:49:30 PT) -   Date range: 10/10/2023 to 9/9/2025
[INFO] 2025-12-23 03:49:30 UTC (2025-12-22 19:49:30 PT) -   Total records: 20642
[INFO] 2025-12-23 03:49:30 UTC (2025-12-22 19:49:30 PT) - Download completed successfully
[INFO] 2025-12-24 03:46:16 UTC (2025-12-23 19:46:16 PT) - Starting nightly FINS data download
[INFO] 2025-12-24 03:46:16 UTC (2025-12-23 19:46:16 PT) - API key found
[INFO] 2025-12-24 03:46:16 UTC (2025-12-23 19:46:16 PT) - Current PT time: 2025-12-23 19:46:16
[INFO] 2025-12-24 03:46:16 UTC (2025-12-23 19:46:16 PT) - Requesting ALL historical trapping data through 12/24/2025 for NPT GRSME Program only
[INFO] 2025-12-24 03:46:49 UTC (2025-12-23 19:46:49 PT) - Downloaded 20642 rows of data
[INFO] 2025-12-24 03:46:49 UTC (2025-12-23 19:46:49 PT) - Columns: Finalize, Verify, Follow-Up, Trapped Date, Is Import, Facility, Trap, Trap Is Offsite, Trapping Session Name, Target Species, Target Run, Trapping Session Comments, Fish ID, Count, Species, Run, Sex, Origin, Origin Expression, Origin Description, Origin Start Date, Origin End Date, Origin Creator, Origin Creation Date, Living Status, Length, Age Designation, Age Calculated, Age Criteria Start Length, Age Criteria End Length, Age Criteria Start Date, Age Criteria End Date, Moved To Facility, Moved To, Moved To Location Type, Moved To Is Offsite, Offsite Owner Facility, Offsite Location Latitude, Offsite Location Longitude, Offsite Location Description, Disposition, Release Site, Release Site Latitude, Release Site Longitude, Purpose, Existing Marks, Existing Marks Quantity, Applied Marks, Applied Marks Quantity, Existing Tags, Applied Tags, Existing CWT, Existing CWT Value, Applied CWT, Applied CWT Value, Existing PIT, Applied PIT, Samples, Conditions, Recap, Injected, Weight, Notes, Group Notes, Import Custom
[INFO] 2025-12-24 03:46:49 UTC (2025-12-23 19:46:49 PT) - Successfully saved file: data/TrappingData.csv - Size: 11872751 bytes
[INFO] 2025-12-24 03:46:49 UTC (2025-12-23 19:46:49 PT) - Data summary:
[INFO] 2025-12-24 03:46:49 UTC (2025-12-23 19:46:49 PT) -   Date range: 10/10/2023 to 9/9/2025
[INFO] 2025-12-24 03:46:49 UTC (2025-12-23 19:46:49 PT) -   Total records: 20642
[INFO] 2025-12-24 03:46:49 UTC (2025-12-23 19:46:49 PT) - Download completed successfully
[INFO] 2025-12-25 03:49:01 UTC (2025-12-24 19:49:01 PT) - Starting nightly FINS data download
[INFO] 2025-12-25 03:49:01 UTC (2025-12-24 19:49:01 PT) - API key found
[INFO] 2025-12-25 03:49:01 UTC (2025-12-24 19:49:01 PT) - Current PT time: 2025-12-24 19:49:01
[INFO] 2025-12-25 03:49:01 UTC (2025-12-24 19:49:01 PT) - Requesting ALL historical trapping data through 12/25/2025 for NPT GRSME Program only
[INFO] 2025-12-25 03:49:37 UTC (2025-12-24 19:49:37 PT) - Downloaded 20642 rows of data
[INFO] 2025-12-25 03:49:37 UTC (2025-12-24 19:49:37 PT) - Columns: Finalize, Verify, Follow-Up, Trapped Date, Is Import, Facility, Trap, Trap Is Offsite, Trapping Session Name, Target Species, Target Run, Trapping Session Comments, Fish ID, Count, Species, Run, Sex, Origin, Origin Expression, Origin Description, Origin Start Date, Origin End Date, Origin Creator, Origin Creation Date, Living Status, Length, Age Designation, Age Calculated, Age Criteria Start Length, Age Criteria End Length, Age Criteria Start Date, Age Criteria End Date, Moved To Facility, Moved To, Moved To Location Type, Moved To Is Offsite, Offsite Owner Facility, Offsite Location Latitude, Offsite Location Longitude, Offsite Location Description, Disposition, Release Site, Release Site Latitude, Release Site Longitude, Purpose, Existing Marks, Existing Marks Quantity, Applied Marks, Applied Marks Quantity, Existing Tags, Applied Tags, Existing CWT, Existing CWT Value, Applied CWT, Applied CWT Value, Existing PIT, Applied PIT, Samples, Conditions, Recap, Injected, Weight, Notes, Group Notes, Import Custom
[INFO] 2025-12-25 03:49:37 UTC (2025-12-24 19:49:37 PT) - Successfully saved file: data/TrappingData.csv - Size: 11872751 bytes
[INFO] 2025-12-25 03:49:37 UTC (2025-12-24 19:49:37 PT) - Data summary:
[INFO] 2025-12-25 03:49:37 UTC (2025-12-24 19:49:37 PT) -   Date range: 10/10/2023 to 9/9/2025
[INFO] 2025-12-25 03:49:37 UTC (2025-12-24 19:49:37 PT) -   Total records: 20642
[INFO] 2025-12-25 03:49:37 UTC (2025-12-24 19:49:37 PT) - Download completed successfully
[INFO] 2025-12-26 03:46:15 UTC (2025-12-25 19:46:15 PT) - Starting nightly FINS data download
[INFO] 2025-12-26 03:46:15 UTC (2025-12-25 19:46:15 PT) - API key found
[INFO] 2025-12-26 03:46:15 UTC (2025-12-25 19:46:15 PT) - Current PT time: 2025-12-25 19:46:15
[INFO] 2025-12-26 03:46:15 UTC (2025-12-25 19:46:15 PT) - Requesting ALL historical trapping data through 12/26/2025 for NPT GRSME Program only
[INFO] 2025-12-26 03:46:50 UTC (2025-12-25 19:46:50 PT) - Downloaded 20642 rows of data
[INFO] 2025-12-26 03:46:50 UTC (2025-12-25 19:46:50 PT) - Columns: Finalize, Verify, Follow-Up, Trapped Date, Is Import, Facility, Trap, Trap Is Offsite, Trapping Session Name, Target Species, Target Run, Trapping Session Comments, Fish ID, Count, Species, Run, Sex, Origin, Origin Expression, Origin Description, Origin Start Date, Origin End Date, Origin Creator, Origin Creation Date, Living Status, Length, Age Designation, Age Calculated, Age Criteria Start Length, Age Criteria End Length, Age Criteria Start Date, Age Criteria End Date, Moved To Facility, Moved To, Moved To Location Type, Moved To Is Offsite, Offsite Owner Facility, Offsite Location Latitude, Offsite Location Longitude, Offsite Location Description, Disposition, Release Site, Release Site Latitude, Release Site Longitude, Purpose, Existing Marks, Existing Marks Quantity, Applied Marks, Applied Marks Quantity, Existing Tags, Applied Tags, Existing CWT, Existing CWT Value, Applied CWT, Applied CWT Value, Existing PIT, Applied PIT, Samples, Conditions, Recap, Injected, Weight, Notes, Group Notes, Import Custom
[INFO] 2025-12-26 03:46:50 UTC (2025-12-25 19:46:50 PT) - Successfully saved file: data/TrappingData.csv - Size: 11872751 bytes
[INFO] 2025-12-26 03:46:50 UTC (2025-12-25 19:46:50 PT) - Data summary:
[INFO] 2025-12-26 03:46:50 UTC (2025-12-25 19:46:50 PT) -   Date range: 10/10/2023 to 9/9/2025
[INFO] 2025-12-26 03:46:50 UTC (2025-12-25 19:46:50 PT) -   Total records: 20642
[INFO] 2025-12-26 03:46:50 UTC (2025-12-25 19:46:50 PT) - Download completed successfully
[INFO] 2025-12-27 03:43:59 UTC (2025-12-26 19:43:59 PT) - Starting nightly FINS data download
[INFO] 2025-12-27 03:43:59 UTC (2025-12-26 19:43:59 PT) - API key found
[INFO] 2025-12-27 03:43:59 UTC (2025-12-26 19:43:59 PT) - Current PT time: 2025-12-26 19:43:59
[INFO] 2025-12-27 03:43:59 UTC (2025-12-26 19:43:59 PT) - Requesting ALL historical trapping data through 12/27/2025 for NPT GRSME Program only
[INFO] 2025-12-27 03:44:33 UTC (2025-12-26 19:44:33 PT) - Downloaded 20642 rows of data
[INFO] 2025-12-27 03:44:33 UTC (2025-12-26 19:44:33 PT) - Columns: Finalize, Verify, Follow-Up, Trapped Date, Is Import, Facility, Trap, Trap Is Offsite, Trapping Session Name, Target Species, Target Run, Trapping Session Comments, Fish ID, Count, Species, Run, Sex, Origin, Origin Expression, Origin Description, Origin Start Date, Origin End Date, Origin Creator, Origin Creation Date, Living Status, Length, Age Designation, Age Calculated, Age Criteria Start Length, Age Criteria End Length, Age Criteria Start Date, Age Criteria End Date, Moved To Facility, Moved To, Moved To Location Type, Moved To Is Offsite, Offsite Owner Facility, Offsite Location Latitude, Offsite Location Longitude, Offsite Location Description, Disposition, Release Site, Release Site Latitude, Release Site Longitude, Purpose, Existing Marks, Existing Marks Quantity, Applied Marks, Applied Marks Quantity, Existing Tags, Applied Tags, Existing CWT, Existing CWT Value, Applied CWT, Applied CWT Value, Existing PIT, Applied PIT, Samples, Conditions, Recap, Injected, Weight, Notes, Group Notes, Import Custom
[INFO] 2025-12-27 03:44:33 UTC (2025-12-26 19:44:33 PT) - Successfully saved file: data/TrappingData.csv - Size: 11872751 bytes
[INFO] 2025-12-27 03:44:33 UTC (2025-12-26 19:44:33 PT) - Data summary:
[INFO] 2025-12-27 03:44:33 UTC (2025-12-26 19:44:33 PT) -   Date range: 10/10/2023 to 9/9/2025
[INFO] 2025-12-27 03:44:33 UTC (2025-12-26 19:44:33 PT) -   Total records: 20642
[INFO] 2025-12-27 03:44:33 UTC (2025-12-26 19:44:33 PT) - Download completed successfully
[INFO] 2025-12-28 03:58:27 UTC (2025-12-27 19:58:27 PT) - Starting nightly FINS data download
[INFO] 2025-12-28 03:58:27 UTC (2025-12-27 19:58:27 PT) - API key found
[INFO] 2025-12-28 03:58:27 UTC (2025-12-27 19:58:27 PT) - Current PT time: 2025-12-27 19:58:27
[INFO] 2025-12-28 03:58:27 UTC (2025-12-27 19:58:27 PT) - Requesting ALL historical trapping data through 12/28/2025 for NPT GRSME Program only
[INFO] 2025-12-28 03:59:00 UTC (2025-12-27 19:59:00 PT) - Downloaded 20642 rows of data
[INFO] 2025-12-28 03:59:00 UTC (2025-12-27 19:59:00 PT) - Columns: Finalize, Verify, Follow-Up, Trapped Date, Is Import, Facility, Trap, Trap Is Offsite, Trapping Session Name, Target Species, Target Run, Trapping Session Comments, Fish ID, Count, Species, Run, Sex, Origin, Origin Expression, Origin Description, Origin Start Date, Origin End Date, Origin Creator, Origin Creation Date, Living Status, Length, Age Designation, Age Calculated, Age Criteria Start Length, Age Criteria End Length, Age Criteria Start Date, Age Criteria End Date, Moved To Facility, Moved To, Moved To Location Type, Moved To Is Offsite, Offsite Owner Facility, Offsite Location Latitude, Offsite Location Longitude, Offsite Location Description, Disposition, Release Site, Release Site Latitude, Release Site Longitude, Purpose, Existing Marks, Existing Marks Quantity, Applied Marks, Applied Marks Quantity, Existing Tags, Applied Tags, Existing CWT, Existing CWT Value, Applied CWT, Applied CWT Value, Existing PIT, Applied PIT, Samples, Conditions, Recap, Injected, Weight, Notes, Group Notes, Import Custom
[INFO] 2025-12-28 03:59:00 UTC (2025-12-27 19:59:00 PT) - Successfully saved file: data/TrappingData.csv - Size: 11872751 bytes
[INFO] 2025-12-28 03:59:00 UTC (2025-12-27 19:59:00 PT) - Data summary:
[INFO] 2025-12-28 03:59:00 UTC (2025-12-27 19:59:00 PT) -   Date range: 10/10/2023 to 9/9/2025
[INFO] 2025-12-28 03:59:00 UTC (2025-12-27 19:59:00 PT) -   Total records: 20642
[INFO] 2025-12-28 03:59:00 UTC (2025-12-27 19:59:00 PT) - Download completed successfully
[INFO] 2025-12-29 04:01:02 UTC (2025-12-28 20:01:02 PT) - Starting nightly FINS data download
[INFO] 2025-12-29 04:01:02 UTC (2025-12-28 20:01:02 PT) - API key found
[INFO] 2025-12-29 04:01:02 UTC (2025-12-28 20:01:02 PT) - Current PT time: 2025-12-28 20:01:02
[INFO] 2025-12-29 04:01:02 UTC (2025-12-28 20:01:02 PT) - Requesting ALL historical trapping data through 12/29/2025 for NPT GRSME Program only
[INFO] 2025-12-29 04:01:34 UTC (2025-12-28 20:01:34 PT) - Downloaded 20642 rows of data
[INFO] 2025-12-29 04:01:34 UTC (2025-12-28 20:01:34 PT) - Columns: Finalize, Verify, Follow-Up, Trapped Date, Is Import, Facility, Trap, Trap Is Offsite, Trapping Session Name, Target Species, Target Run, Trapping Session Comments, Fish ID, Count, Species, Run, Sex, Origin, Origin Expression, Origin Description, Origin Start Date, Origin End Date, Origin Creator, Origin Creation Date, Living Status, Length, Age Designation, Age Calculated, Age Criteria Start Length, Age Criteria End Length, Age Criteria Start Date, Age Criteria End Date, Moved To Facility, Moved To, Moved To Location Type, Moved To Is Offsite, Offsite Owner Facility, Offsite Location Latitude, Offsite Location Longitude, Offsite Location Description, Disposition, Release Site, Release Site Latitude, Release Site Longitude, Purpose, Existing Marks, Existing Marks Quantity, Applied Marks, Applied Marks Quantity, Existing Tags, Applied Tags, Existing CWT, Existing CWT Value, Applied CWT, Applied CWT Value, Existing PIT, Applied PIT, Samples, Conditions, Recap, Injected, Weight, Notes, Group Notes, Import Custom
[INFO] 2025-12-29 04:01:34 UTC (2025-12-28 20:01:34 PT) - Successfully saved file: data/TrappingData.csv - Size: 11872751 bytes
[INFO] 2025-12-29 04:01:34 UTC (2025-12-28 20:01:34 PT) - Data summary:
[INFO] 2025-12-29 04:01:34 UTC (2025-12-28 20:01:34 PT) -   Date range: 10/10/2023 to 9/9/2025
[INFO] 2025-12-29 04:01:34 UTC (2025-12-28 20:01:34 PT) -   Total records: 20642
[INFO] 2025-12-29 04:01:34 UTC (2025-12-28 20:01:34 PT) - Download completed successfully
[INFO] 2025-12-30 03:49:37 UTC (2025-12-29 19:49:37 PT) - Starting nightly FINS data download
[INFO] 2025-12-30 03:49:37 UTC (2025-12-29 19:49:37 PT) - API key found
[INFO] 2025-12-30 03:49:37 UTC (2025-12-29 19:49:37 PT) - Current PT time: 2025-12-29 19:49:37
[INFO] 2025-12-30 03:49:37 UTC (2025-12-29 19:49:37 PT) - Requesting ALL historical trapping data through 12/30/2025 for NPT GRSME Program only
[INFO] 2025-12-30 03:50:08 UTC (2025-12-29 19:50:08 PT) - Downloaded 20642 rows of data
[INFO] 2025-12-30 03:50:08 UTC (2025-12-29 19:50:08 PT) - Columns: Finalize, Verify, Follow-Up, Trapped Date, Is Import, Facility, Trap, Trap Is Offsite, Trapping Session Name, Target Species, Target Run, Trapping Session Comments, Fish ID, Count, Species, Run, Sex, Origin, Origin Expression, Origin Description, Origin Start Date, Origin End Date, Origin Creator, Origin Creation Date, Living Status, Length, Age Designation, Age Calculated, Age Criteria Start Length, Age Criteria End Length, Age Criteria Start Date, Age Criteria End Date, Moved To Facility, Moved To, Moved To Location Type, Moved To Is Offsite, Offsite Owner Facility, Offsite Location Latitude, Offsite Location Longitude, Offsite Location Description, Disposition, Release Site, Release Site Latitude, Release Site Longitude, Purpose, Existing Marks, Existing Marks Quantity, Applied Marks, Applied Marks Quantity, Existing Tags, Applied Tags, Existing CWT, Existing CWT Value, Applied CWT, Applied CWT Value, Existing PIT, Applied PIT, Samples, Conditions, Recap, Injected, Weight, Notes, Group Notes, Import Custom
[INFO] 2025-12-30 03:50:08 UTC (2025-12-29 19:50:08 PT) - Successfully saved file: data/TrappingData.csv - Size: 11872751 bytes
[INFO] 2025-12-30 03:50:08 UTC (2025-12-29 19:50:08 PT) - Data summary:
[INFO] 2025-12-30 03:50:08 UTC (2025-12-29 19:50:08 PT) -   Date range: 10/10/2023 to 9/9/2025
[INFO] 2025-12-30 03:50:08 UTC (2025-12-29 19:50:08 PT) -   Total records: 20642
[INFO] 2025-12-30 03:50:08 UTC (2025-12-29 19:50:08 PT) - Download completed successfully
[INFO] 2025-12-31 03:48:54 UTC (2025-12-30 19:48:54 PT) - Starting nightly FINS data download
[INFO] 2025-12-31 03:48:55 UTC (2025-12-30 19:48:55 PT) - API key found
[INFO] 2025-12-31 03:48:55 UTC (2025-12-30 19:48:55 PT) - Current PT time: 2025-12-30 19:48:55
[INFO] 2025-12-31 03:48:55 UTC (2025-12-30 19:48:55 PT) - Requesting ALL historical trapping data through 12/31/2025 for NPT GRSME Program only
[INFO] 2025-12-31 03:49:27 UTC (2025-12-30 19:49:27 PT) - Downloaded 20642 rows of data
[INFO] 2025-12-31 03:49:27 UTC (2025-12-30 19:49:27 PT) - Columns: Finalize, Verify, Follow-Up, Trapped Date, Is Import, Facility, Trap, Trap Is Offsite, Trapping Session Name, Target Species, Target Run, Trapping Session Comments, Fish ID, Count, Species, Run, Sex, Origin, Origin Expression, Origin Description, Origin Start Date, Origin End Date, Origin Creator, Origin Creation Date, Living Status, Length, Age Designation, Age Calculated, Age Criteria Start Length, Age Criteria End Length, Age Criteria Start Date, Age Criteria End Date, Moved To Facility, Moved To, Moved To Location Type, Moved To Is Offsite, Offsite Owner Facility, Offsite Location Latitude, Offsite Location Longitude, Offsite Location Description, Disposition, Release Site, Release Site Latitude, Release Site Longitude, Purpose, Existing Marks, Existing Marks Quantity, Applied Marks, Applied Marks Quantity, Existing Tags, Applied Tags, Existing CWT, Existing CWT Value, Applied CWT, Applied CWT Value, Existing PIT, Applied PIT, Samples, Conditions, Recap, Injected, Weight, Notes, Group Notes, Import Custom
[INFO] 2025-12-31 03:49:27 UTC (2025-12-30 19:49:27 PT) - Successfully saved file: data/TrappingData.csv - Size: 11872751 bytes
[INFO] 2025-12-31 03:49:27 UTC (2025-12-30 19:49:27 PT) - Data summary:
[INFO] 2025-12-31 03:49:27 UTC (2025-12-30 19:49:27 PT) -   Date range: 10/10/2023 to 9/9/2025
[INFO] 2025-12-31 03:49:27 UTC (2025-12-30 19:49:27 PT) -   Total records: 20642
[INFO] 2025-12-31 03:49:27 UTC (2025-12-30 19:49:27 PT) - Download completed successfully
[INFO] 2026-01-01 04:00:53 UTC (2025-12-31 20:00:53 PT) - Starting nightly FINS data download
[INFO] 2026-01-01 04:00:53 UTC (2025-12-31 20:00:53 PT) - API key found
[INFO] 2026-01-01 04:00:53 UTC (2025-12-31 20:00:53 PT) - Current PT time: 2025-12-31 20:00:53
[INFO] 2026-01-01 04:00:53 UTC (2025-12-31 20:00:53 PT) - Requesting ALL historical trapping data through 01/01/2026 for NPT GRSME Program only
[INFO] 2026-01-01 04:01:27 UTC (2025-12-31 20:01:27 PT) - Downloaded 20642 rows of data
[INFO] 2026-01-01 04:01:27 UTC (2025-12-31 20:01:27 PT) - Columns: Finalize, Verify, Follow-Up, Trapped Date, Is Import, Facility, Trap, Trap Is Offsite, Trapping Session Name, Target Species, Target Run, Trapping Session Comments, Fish ID, Count, Species, Run, Sex, Origin, Origin Expression, Origin Description, Origin Start Date, Origin End Date, Origin Creator, Origin Creation Date, Living Status, Length, Age Designation, Age Calculated, Age Criteria Start Length, Age Criteria End Length, Age Criteria Start Date, Age Criteria End Date, Moved To Facility, Moved To, Moved To Location Type, Moved To Is Offsite, Offsite Owner Facility, Offsite Location Latitude, Offsite Location Longitude, Offsite Location Description, Disposition, Release Site, Release Site Latitude, Release Site Longitude, Purpose, Existing Marks, Existing Marks Quantity, Applied Marks, Applied Marks Quantity, Existing Tags, Applied Tags, Existing CWT, Existing CWT Value, Applied CWT, Applied CWT Value, Existing PIT, Applied PIT, Samples, Conditions, Recap, Injected, Weight, Notes, Group Notes, Import Custom
[INFO] 2026-01-01 04:01:28 UTC (2025-12-31 20:01:28 PT) - Successfully saved file: data/TrappingData.csv - Size: 11872751 bytes
[INFO] 2026-01-01 04:01:28 UTC (2025-12-31 20:01:28 PT) - Data summary:
[INFO] 2026-01-01 04:01:28 UTC (2025-12-31 20:01:28 PT) -   Date range: 10/10/2023 to 9/9/2025
[INFO] 2026-01-01 04:01:28 UTC (2025-12-31 20:01:28 PT) -   Total records: 20642
[INFO] 2026-01-01 04:01:28 UTC (2025-12-31 20:01:28 PT) - Download completed successfully
[INFO] 2026-01-02 03:52:10 UTC (2026-01-01 19:52:10 PT) - Starting nightly FINS data download
[INFO] 2026-01-02 03:52:10 UTC (2026-01-01 19:52:10 PT) - API key found
[INFO] 2026-01-02 03:52:10 UTC (2026-01-01 19:52:10 PT) - Current PT time: 2026-01-01 19:52:10
[INFO] 2026-01-02 03:52:10 UTC (2026-01-01 19:52:10 PT) - Requesting ALL historical trapping data through 01/02/2026 for NPT GRSME Program only
[INFO] 2026-01-02 03:52:44 UTC (2026-01-01 19:52:44 PT) - Downloaded 20642 rows of data
[INFO] 2026-01-02 03:52:44 UTC (2026-01-01 19:52:44 PT) - Columns: Finalize, Verify, Follow-Up, Trapped Date, Is Import, Facility, Trap, Trap Is Offsite, Trapping Session Name, Target Species, Target Run, Trapping Session Comments, Fish ID, Count, Species, Run, Sex, Origin, Origin Expression, Origin Description, Origin Start Date, Origin End Date, Origin Creator, Origin Creation Date, Living Status, Length, Age Designation, Age Calculated, Age Criteria Start Length, Age Criteria End Length, Age Criteria Start Date, Age Criteria End Date, Moved To Facility, Moved To, Moved To Location Type, Moved To Is Offsite, Offsite Owner Facility, Offsite Location Latitude, Offsite Location Longitude, Offsite Location Description, Disposition, Release Site, Release Site Latitude, Release Site Longitude, Purpose, Existing Marks, Existing Marks Quantity, Applied Marks, Applied Marks Quantity, Existing Tags, Applied Tags, Existing CWT, Existing CWT Value, Applied CWT, Applied CWT Value, Existing PIT, Applied PIT, Samples, Conditions, Recap, Injected, Weight, Notes, Group Notes, Import Custom
[INFO] 2026-01-02 03:52:44 UTC (2026-01-01 19:52:44 PT) - Successfully saved file: data/TrappingData.csv - Size: 11872751 bytes
[INFO] 2026-01-02 03:52:44 UTC (2026-01-01 19:52:44 PT) - Data summary:
[INFO] 2026-01-02 03:52:44 UTC (2026-01-01 19:52:44 PT) -   Date range: 10/10/2023 to 9/9/2025
[INFO] 2026-01-02 03:52:44 UTC (2026-01-01 19:52:44 PT) -   Total records: 20642
[INFO] 2026-01-02 03:52:44 UTC (2026-01-01 19:52:44 PT) - Download completed successfully
[INFO] 2026-01-03 03:44:30 UTC (2026-01-02 19:44:30 PT) - Starting nightly FINS data download
[INFO] 2026-01-03 03:44:30 UTC (2026-01-02 19:44:30 PT) - API key found
[INFO] 2026-01-03 03:44:30 UTC (2026-01-02 19:44:30 PT) - Current PT time: 2026-01-02 19:44:30
[INFO] 2026-01-03 03:44:30 UTC (2026-01-02 19:44:30 PT) - Requesting ALL historical trapping data through 01/03/2026 for NPT GRSME Program only
[INFO] 2026-01-03 03:45:00 UTC (2026-01-02 19:45:00 PT) - Downloaded 20642 rows of data
[INFO] 2026-01-03 03:45:00 UTC (2026-01-02 19:45:00 PT) - Columns: Finalize, Verify, Follow-Up, Trapped Date, Is Import, Facility, Trap, Trap Is Offsite, Trapping Session Name, Target Species, Target Run, Trapping Session Comments, Fish ID, Count, Species, Run, Sex, Origin, Origin Expression, Origin Description, Origin Start Date, Origin End Date, Origin Creator, Origin Creation Date, Living Status, Length, Age Designation, Age Calculated, Age Criteria Start Length, Age Criteria End Length, Age Criteria Start Date, Age Criteria End Date, Moved To Facility, Moved To, Moved To Location Type, Moved To Is Offsite, Offsite Owner Facility, Offsite Location Latitude, Offsite Location Longitude, Offsite Location Description, Disposition, Release Site, Release Site Latitude, Release Site Longitude, Purpose, Existing Marks, Existing Marks Quantity, Applied Marks, Applied Marks Quantity, Existing Tags, Applied Tags, Existing CWT, Existing CWT Value, Applied CWT, Applied CWT Value, Existing PIT, Applied PIT, Samples, Conditions, Recap, Injected, Weight, Notes, Group Notes, Import Custom
[INFO] 2026-01-03 03:45:00 UTC (2026-01-02 19:45:00 PT) - Successfully saved file: data/TrappingData.csv - Size: 11872751 bytes
[INFO] 2026-01-03 03:45:00 UTC (2026-01-02 19:45:00 PT) - Data summary:
[INFO] 2026-01-03 03:45:00 UTC (2026-01-02 19:45:00 PT) -   Date range: 10/10/2023 to 9/9/2025
[INFO] 2026-01-03 03:45:00 UTC (2026-01-02 19:45:00 PT) -   Total records: 20642
[INFO] 2026-01-03 03:45:00 UTC (2026-01-02 19:45:00 PT) - Download completed successfully
[INFO] 2026-01-04 04:02:34 UTC (2026-01-03 20:02:34 PT) - Starting nightly FINS data download
[INFO] 2026-01-04 04:02:34 UTC (2026-01-03 20:02:34 PT) - API key found
[INFO] 2026-01-04 04:02:34 UTC (2026-01-03 20:02:34 PT) - Current PT time: 2026-01-03 20:02:34
[INFO] 2026-01-04 04:02:34 UTC (2026-01-03 20:02:34 PT) - Requesting ALL historical trapping data through 01/04/2026 for NPT GRSME Program only
[INFO] 2026-01-04 04:03:07 UTC (2026-01-03 20:03:07 PT) - Downloaded 20642 rows of data
[INFO] 2026-01-04 04:03:07 UTC (2026-01-03 20:03:07 PT) - Columns: Finalize, Verify, Follow-Up, Trapped Date, Is Import, Facility, Trap, Trap Is Offsite, Trapping Session Name, Target Species, Target Run, Trapping Session Comments, Fish ID, Count, Species, Run, Sex, Origin, Origin Expression, Origin Description, Origin Start Date, Origin End Date, Origin Creator, Origin Creation Date, Living Status, Length, Age Designation, Age Calculated, Age Criteria Start Length, Age Criteria End Length, Age Criteria Start Date, Age Criteria End Date, Moved To Facility, Moved To, Moved To Location Type, Moved To Is Offsite, Offsite Owner Facility, Offsite Location Latitude, Offsite Location Longitude, Offsite Location Description, Disposition, Release Site, Release Site Latitude, Release Site Longitude, Purpose, Existing Marks, Existing Marks Quantity, Applied Marks, Applied Marks Quantity, Existing Tags, Applied Tags, Existing CWT, Existing CWT Value, Applied CWT, Applied CWT Value, Existing PIT, Applied PIT, Samples, Conditions, Recap, Injected, Weight, Notes, Group Notes, Import Custom
[INFO] 2026-01-04 04:03:07 UTC (2026-01-03 20:03:07 PT) - Successfully saved file: data/TrappingData.csv - Size: 11872751 bytes
[INFO] 2026-01-04 04:03:07 UTC (2026-01-03 20:03:07 PT) - Data summary:
[INFO] 2026-01-04 04:03:07 UTC (2026-01-03 20:03:07 PT) -   Date range: 10/10/2023 to 9/9/2025
[INFO] 2026-01-04 04:03:07 UTC (2026-01-03 20:03:07 PT) -   Total records: 20642
[INFO] 2026-01-04 04:03:07 UTC (2026-01-03 20:03:07 PT) - Download completed successfully
[INFO] 2026-01-05 04:07:35 UTC (2026-01-04 20:07:35 PT) - Starting nightly FINS data download
[INFO] 2026-01-05 04:07:35 UTC (2026-01-04 20:07:35 PT) - API key found
[INFO] 2026-01-05 04:07:35 UTC (2026-01-04 20:07:35 PT) - Current PT time: 2026-01-04 20:07:35
[INFO] 2026-01-05 04:07:35 UTC (2026-01-04 20:07:35 PT) - Requesting ALL historical trapping data through 01/05/2026 for NPT GRSME Program only
[INFO] 2026-01-05 04:08:12 UTC (2026-01-04 20:08:12 PT) - Downloaded 20642 rows of data
[INFO] 2026-01-05 04:08:12 UTC (2026-01-04 20:08:12 PT) - Columns: Finalize, Verify, Follow-Up, Trapped Date, Is Import, Facility, Trap, Trap Is Offsite, Trapping Session Name, Target Species, Target Run, Trapping Session Comments, Fish ID, Count, Species, Run, Sex, Origin, Origin Expression, Origin Description, Origin Start Date, Origin End Date, Origin Creator, Origin Creation Date, Living Status, Length, Age Designation, Age Calculated, Age Criteria Start Length, Age Criteria End Length, Age Criteria Start Date, Age Criteria End Date, Moved To Facility, Moved To, Moved To Location Type, Moved To Is Offsite, Offsite Owner Facility, Offsite Location Latitude, Offsite Location Longitude, Offsite Location Description, Disposition, Release Site, Release Site Latitude, Release Site Longitude, Purpose, Existing Marks, Existing Marks Quantity, Applied Marks, Applied Marks Quantity, Existing Tags, Applied Tags, Existing CWT, Existing CWT Value, Applied CWT, Applied CWT Value, Existing PIT, Applied PIT, Samples, Conditions, Recap, Injected, Weight, Notes, Group Notes, Import Custom
[INFO] 2026-01-05 04:08:12 UTC (2026-01-04 20:08:12 PT) - Successfully saved file: data/TrappingData.csv - Size: 11872751 bytes
[INFO] 2026-01-05 04:08:12 UTC (2026-01-04 20:08:12 PT) - Data summary:
[INFO] 2026-01-05 04:08:12 UTC (2026-01-04 20:08:12 PT) -   Date range: 10/10/2023 to 9/9/2025
[INFO] 2026-01-05 04:08:12 UTC (2026-01-04 20:08:12 PT) -   Total records: 20642
[INFO] 2026-01-05 04:08:12 UTC (2026-01-04 20:08:12 PT) - Download completed successfully
[INFO] 2026-01-06 03:50:23 UTC (2026-01-05 19:50:23 PT) - Starting nightly FINS data download
[INFO] 2026-01-06 03:50:23 UTC (2026-01-05 19:50:23 PT) - API key found
[INFO] 2026-01-06 03:50:23 UTC (2026-01-05 19:50:23 PT) - Current PT time: 2026-01-05 19:50:23
[INFO] 2026-01-06 03:50:23 UTC (2026-01-05 19:50:23 PT) - Requesting ALL historical trapping data through 01/06/2026 for NPT GRSME Program only
[INFO] 2026-01-06 03:51:01 UTC (2026-01-05 19:51:01 PT) - Downloaded 20642 rows of data
[INFO] 2026-01-06 03:51:01 UTC (2026-01-05 19:51:01 PT) - Columns: Finalize, Verify, Follow-Up, Trapped Date, Is Import, Facility, Trap, Trap Is Offsite, Trapping Session Name, Target Species, Target Run, Trapping Session Comments, Fish ID, Count, Species, Run, Sex, Origin, Origin Expression, Origin Description, Origin Start Date, Origin End Date, Origin Creator, Origin Creation Date, Living Status, Length, Age Designation, Age Calculated, Age Criteria Start Length, Age Criteria End Length, Age Criteria Start Date, Age Criteria End Date, Moved To Facility, Moved To, Moved To Location Type, Moved To Is Offsite, Offsite Owner Facility, Offsite Location Latitude, Offsite Location Longitude, Offsite Location Description, Disposition, Release Site, Release Site Latitude, Release Site Longitude, Purpose, Existing Marks, Existing Marks Quantity, Applied Marks, Applied Marks Quantity, Existing Tags, Applied Tags, Existing CWT, Existing CWT Value, Applied CWT, Applied CWT Value, Existing PIT, Applied PIT, Samples, Conditions, Recap, Injected, Weight, Notes, Group Notes, Import Custom
[INFO] 2026-01-06 03:51:01 UTC (2026-01-05 19:51:01 PT) - Successfully saved file: data/TrappingData.csv - Size: 11872751 bytes
[INFO] 2026-01-06 03:51:01 UTC (2026-01-05 19:51:01 PT) - Data summary:
[INFO] 2026-01-06 03:51:01 UTC (2026-01-05 19:51:01 PT) -   Date range: 10/10/2023 to 9/9/2025
[INFO] 2026-01-06 03:51:01 UTC (2026-01-05 19:51:01 PT) -   Total records: 20642
[INFO] 2026-01-06 03:51:01 UTC (2026-01-05 19:51:01 PT) - Download completed successfully
[INFO] 2026-01-07 03:50:50 UTC (2026-01-06 19:50:50 PT) - Starting nightly FINS data download
[INFO] 2026-01-07 03:50:50 UTC (2026-01-06 19:50:50 PT) - API key found
[INFO] 2026-01-07 03:50:50 UTC (2026-01-06 19:50:50 PT) - Current PT time: 2026-01-06 19:50:50
[INFO] 2026-01-07 03:50:50 UTC (2026-01-06 19:50:50 PT) - Requesting ALL historical trapping data through 01/07/2026 for NPT GRSME Program only
[INFO] 2026-01-07 03:51:27 UTC (2026-01-06 19:51:27 PT) - Downloaded 20642 rows of data
[INFO] 2026-01-07 03:51:27 UTC (2026-01-06 19:51:27 PT) - Columns: Finalize, Verify, Follow-Up, Trapped Date, Is Import, Facility, Trap, Trap Is Offsite, Trapping Session Name, Target Species, Target Run, Trapping Session Comments, Fish ID, Count, Species, Run, Sex, Origin, Origin Expression, Origin Description, Origin Start Date, Origin End Date, Origin Creator, Origin Creation Date, Living Status, Length, Age Designation, Age Calculated, Age Criteria Start Length, Age Criteria End Length, Age Criteria Start Date, Age Criteria End Date, Moved To Facility, Moved To, Moved To Location Type, Moved To Is Offsite, Offsite Owner Facility, Offsite Location Latitude, Offsite Location Longitude, Offsite Location Description, Disposition, Release Site, Release Site Latitude, Release Site Longitude, Purpose, Existing Marks, Existing Marks Quantity, Applied Marks, Applied Marks Quantity, Existing Tags, Applied Tags, Existing CWT, Existing CWT Value, Applied CWT, Applied CWT Value, Existing PIT, Applied PIT, Samples, Conditions, Recap, Injected, Weight, Notes, Group Notes, Import Custom
[INFO] 2026-01-07 03:51:27 UTC (2026-01-06 19:51:27 PT) - Successfully saved file: data/TrappingData.csv - Size: 11872751 bytes
[INFO] 2026-01-07 03:51:27 UTC (2026-01-06 19:51:27 PT) - Data summary:
[INFO] 2026-01-07 03:51:27 UTC (2026-01-06 19:51:27 PT) -   Date range: 10/10/2023 to 9/9/2025
[INFO] 2026-01-07 03:51:27 UTC (2026-01-06 19:51:27 PT) -   Total records: 20642
[INFO] 2026-01-07 03:51:27 UTC (2026-01-06 19:51:27 PT) - Download completed successfully
[INFO] 2026-01-08 03:51:12 UTC (2026-01-07 19:51:12 PT) - Starting nightly FINS data download
[INFO] 2026-01-08 03:51:12 UTC (2026-01-07 19:51:12 PT) - API key found
[INFO] 2026-01-08 03:51:12 UTC (2026-01-07 19:51:12 PT) - Current PT time: 2026-01-07 19:51:12
[INFO] 2026-01-08 03:51:12 UTC (2026-01-07 19:51:12 PT) - Requesting ALL historical trapping data through 01/08/2026 for NPT GRSME Program only
[INFO] 2026-01-08 03:51:45 UTC (2026-01-07 19:51:45 PT) - Downloaded 20642 rows of data
[INFO] 2026-01-08 03:51:45 UTC (2026-01-07 19:51:45 PT) - Columns: Finalize, Verify, Follow-Up, Trapped Date, Is Import, Facility, Trap, Trap Is Offsite, Trapping Session Name, Target Species, Target Run, Trapping Session Comments, Fish ID, Count, Species, Run, Sex, Origin, Origin Expression, Origin Description, Origin Start Date, Origin End Date, Origin Creator, Origin Creation Date, Living Status, Length, Age Designation, Age Calculated, Age Criteria Start Length, Age Criteria End Length, Age Criteria Start Date, Age Criteria End Date, Moved To Facility, Moved To, Moved To Location Type, Moved To Is Offsite, Offsite Owner Facility, Offsite Location Latitude, Offsite Location Longitude, Offsite Location Description, Disposition, Release Site, Release Site Latitude, Release Site Longitude, Purpose, Existing Marks, Existing Marks Quantity, Applied Marks, Applied Marks Quantity, Existing Tags, Applied Tags, Existing CWT, Existing CWT Value, Applied CWT, Applied CWT Value, Existing PIT, Applied PIT, Samples, Conditions, Recap, Injected, Weight, Notes, Group Notes, Import Custom
[INFO] 2026-01-08 03:51:45 UTC (2026-01-07 19:51:45 PT) - Successfully saved file: data/TrappingData.csv - Size: 11872751 bytes
[INFO] 2026-01-08 03:51:45 UTC (2026-01-07 19:51:45 PT) - Data summary:
[INFO] 2026-01-08 03:51:45 UTC (2026-01-07 19:51:45 PT) -   Date range: 10/10/2023 to 9/9/2025
[INFO] 2026-01-08 03:51:45 UTC (2026-01-07 19:51:45 PT) -   Total records: 20642
[INFO] 2026-01-08 03:51:45 UTC (2026-01-07 19:51:45 PT) - Download completed successfully
[INFO] 2026-01-09 03:51:47 UTC (2026-01-08 19:51:47 PT) - Starting nightly FINS data download
[INFO] 2026-01-09 03:51:47 UTC (2026-01-08 19:51:47 PT) - API key found
[INFO] 2026-01-09 03:51:47 UTC (2026-01-08 19:51:47 PT) - Current PT time: 2026-01-08 19:51:47
[INFO] 2026-01-09 03:51:47 UTC (2026-01-08 19:51:47 PT) - Requesting ALL historical trapping data through 01/09/2026 for NPT GRSME Program only
[INFO] 2026-01-09 03:52:19 UTC (2026-01-08 19:52:19 PT) - Downloaded 20642 rows of data
[INFO] 2026-01-09 03:52:19 UTC (2026-01-08 19:52:19 PT) - Columns: Finalize, Verify, Follow-Up, Trapped Date, Is Import, Facility, Trap, Trap Is Offsite, Trapping Session Name, Target Species, Target Run, Trapping Session Comments, Fish ID, Count, Species, Run, Sex, Origin, Origin Expression, Origin Description, Origin Start Date, Origin End Date, Origin Creator, Origin Creation Date, Living Status, Length, Age Designation, Age Calculated, Age Criteria Start Length, Age Criteria End Length, Age Criteria Start Date, Age Criteria End Date, Moved To Facility, Moved To, Moved To Location Type, Moved To Is Offsite, Offsite Owner Facility, Offsite Location Latitude, Offsite Location Longitude, Offsite Location Description, Disposition, Release Site, Release Site Latitude, Release Site Longitude, Purpose, Existing Marks, Existing Marks Quantity, Applied Marks, Applied Marks Quantity, Existing Tags, Applied Tags, Existing CWT, Existing CWT Value, Applied CWT, Applied CWT Value, Existing PIT, Applied PIT, Samples, Conditions, Recap, Injected, Weight, Notes, Group Notes, Import Custom
[INFO] 2026-01-09 03:52:19 UTC (2026-01-08 19:52:19 PT) - Successfully saved file: data/TrappingData.csv - Size: 11872751 bytes
[INFO] 2026-01-09 03:52:19 UTC (2026-01-08 19:52:19 PT) - Data summary:
[INFO] 2026-01-09 03:52:19 UTC (2026-01-08 19:52:19 PT) -   Date range: 10/10/2023 to 9/9/2025
[INFO] 2026-01-09 03:52:19 UTC (2026-01-08 19:52:19 PT) -   Total records: 20642
[INFO] 2026-01-09 03:52:19 UTC (2026-01-08 19:52:19 PT) - Download completed successfully
[INFO] 2026-01-10 03:46:01 UTC (2026-01-09 19:46:01 PT) - Starting nightly FINS data download
[INFO] 2026-01-10 03:46:01 UTC (2026-01-09 19:46:01 PT) - API key found
[INFO] 2026-01-10 03:46:01 UTC (2026-01-09 19:46:01 PT) - Current PT time: 2026-01-09 19:46:01
[INFO] 2026-01-10 03:46:01 UTC (2026-01-09 19:46:01 PT) - Requesting ALL historical trapping data through 01/10/2026 for NPT GRSME Program only
[INFO] 2026-01-10 03:46:34 UTC (2026-01-09 19:46:34 PT) - Downloaded 20642 rows of data
[INFO] 2026-01-10 03:46:34 UTC (2026-01-09 19:46:34 PT) - Columns: Finalize, Verify, Follow-Up, Trapped Date, Is Import, Facility, Trap, Trap Is Offsite, Trapping Session Name, Target Species, Target Run, Trapping Session Comments, Fish ID, Count, Species, Run, Sex, Origin, Origin Expression, Origin Description, Origin Start Date, Origin End Date, Origin Creator, Origin Creation Date, Living Status, Length, Age Designation, Age Calculated, Age Criteria Start Length, Age Criteria End Length, Age Criteria Start Date, Age Criteria End Date, Moved To Facility, Moved To, Moved To Location Type, Moved To Is Offsite, Offsite Owner Facility, Offsite Location Latitude, Offsite Location Longitude, Offsite Location Description, Disposition, Release Site, Release Site Latitude, Release Site Longitude, Purpose, Existing Marks, Existing Marks Quantity, Applied Marks, Applied Marks Quantity, Existing Tags, Applied Tags, Existing CWT, Existing CWT Value, Applied CWT, Applied CWT Value, Existing PIT, Applied PIT, Samples, Conditions, Recap, Injected, Weight, Notes, Group Notes, Import Custom
[INFO] 2026-01-10 03:46:34 UTC (2026-01-09 19:46:34 PT) - Successfully saved file: data/TrappingData.csv - Size: 11872751 bytes
[INFO] 2026-01-10 03:46:34 UTC (2026-01-09 19:46:34 PT) - Data summary:
[INFO] 2026-01-10 03:46:34 UTC (2026-01-09 19:46:34 PT) -   Date range: 10/10/2023 to 9/9/2025
[INFO] 2026-01-10 03:46:34 UTC (2026-01-09 19:46:34 PT) -   Total records: 20642
[INFO] 2026-01-10 03:46:34 UTC (2026-01-09 19:46:34 PT) - Download completed successfully
[INFO] 2026-01-11 04:00:58 UTC (2026-01-10 20:00:58 PT) - Starting nightly FINS data download
[INFO] 2026-01-11 04:00:58 UTC (2026-01-10 20:00:58 PT) - API key found
[INFO] 2026-01-11 04:00:58 UTC (2026-01-10 20:00:58 PT) - Current PT time: 2026-01-10 20:00:58
[INFO] 2026-01-11 04:00:58 UTC (2026-01-10 20:00:58 PT) - Requesting ALL historical trapping data through 01/11/2026 for NPT GRSME Program only
[INFO] 2026-01-11 04:01:33 UTC (2026-01-10 20:01:33 PT) - Downloaded 20642 rows of data
[INFO] 2026-01-11 04:01:33 UTC (2026-01-10 20:01:33 PT) - Columns: Finalize, Verify, Follow-Up, Trapped Date, Is Import, Facility, Trap, Trap Is Offsite, Trapping Session Name, Target Species, Target Run, Trapping Session Comments, Fish ID, Count, Species, Run, Sex, Origin, Origin Expression, Origin Description, Origin Start Date, Origin End Date, Origin Creator, Origin Creation Date, Living Status, Length, Age Designation, Age Calculated, Age Criteria Start Length, Age Criteria End Length, Age Criteria Start Date, Age Criteria End Date, Moved To Facility, Moved To, Moved To Location Type, Moved To Is Offsite, Offsite Owner Facility, Offsite Location Latitude, Offsite Location Longitude, Offsite Location Description, Disposition, Release Site, Release Site Latitude, Release Site Longitude, Purpose, Existing Marks, Existing Marks Quantity, Applied Marks, Applied Marks Quantity, Existing Tags, Applied Tags, Existing CWT, Existing CWT Value, Applied CWT, Applied CWT Value, Existing PIT, Applied PIT, Samples, Conditions, Recap, Injected, Weight, Notes, Group Notes, Import Custom
[INFO] 2026-01-11 04:01:33 UTC (2026-01-10 20:01:33 PT) - Successfully saved file: data/TrappingData.csv - Size: 11872751 bytes
[INFO] 2026-01-11 04:01:33 UTC (2026-01-10 20:01:33 PT) - Data summary:
[INFO] 2026-01-11 04:01:33 UTC (2026-01-10 20:01:33 PT) -   Date range: 10/10/2023 to 9/9/2025
[INFO] 2026-01-11 04:01:33 UTC (2026-01-10 20:01:33 PT) -   Total records: 20642
[INFO] 2026-01-11 04:01:33 UTC (2026-01-10 20:01:33 PT) - Download completed successfully
[INFO] 2026-01-12 04:01:28 UTC (2026-01-11 20:01:28 PT) - Starting nightly FINS data download
[INFO] 2026-01-12 04:01:28 UTC (2026-01-11 20:01:28 PT) - API key found
[INFO] 2026-01-12 04:01:28 UTC (2026-01-11 20:01:28 PT) - Current PT time: 2026-01-11 20:01:28
[INFO] 2026-01-12 04:01:28 UTC (2026-01-11 20:01:28 PT) - Requesting ALL historical trapping data through 01/12/2026 for NPT GRSME Program only
[INFO] 2026-01-12 04:02:01 UTC (2026-01-11 20:02:01 PT) - Downloaded 20642 rows of data
[INFO] 2026-01-12 04:02:01 UTC (2026-01-11 20:02:01 PT) - Columns: Finalize, Verify, Follow-Up, Trapped Date, Is Import, Facility, Trap, Trap Is Offsite, Trapping Session Name, Target Species, Target Run, Trapping Session Comments, Fish ID, Count, Species, Run, Sex, Origin, Origin Expression, Origin Description, Origin Start Date, Origin End Date, Origin Creator, Origin Creation Date, Living Status, Length, Age Designation, Age Calculated, Age Criteria Start Length, Age Criteria End Length, Age Criteria Start Date, Age Criteria End Date, Moved To Facility, Moved To, Moved To Location Type, Moved To Is Offsite, Offsite Owner Facility, Offsite Location Latitude, Offsite Location Longitude, Offsite Location Description, Disposition, Release Site, Release Site Latitude, Release Site Longitude, Purpose, Existing Marks, Existing Marks Quantity, Applied Marks, Applied Marks Quantity, Existing Tags, Applied Tags, Existing CWT, Existing CWT Value, Applied CWT, Applied CWT Value, Existing PIT, Applied PIT, Samples, Conditions, Recap, Injected, Weight, Notes, Group Notes, Import Custom
[INFO] 2026-01-12 04:02:01 UTC (2026-01-11 20:02:01 PT) - Successfully saved file: data/TrappingData.csv - Size: 11872751 bytes
[INFO] 2026-01-12 04:02:01 UTC (2026-01-11 20:02:01 PT) - Data summary:
[INFO] 2026-01-12 04:02:01 UTC (2026-01-11 20:02:01 PT) -   Date range: 10/10/2023 to 9/9/2025
[INFO] 2026-01-12 04:02:01 UTC (2026-01-11 20:02:01 PT) -   Total records: 20642
[INFO] 2026-01-12 04:02:01 UTC (2026-01-11 20:02:01 PT) - Download completed successfully
[INFO] 2026-01-13 03:52:16 UTC (2026-01-12 19:52:16 PT) - Starting nightly FINS data download
[INFO] 2026-01-13 03:52:16 UTC (2026-01-12 19:52:16 PT) - API key found
[INFO] 2026-01-13 03:52:16 UTC (2026-01-12 19:52:16 PT) - Current PT time: 2026-01-12 19:52:16
[INFO] 2026-01-13 03:52:16 UTC (2026-01-12 19:52:16 PT) - Requesting ALL historical trapping data through 01/13/2026 for NPT GRSME Program only
[INFO] 2026-01-13 03:52:49 UTC (2026-01-12 19:52:49 PT) - Downloaded 20642 rows of data
[INFO] 2026-01-13 03:52:49 UTC (2026-01-12 19:52:49 PT) - Columns: Finalize, Verify, Follow-Up, Trapped Date, Is Import, Facility, Trap, Trap Is Offsite, Trapping Session Name, Target Species, Target Run, Trapping Session Comments, Fish ID, Count, Species, Run, Sex, Origin, Origin Expression, Origin Description, Origin Start Date, Origin End Date, Origin Creator, Origin Creation Date, Living Status, Length, Age Designation, Age Calculated, Age Criteria Start Length, Age Criteria End Length, Age Criteria Start Date, Age Criteria End Date, Moved To Facility, Moved To, Moved To Location Type, Moved To Is Offsite, Offsite Owner Facility, Offsite Location Latitude, Offsite Location Longitude, Offsite Location Description, Disposition, Release Site, Release Site Latitude, Release Site Longitude, Purpose, Existing Marks, Existing Marks Quantity, Applied Marks, Applied Marks Quantity, Existing Tags, Applied Tags, Existing CWT, Existing CWT Value, Applied CWT, Applied CWT Value, Existing PIT, Applied PIT, Samples, Conditions, Recap, Injected, Weight, Notes, Group Notes, Import Custom
[INFO] 2026-01-13 03:52:49 UTC (2026-01-12 19:52:49 PT) - Successfully saved file: data/TrappingData.csv - Size: 11872751 bytes
[INFO] 2026-01-13 03:52:49 UTC (2026-01-12 19:52:49 PT) - Data summary:
[INFO] 2026-01-13 03:52:49 UTC (2026-01-12 19:52:49 PT) -   Date range: 10/10/2023 to 9/9/2025
[INFO] 2026-01-13 03:52:49 UTC (2026-01-12 19:52:49 PT) -   Total records: 20642
[INFO] 2026-01-13 03:52:49 UTC (2026-01-12 19:52:49 PT) - Download completed successfully
[INFO] 2026-01-14 03:58:45 UTC (2026-01-13 19:58:45 PT) - Starting nightly FINS data download
[INFO] 2026-01-14 03:58:45 UTC (2026-01-13 19:58:45 PT) - API key found
[INFO] 2026-01-14 03:58:45 UTC (2026-01-13 19:58:45 PT) - Current PT time: 2026-01-13 19:58:45
[INFO] 2026-01-14 03:58:45 UTC (2026-01-13 19:58:45 PT) - Requesting ALL historical trapping data through 01/14/2026 for NPT GRSME Program only
[INFO] 2026-01-14 03:59:20 UTC (2026-01-13 19:59:20 PT) - Downloaded 20642 rows of data
[INFO] 2026-01-14 03:59:20 UTC (2026-01-13 19:59:20 PT) - Columns: Finalize, Verify, Follow-Up, Trapped Date, Is Import, Facility, Trap, Trap Is Offsite, Trapping Session Name, Target Species, Target Run, Trapping Session Comments, Fish ID, Count, Species, Run, Sex, Origin, Origin Expression, Origin Description, Origin Start Date, Origin End Date, Origin Creator, Origin Creation Date, Living Status, Length, Age Designation, Age Calculated, Age Criteria Start Length, Age Criteria End Length, Age Criteria Start Date, Age Criteria End Date, Moved To Facility, Moved To, Moved To Location Type, Moved To Is Offsite, Offsite Owner Facility, Offsite Location Latitude, Offsite Location Longitude, Offsite Location Description, Disposition, Release Site, Release Site Latitude, Release Site Longitude, Purpose, Existing Marks, Existing Marks Quantity, Applied Marks, Applied Marks Quantity, Existing Tags, Applied Tags, Existing CWT, Existing CWT Value, Applied CWT, Applied CWT Value, Existing PIT, Applied PIT, Samples, Conditions, Recap, Injected, Weight, Notes, Group Notes, Import Custom
[INFO] 2026-01-14 03:59:20 UTC (2026-01-13 19:59:20 PT) - Successfully saved file: data/TrappingData.csv - Size: 11872751 bytes
[INFO] 2026-01-14 03:59:20 UTC (2026-01-13 19:59:20 PT) - Data summary:
[INFO] 2026-01-14 03:59:20 UTC (2026-01-13 19:59:20 PT) -   Date range: 10/10/2023 to 9/9/2025
[INFO] 2026-01-14 03:59:20 UTC (2026-01-13 19:59:20 PT) -   Total records: 20642
[INFO] 2026-01-14 03:59:20 UTC (2026-01-13 19:59:20 PT) - Download completed successfully
[INFO] 2026-01-15 03:53:20 UTC (2026-01-14 19:53:20 PT) - Starting nightly FINS data download
[INFO] 2026-01-15 03:53:20 UTC (2026-01-14 19:53:20 PT) - API key found
[INFO] 2026-01-15 03:53:20 UTC (2026-01-14 19:53:20 PT) - Current PT time: 2026-01-14 19:53:20
[INFO] 2026-01-15 03:53:20 UTC (2026-01-14 19:53:20 PT) - Requesting ALL historical trapping data through 01/15/2026 for NPT GRSME Program only
[INFO] 2026-01-15 03:53:55 UTC (2026-01-14 19:53:55 PT) - Downloaded 20647 rows of data
[INFO] 2026-01-15 03:53:55 UTC (2026-01-14 19:53:55 PT) - Columns: Finalize, Verify, Follow-Up, Trapped Date, Is Import, Facility, Trap, Trap Is Offsite, Trapping Session Name, Target Species, Target Run, Trapping Session Comments, Fish ID, Count, Species, Run, Sex, Origin, Origin Expression, Origin Description, Origin Start Date, Origin End Date, Origin Creator, Origin Creation Date, Living Status, Length, Age Designation, Age Calculated, Age Criteria Start Length, Age Criteria End Length, Age Criteria Start Date, Age Criteria End Date, Moved To Facility, Moved To, Moved To Location Type, Moved To Is Offsite, Offsite Owner Facility, Offsite Location Latitude, Offsite Location Longitude, Offsite Location Description, Disposition, Release Site, Release Site Latitude, Release Site Longitude, Purpose, Existing Marks, Existing Marks Quantity, Applied Marks, Applied Marks Quantity, Existing Tags, Applied Tags, Existing CWT, Existing CWT Value, Applied CWT, Applied CWT Value, Existing PIT, Applied PIT, Samples, Conditions, Recap, Injected, Weight, Notes, Group Notes, Import Custom
[INFO] 2026-01-15 03:53:55 UTC (2026-01-14 19:53:55 PT) - Successfully saved file: data/TrappingData.csv - Size: 11875747 bytes
[INFO] 2026-01-15 03:53:55 UTC (2026-01-14 19:53:55 PT) - Data summary:
[INFO] 2026-01-15 03:53:55 UTC (2026-01-14 19:53:55 PT) -   Date range: 10/10/2023 to 9/9/2025
[INFO] 2026-01-15 03:53:55 UTC (2026-01-14 19:53:55 PT) -   Total records: 20647
[INFO] 2026-01-15 03:53:55 UTC (2026-01-14 19:53:55 PT) - Download completed successfully
[INFO] 2026-01-16 03:51:04 UTC (2026-01-15 19:51:04 PT) - Starting nightly FINS data download
[INFO] 2026-01-16 03:51:04 UTC (2026-01-15 19:51:04 PT) - API key found
[INFO] 2026-01-16 03:51:04 UTC (2026-01-15 19:51:04 PT) - Current PT time: 2026-01-15 19:51:04
[INFO] 2026-01-16 03:51:04 UTC (2026-01-15 19:51:04 PT) - Requesting ALL historical trapping data through 01/16/2026 for NPT GRSME Program only
[INFO] 2026-01-16 03:51:39 UTC (2026-01-15 19:51:39 PT) - Downloaded 20647 rows of data
[INFO] 2026-01-16 03:51:39 UTC (2026-01-15 19:51:39 PT) - Columns: Finalize, Verify, Follow-Up, Trapped Date, Is Import, Facility, Trap, Trap Is Offsite, Trapping Session Name, Target Species, Target Run, Trapping Session Comments, Fish ID, Count, Species, Run, Sex, Origin, Origin Expression, Origin Description, Origin Start Date, Origin End Date, Origin Creator, Origin Creation Date, Living Status, Length, Age Designation, Age Calculated, Age Criteria Start Length, Age Criteria End Length, Age Criteria Start Date, Age Criteria End Date, Moved To Facility, Moved To, Moved To Location Type, Moved To Is Offsite, Offsite Owner Facility, Offsite Location Latitude, Offsite Location Longitude, Offsite Location Description, Disposition, Release Site, Release Site Latitude, Release Site Longitude, Purpose, Existing Marks, Existing Marks Quantity, Applied Marks, Applied Marks Quantity, Existing Tags, Applied Tags, Existing CWT, Existing CWT Value, Applied CWT, Applied CWT Value, Existing PIT, Applied PIT, Samples, Conditions, Recap, Injected, Weight, Notes, Group Notes, Import Custom
[INFO] 2026-01-16 03:51:39 UTC (2026-01-15 19:51:39 PT) - Successfully saved file: data/TrappingData.csv - Size: 11875747 bytes
[INFO] 2026-01-16 03:51:39 UTC (2026-01-15 19:51:39 PT) - Data summary:
[INFO] 2026-01-16 03:51:39 UTC (2026-01-15 19:51:39 PT) -   Date range: 10/10/2023 to 9/9/2025
[INFO] 2026-01-16 03:51:39 UTC (2026-01-15 19:51:39 PT) -   Total records: 20647
[INFO] 2026-01-16 03:51:39 UTC (2026-01-15 19:51:39 PT) - Download completed successfully
[INFO] 2026-01-17 03:44:15 UTC (2026-01-16 19:44:15 PT) - Starting nightly FINS data download
[INFO] 2026-01-17 03:44:15 UTC (2026-01-16 19:44:15 PT) - API key found
[INFO] 2026-01-17 03:44:15 UTC (2026-01-16 19:44:15 PT) - Current PT time: 2026-01-16 19:44:15
[INFO] 2026-01-17 03:44:15 UTC (2026-01-16 19:44:15 PT) - Requesting ALL historical trapping data through 01/17/2026 for NPT GRSME Program only
[INFO] 2026-01-17 03:44:52 UTC (2026-01-16 19:44:52 PT) - Downloaded 20647 rows of data
[INFO] 2026-01-17 03:44:52 UTC (2026-01-16 19:44:52 PT) - Columns: Finalize, Verify, Follow-Up, Trapped Date, Is Import, Facility, Trap, Trap Is Offsite, Trapping Session Name, Target Species, Target Run, Trapping Session Comments, Fish ID, Count, Species, Run, Sex, Origin, Origin Expression, Origin Description, Origin Start Date, Origin End Date, Origin Creator, Origin Creation Date, Living Status, Length, Age Designation, Age Calculated, Age Criteria Start Length, Age Criteria End Length, Age Criteria Start Date, Age Criteria End Date, Moved To Facility, Moved To, Moved To Location Type, Moved To Is Offsite, Offsite Owner Facility, Offsite Location Latitude, Offsite Location Longitude, Offsite Location Description, Disposition, Release Site, Release Site Latitude, Release Site Longitude, Purpose, Existing Marks, Existing Marks Quantity, Applied Marks, Applied Marks Quantity, Existing Tags, Applied Tags, Existing CWT, Existing CWT Value, Applied CWT, Applied CWT Value, Existing PIT, Applied PIT, Samples, Conditions, Recap, Injected, Weight, Notes, Group Notes, Import Custom
[INFO] 2026-01-17 03:44:52 UTC (2026-01-16 19:44:52 PT) - Successfully saved file: data/TrappingData.csv - Size: 11875747 bytes
[INFO] 2026-01-17 03:44:52 UTC (2026-01-16 19:44:52 PT) - Data summary:
[INFO] 2026-01-17 03:44:52 UTC (2026-01-16 19:44:52 PT) -   Date range: 10/10/2023 to 9/9/2025
[INFO] 2026-01-17 03:44:52 UTC (2026-01-16 19:44:52 PT) -   Total records: 20647
[INFO] 2026-01-17 03:44:52 UTC (2026-01-16 19:44:52 PT) - Download completed successfully
[INFO] 2026-01-18 03:56:42 UTC (2026-01-17 19:56:42 PT) - Starting nightly FINS data download
[INFO] 2026-01-18 03:56:42 UTC (2026-01-17 19:56:42 PT) - API key found
[INFO] 2026-01-18 03:56:42 UTC (2026-01-17 19:56:42 PT) - Current PT time: 2026-01-17 19:56:42
[INFO] 2026-01-18 03:56:42 UTC (2026-01-17 19:56:42 PT) - Requesting ALL historical trapping data through 01/18/2026 for NPT GRSME Program only
[INFO] 2026-01-18 03:57:14 UTC (2026-01-17 19:57:14 PT) - Downloaded 20647 rows of data
[INFO] 2026-01-18 03:57:14 UTC (2026-01-17 19:57:14 PT) - Columns: Finalize, Verify, Follow-Up, Trapped Date, Is Import, Facility, Trap, Trap Is Offsite, Trapping Session Name, Target Species, Target Run, Trapping Session Comments, Fish ID, Count, Species, Run, Sex, Origin, Origin Expression, Origin Description, Origin Start Date, Origin End Date, Origin Creator, Origin Creation Date, Living Status, Length, Age Designation, Age Calculated, Age Criteria Start Length, Age Criteria End Length, Age Criteria Start Date, Age Criteria End Date, Moved To Facility, Moved To, Moved To Location Type, Moved To Is Offsite, Offsite Owner Facility, Offsite Location Latitude, Offsite Location Longitude, Offsite Location Description, Disposition, Release Site, Release Site Latitude, Release Site Longitude, Purpose, Existing Marks, Existing Marks Quantity, Applied Marks, Applied Marks Quantity, Existing Tags, Applied Tags, Existing CWT, Existing CWT Value, Applied CWT, Applied CWT Value, Existing PIT, Applied PIT, Samples, Conditions, Recap, Injected, Weight, Notes, Group Notes, Import Custom
[INFO] 2026-01-18 03:57:14 UTC (2026-01-17 19:57:14 PT) - Successfully saved file: data/TrappingData.csv - Size: 11875747 bytes
[INFO] 2026-01-18 03:57:14 UTC (2026-01-17 19:57:14 PT) - Data summary:
[INFO] 2026-01-18 03:57:14 UTC (2026-01-17 19:57:14 PT) -   Date range: 10/10/2023 to 9/9/2025
[INFO] 2026-01-18 03:57:14 UTC (2026-01-17 19:57:14 PT) -   Total records: 20647
[INFO] 2026-01-18 03:57:14 UTC (2026-01-17 19:57:14 PT) - Download completed successfully
[INFO] 2026-01-19 04:02:13 UTC (2026-01-18 20:02:13 PT) - Starting nightly FINS data download
[INFO] 2026-01-19 04:02:13 UTC (2026-01-18 20:02:13 PT) - API key found
[INFO] 2026-01-19 04:02:13 UTC (2026-01-18 20:02:13 PT) - Current PT time: 2026-01-18 20:02:13
[INFO] 2026-01-19 04:02:13 UTC (2026-01-18 20:02:13 PT) - Requesting ALL historical trapping data through 01/19/2026 for NPT GRSME Program only
[INFO] 2026-01-19 04:02:49 UTC (2026-01-18 20:02:49 PT) - Downloaded 20647 rows of data
[INFO] 2026-01-19 04:02:49 UTC (2026-01-18 20:02:49 PT) - Columns: Finalize, Verify, Follow-Up, Trapped Date, Is Import, Facility, Trap, Trap Is Offsite, Trapping Session Name, Target Species, Target Run, Trapping Session Comments, Fish ID, Count, Species, Run, Sex, Origin, Origin Expression, Origin Description, Origin Start Date, Origin End Date, Origin Creator, Origin Creation Date, Living Status, Length, Age Designation, Age Calculated, Age Criteria Start Length, Age Criteria End Length, Age Criteria Start Date, Age Criteria End Date, Moved To Facility, Moved To, Moved To Location Type, Moved To Is Offsite, Offsite Owner Facility, Offsite Location Latitude, Offsite Location Longitude, Offsite Location Description, Disposition, Release Site, Release Site Latitude, Release Site Longitude, Purpose, Existing Marks, Existing Marks Quantity, Applied Marks, Applied Marks Quantity, Existing Tags, Applied Tags, Existing CWT, Existing CWT Value, Applied CWT, Applied CWT Value, Existing PIT, Applied PIT, Samples, Conditions, Recap, Injected, Weight, Notes, Group Notes, Import Custom
[INFO] 2026-01-19 04:02:49 UTC (2026-01-18 20:02:49 PT) - Successfully saved file: data/TrappingData.csv - Size: 11875747 bytes
[INFO] 2026-01-19 04:02:49 UTC (2026-01-18 20:02:49 PT) - Data summary:
[INFO] 2026-01-19 04:02:49 UTC (2026-01-18 20:02:49 PT) -   Date range: 10/10/2023 to 9/9/2025
[INFO] 2026-01-19 04:02:49 UTC (2026-01-18 20:02:49 PT) -   Total records: 20647
[INFO] 2026-01-19 04:02:49 UTC (2026-01-18 20:02:49 PT) - Download completed successfully
[INFO] 2026-01-20 03:56:03 UTC (2026-01-19 19:56:03 PT) - Starting nightly FINS data download
[INFO] 2026-01-20 03:56:03 UTC (2026-01-19 19:56:03 PT) - API key found
[INFO] 2026-01-20 03:56:03 UTC (2026-01-19 19:56:03 PT) - Current PT time: 2026-01-19 19:56:03
[INFO] 2026-01-20 03:56:03 UTC (2026-01-19 19:56:03 PT) - Requesting ALL historical trapping data through 01/20/2026 for NPT GRSME Program only
[INFO] 2026-01-20 03:56:36 UTC (2026-01-19 19:56:36 PT) - Downloaded 20647 rows of data
[INFO] 2026-01-20 03:56:36 UTC (2026-01-19 19:56:36 PT) - Columns: Finalize, Verify, Follow-Up, Trapped Date, Is Import, Facility, Trap, Trap Is Offsite, Trapping Session Name, Target Species, Target Run, Trapping Session Comments, Fish ID, Count, Species, Run, Sex, Origin, Origin Expression, Origin Description, Origin Start Date, Origin End Date, Origin Creator, Origin Creation Date, Living Status, Length, Age Designation, Age Calculated, Age Criteria Start Length, Age Criteria End Length, Age Criteria Start Date, Age Criteria End Date, Moved To Facility, Moved To, Moved To Location Type, Moved To Is Offsite, Offsite Owner Facility, Offsite Location Latitude, Offsite Location Longitude, Offsite Location Description, Disposition, Release Site, Release Site Latitude, Release Site Longitude, Purpose, Existing Marks, Existing Marks Quantity, Applied Marks, Applied Marks Quantity, Existing Tags, Applied Tags, Existing CWT, Existing CWT Value, Applied CWT, Applied CWT Value, Existing PIT, Applied PIT, Samples, Conditions, Recap, Injected, Weight, Notes, Group Notes, Import Custom
[INFO] 2026-01-20 03:56:36 UTC (2026-01-19 19:56:36 PT) - Successfully saved file: data/TrappingData.csv - Size: 11875747 bytes
[INFO] 2026-01-20 03:56:36 UTC (2026-01-19 19:56:36 PT) - Data summary:
[INFO] 2026-01-20 03:56:36 UTC (2026-01-19 19:56:36 PT) -   Date range: 10/10/2023 to 9/9/2025
[INFO] 2026-01-20 03:56:36 UTC (2026-01-19 19:56:36 PT) -   Total records: 20647
[INFO] 2026-01-20 03:56:36 UTC (2026-01-19 19:56:36 PT) - Download completed successfully
[INFO] 2026-01-21 03:55:24 UTC (2026-01-20 19:55:24 PT) - Starting nightly FINS data download
[INFO] 2026-01-21 03:55:24 UTC (2026-01-20 19:55:24 PT) - API key found
[INFO] 2026-01-21 03:55:24 UTC (2026-01-20 19:55:24 PT) - Current PT time: 2026-01-20 19:55:24
[INFO] 2026-01-21 03:55:24 UTC (2026-01-20 19:55:24 PT) - Requesting ALL historical trapping data through 01/21/2026 for NPT GRSME Program only
[INFO] 2026-01-21 03:56:00 UTC (2026-01-20 19:56:00 PT) - Downloaded 20647 rows of data
[INFO] 2026-01-21 03:56:00 UTC (2026-01-20 19:56:00 PT) - Columns: Finalize, Verify, Follow-Up, Trapped Date, Is Import, Facility, Trap, Trap Is Offsite, Trapping Session Name, Target Species, Target Run, Trapping Session Comments, Fish ID, Count, Species, Run, Sex, Origin, Origin Expression, Origin Description, Origin Start Date, Origin End Date, Origin Creator, Origin Creation Date, Living Status, Length, Age Designation, Age Calculated, Age Criteria Start Length, Age Criteria End Length, Age Criteria Start Date, Age Criteria End Date, Moved To Facility, Moved To, Moved To Location Type, Moved To Is Offsite, Offsite Owner Facility, Offsite Location Latitude, Offsite Location Longitude, Offsite Location Description, Disposition, Release Site, Release Site Latitude, Release Site Longitude, Purpose, Existing Marks, Existing Marks Quantity, Applied Marks, Applied Marks Quantity, Existing Tags, Applied Tags, Existing CWT, Existing CWT Value, Applied CWT, Applied CWT Value, Existing PIT, Applied PIT, Samples, Conditions, Recap, Injected, Weight, Notes, Group Notes, Import Custom
[INFO] 2026-01-21 03:56:00 UTC (2026-01-20 19:56:00 PT) - Successfully saved file: data/TrappingData.csv - Size: 11875747 bytes
[INFO] 2026-01-21 03:56:00 UTC (2026-01-20 19:56:00 PT) - Data summary:
[INFO] 2026-01-21 03:56:00 UTC (2026-01-20 19:56:00 PT) -   Date range: 10/10/2023 to 9/9/2025
[INFO] 2026-01-21 03:56:00 UTC (2026-01-20 19:56:00 PT) -   Total records: 20647
[INFO] 2026-01-21 03:56:00 UTC (2026-01-20 19:56:00 PT) - Download completed successfully
[INFO] 2026-01-22 03:58:55 UTC (2026-01-21 19:58:55 PT) - Starting nightly FINS data download
[INFO] 2026-01-22 03:58:55 UTC (2026-01-21 19:58:55 PT) - API key found
[INFO] 2026-01-22 03:58:55 UTC (2026-01-21 19:58:55 PT) - Current PT time: 2026-01-21 19:58:55
[INFO] 2026-01-22 03:58:55 UTC (2026-01-21 19:58:55 PT) - Requesting ALL historical trapping data through 01/22/2026 for NPT GRSME Program only
[INFO] 2026-01-22 03:59:30 UTC (2026-01-21 19:59:30 PT) - Downloaded 20647 rows of data
[INFO] 2026-01-22 03:59:30 UTC (2026-01-21 19:59:30 PT) - Columns: Finalize, Verify, Follow-Up, Trapped Date, Is Import, Facility, Trap, Trap Is Offsite, Trapping Session Name, Target Species, Target Run, Trapping Session Comments, Fish ID, Count, Species, Run, Sex, Origin, Origin Expression, Origin Description, Origin Start Date, Origin End Date, Origin Creator, Origin Creation Date, Living Status, Length, Age Designation, Age Calculated, Age Criteria Start Length, Age Criteria End Length, Age Criteria Start Date, Age Criteria End Date, Moved To Facility, Moved To, Moved To Location Type, Moved To Is Offsite, Offsite Owner Facility, Offsite Location Latitude, Offsite Location Longitude, Offsite Location Description, Disposition, Release Site, Release Site Latitude, Release Site Longitude, Purpose, Existing Marks, Existing Marks Quantity, Applied Marks, Applied Marks Quantity, Existing Tags, Applied Tags, Existing CWT, Existing CWT Value, Applied CWT, Applied CWT Value, Existing PIT, Applied PIT, Samples, Conditions, Recap, Injected, Weight, Notes, Group Notes, Import Custom
[INFO] 2026-01-22 03:59:30 UTC (2026-01-21 19:59:30 PT) - Successfully saved file: data/TrappingData.csv - Size: 11875747 bytes
[INFO] 2026-01-22 03:59:30 UTC (2026-01-21 19:59:30 PT) - Data summary:
[INFO] 2026-01-22 03:59:30 UTC (2026-01-21 19:59:30 PT) -   Date range: 10/10/2023 to 9/9/2025
[INFO] 2026-01-22 03:59:30 UTC (2026-01-21 19:59:30 PT) -   Total records: 20647
[INFO] 2026-01-22 03:59:30 UTC (2026-01-21 19:59:30 PT) - Download completed successfully
[INFO] 2026-01-23 03:53:57 UTC (2026-01-22 19:53:57 PT) - Starting nightly FINS data download
[INFO] 2026-01-23 03:53:57 UTC (2026-01-22 19:53:57 PT) - API key found
[INFO] 2026-01-23 03:53:57 UTC (2026-01-22 19:53:57 PT) - Current PT time: 2026-01-22 19:53:57
[INFO] 2026-01-23 03:53:57 UTC (2026-01-22 19:53:57 PT) - Requesting ALL historical trapping data through 01/23/2026 for NPT GRSME Program only
[INFO] 2026-01-23 03:54:30 UTC (2026-01-22 19:54:30 PT) - Downloaded 20647 rows of data
[INFO] 2026-01-23 03:54:30 UTC (2026-01-22 19:54:30 PT) - Columns: Finalize, Verify, Follow-Up, Trapped Date, Is Import, Facility, Trap, Trap Is Offsite, Trapping Session Name, Target Species, Target Run, Trapping Session Comments, Fish ID, Count, Species, Run, Sex, Origin, Origin Expression, Origin Description, Origin Start Date, Origin End Date, Origin Creator, Origin Creation Date, Living Status, Length, Age Designation, Age Calculated, Age Criteria Start Length, Age Criteria End Length, Age Criteria Start Date, Age Criteria End Date, Moved To Facility, Moved To, Moved To Location Type, Moved To Is Offsite, Offsite Owner Facility, Offsite Location Latitude, Offsite Location Longitude, Offsite Location Description, Disposition, Release Site, Release Site Latitude, Release Site Longitude, Purpose, Existing Marks, Existing Marks Quantity, Applied Marks, Applied Marks Quantity, Existing Tags, Applied Tags, Existing CWT, Existing CWT Value, Applied CWT, Applied CWT Value, Existing PIT, Applied PIT, Samples, Conditions, Recap, Injected, Weight, Notes, Group Notes, Import Custom
[INFO] 2026-01-23 03:54:30 UTC (2026-01-22 19:54:30 PT) - Successfully saved file: data/TrappingData.csv - Size: 11875747 bytes
[INFO] 2026-01-23 03:54:30 UTC (2026-01-22 19:54:30 PT) - Data summary:
[INFO] 2026-01-23 03:54:30 UTC (2026-01-22 19:54:30 PT) -   Date range: 10/10/2023 to 9/9/2025
[INFO] 2026-01-23 03:54:30 UTC (2026-01-22 19:54:30 PT) -   Total records: 20647
[INFO] 2026-01-23 03:54:30 UTC (2026-01-22 19:54:30 PT) - Download completed successfully
[INFO] 2026-01-24 03:48:48 UTC (2026-01-23 19:48:48 PT) - Starting nightly FINS data download
[INFO] 2026-01-24 03:48:48 UTC (2026-01-23 19:48:48 PT) - API key found
[INFO] 2026-01-24 03:48:48 UTC (2026-01-23 19:48:48 PT) - Current PT time: 2026-01-23 19:48:48
[INFO] 2026-01-24 03:48:48 UTC (2026-01-23 19:48:48 PT) - Requesting ALL historical trapping data through 01/24/2026 for NPT GRSME Program only
[INFO] 2026-01-24 03:49:21 UTC (2026-01-23 19:49:21 PT) - Downloaded 20647 rows of data
[INFO] 2026-01-24 03:49:21 UTC (2026-01-23 19:49:21 PT) - Columns: Finalize, Verify, Follow-Up, Trapped Date, Is Import, Facility, Trap, Trap Is Offsite, Trapping Session Name, Target Species, Target Run, Trapping Session Comments, Fish ID, Count, Species, Run, Sex, Origin, Origin Expression, Origin Description, Origin Start Date, Origin End Date, Origin Creator, Origin Creation Date, Living Status, Length, Age Designation, Age Calculated, Age Criteria Start Length, Age Criteria End Length, Age Criteria Start Date, Age Criteria End Date, Moved To Facility, Moved To, Moved To Location Type, Moved To Is Offsite, Offsite Owner Facility, Offsite Location Latitude, Offsite Location Longitude, Offsite Location Description, Disposition, Release Site, Release Site Latitude, Release Site Longitude, Purpose, Existing Marks, Existing Marks Quantity, Applied Marks, Applied Marks Quantity, Existing Tags, Applied Tags, Existing CWT, Existing CWT Value, Applied CWT, Applied CWT Value, Existing PIT, Applied PIT, Samples, Conditions, Recap, Injected, Weight, Notes, Group Notes, Import Custom
[INFO] 2026-01-24 03:49:21 UTC (2026-01-23 19:49:21 PT) - Successfully saved file: data/TrappingData.csv - Size: 11875747 bytes
[INFO] 2026-01-24 03:49:21 UTC (2026-01-23 19:49:21 PT) - Data summary:
[INFO] 2026-01-24 03:49:21 UTC (2026-01-23 19:49:21 PT) -   Date range: 10/10/2023 to 9/9/2025
[INFO] 2026-01-24 03:49:21 UTC (2026-01-23 19:49:21 PT) -   Total records: 20647
[INFO] 2026-01-24 03:49:21 UTC (2026-01-23 19:49:21 PT) - Download completed successfully
[INFO] 2026-01-25 04:05:44 UTC (2026-01-24 20:05:44 PT) - Starting nightly FINS data download
[INFO] 2026-01-25 04:05:44 UTC (2026-01-24 20:05:44 PT) - API key found
[INFO] 2026-01-25 04:05:44 UTC (2026-01-24 20:05:44 PT) - Current PT time: 2026-01-24 20:05:44
[INFO] 2026-01-25 04:05:44 UTC (2026-01-24 20:05:44 PT) - Requesting ALL historical trapping data through 01/25/2026 for NPT GRSME Program only
[INFO] 2026-01-25 04:06:19 UTC (2026-01-24 20:06:19 PT) - Downloaded 20647 rows of data
[INFO] 2026-01-25 04:06:19 UTC (2026-01-24 20:06:19 PT) - Columns: Finalize, Verify, Follow-Up, Trapped Date, Is Import, Facility, Trap, Trap Is Offsite, Trapping Session Name, Target Species, Target Run, Trapping Session Comments, Fish ID, Count, Species, Run, Sex, Origin, Origin Expression, Origin Description, Origin Start Date, Origin End Date, Origin Creator, Origin Creation Date, Living Status, Length, Age Designation, Age Calculated, Age Criteria Start Length, Age Criteria End Length, Age Criteria Start Date, Age Criteria End Date, Moved To Facility, Moved To, Moved To Location Type, Moved To Is Offsite, Offsite Owner Facility, Offsite Location Latitude, Offsite Location Longitude, Offsite Location Description, Disposition, Release Site, Release Site Latitude, Release Site Longitude, Purpose, Existing Marks, Existing Marks Quantity, Applied Marks, Applied Marks Quantity, Existing Tags, Applied Tags, Existing CWT, Existing CWT Value, Applied CWT, Applied CWT Value, Existing PIT, Applied PIT, Samples, Conditions, Recap, Injected, Weight, Notes, Group Notes, Import Custom
[INFO] 2026-01-25 04:06:19 UTC (2026-01-24 20:06:19 PT) - Successfully saved file: data/TrappingData.csv - Size: 11875747 bytes
[INFO] 2026-01-25 04:06:19 UTC (2026-01-24 20:06:19 PT) - Data summary:
[INFO] 2026-01-25 04:06:19 UTC (2026-01-24 20:06:19 PT) -   Date range: 10/10/2023 to 9/9/2025
[INFO] 2026-01-25 04:06:19 UTC (2026-01-24 20:06:19 PT) -   Total records: 20647
[INFO] 2026-01-25 04:06:19 UTC (2026-01-24 20:06:19 PT) - Download completed successfully
[INFO] 2026-01-26 04:08:34 UTC (2026-01-25 20:08:34 PT) - Starting nightly FINS data download
[INFO] 2026-01-26 04:08:34 UTC (2026-01-25 20:08:34 PT) - API key found
[INFO] 2026-01-26 04:08:34 UTC (2026-01-25 20:08:34 PT) - Current PT time: 2026-01-25 20:08:34
[INFO] 2026-01-26 04:08:34 UTC (2026-01-25 20:08:34 PT) - Requesting ALL historical trapping data through 01/26/2026 for NPT GRSME Program only
[INFO] 2026-01-26 04:09:08 UTC (2026-01-25 20:09:08 PT) - Downloaded 20647 rows of data
[INFO] 2026-01-26 04:09:08 UTC (2026-01-25 20:09:08 PT) - Columns: Finalize, Verify, Follow-Up, Trapped Date, Is Import, Facility, Trap, Trap Is Offsite, Trapping Session Name, Target Species, Target Run, Trapping Session Comments, Fish ID, Count, Species, Run, Sex, Origin, Origin Expression, Origin Description, Origin Start Date, Origin End Date, Origin Creator, Origin Creation Date, Living Status, Length, Age Designation, Age Calculated, Age Criteria Start Length, Age Criteria End Length, Age Criteria Start Date, Age Criteria End Date, Moved To Facility, Moved To, Moved To Location Type, Moved To Is Offsite, Offsite Owner Facility, Offsite Location Latitude, Offsite Location Longitude, Offsite Location Description, Disposition, Release Site, Release Site Latitude, Release Site Longitude, Purpose, Existing Marks, Existing Marks Quantity, Applied Marks, Applied Marks Quantity, Existing Tags, Applied Tags, Existing CWT, Existing CWT Value, Applied CWT, Applied CWT Value, Existing PIT, Applied PIT, Samples, Conditions, Recap, Injected, Weight, Notes, Group Notes, Import Custom
[INFO] 2026-01-26 04:09:08 UTC (2026-01-25 20:09:08 PT) - Successfully saved file: data/TrappingData.csv - Size: 11875747 bytes
[INFO] 2026-01-26 04:09:08 UTC (2026-01-25 20:09:08 PT) - Data summary:
[INFO] 2026-01-26 04:09:08 UTC (2026-01-25 20:09:08 PT) -   Date range: 10/10/2023 to 9/9/2025
[INFO] 2026-01-26 04:09:08 UTC (2026-01-25 20:09:08 PT) -   Total records: 20647
[INFO] 2026-01-26 04:09:08 UTC (2026-01-25 20:09:08 PT) - Download completed successfully
[INFO] 2026-01-27 03:58:17 UTC (2026-01-26 19:58:17 PT) - Starting nightly FINS data download
[INFO] 2026-01-27 03:58:17 UTC (2026-01-26 19:58:17 PT) - API key found
[INFO] 2026-01-27 03:58:17 UTC (2026-01-26 19:58:17 PT) - Current PT time: 2026-01-26 19:58:17
[INFO] 2026-01-27 03:58:17 UTC (2026-01-26 19:58:17 PT) - Requesting ALL historical trapping data through 01/27/2026 for NPT GRSME Program only
[INFO] 2026-01-27 03:58:49 UTC (2026-01-26 19:58:49 PT) - Downloaded 20647 rows of data
[INFO] 2026-01-27 03:58:49 UTC (2026-01-26 19:58:49 PT) - Columns: Finalize, Verify, Follow-Up, Trapped Date, Is Import, Facility, Trap, Trap Is Offsite, Trapping Session Name, Target Species, Target Run, Trapping Session Comments, Fish ID, Count, Species, Run, Sex, Origin, Origin Expression, Origin Description, Origin Start Date, Origin End Date, Origin Creator, Origin Creation Date, Living Status, Length, Age Designation, Age Calculated, Age Criteria Start Length, Age Criteria End Length, Age Criteria Start Date, Age Criteria End Date, Moved To Facility, Moved To, Moved To Location Type, Moved To Is Offsite, Offsite Owner Facility, Offsite Location Latitude, Offsite Location Longitude, Offsite Location Description, Disposition, Release Site, Release Site Latitude, Release Site Longitude, Purpose, Existing Marks, Existing Marks Quantity, Applied Marks, Applied Marks Quantity, Existing Tags, Applied Tags, Existing CWT, Existing CWT Value, Applied CWT, Applied CWT Value, Existing PIT, Applied PIT, Samples, Conditions, Recap, Injected, Weight, Notes, Group Notes, Import Custom
[INFO] 2026-01-27 03:58:49 UTC (2026-01-26 19:58:49 PT) - Successfully saved file: data/TrappingData.csv - Size: 11875747 bytes
[INFO] 2026-01-27 03:58:49 UTC (2026-01-26 19:58:49 PT) - Data summary:
[INFO] 2026-01-27 03:58:49 UTC (2026-01-26 19:58:49 PT) -   Date range: 10/10/2023 to 9/9/2025
[INFO] 2026-01-27 03:58:49 UTC (2026-01-26 19:58:49 PT) -   Total records: 20647
[INFO] 2026-01-27 03:58:49 UTC (2026-01-26 19:58:49 PT) - Download completed successfully
[INFO] 2026-01-28 03:57:49 UTC (2026-01-27 19:57:49 PT) - Starting nightly FINS data download
[INFO] 2026-01-28 03:57:49 UTC (2026-01-27 19:57:49 PT) - API key found
[INFO] 2026-01-28 03:57:49 UTC (2026-01-27 19:57:49 PT) - Current PT time: 2026-01-27 19:57:49
[INFO] 2026-01-28 03:57:49 UTC (2026-01-27 19:57:49 PT) - Requesting ALL historical trapping data through 01/28/2026 for NPT GRSME Program only
[INFO] 2026-01-28 03:58:22 UTC (2026-01-27 19:58:22 PT) - Downloaded 20647 rows of data
[INFO] 2026-01-28 03:58:22 UTC (2026-01-27 19:58:22 PT) - Columns: Finalize, Verify, Follow-Up, Trapped Date, Is Import, Facility, Trap, Trap Is Offsite, Trapping Session Name, Target Species, Target Run, Trapping Session Comments, Fish ID, Count, Species, Run, Sex, Origin, Origin Expression, Origin Description, Origin Start Date, Origin End Date, Origin Creator, Origin Creation Date, Living Status, Length, Age Designation, Age Calculated, Age Criteria Start Length, Age Criteria End Length, Age Criteria Start Date, Age Criteria End Date, Moved To Facility, Moved To, Moved To Location Type, Moved To Is Offsite, Offsite Owner Facility, Offsite Location Latitude, Offsite Location Longitude, Offsite Location Description, Disposition, Release Site, Release Site Latitude, Release Site Longitude, Purpose, Existing Marks, Existing Marks Quantity, Applied Marks, Applied Marks Quantity, Existing Tags, Applied Tags, Existing CWT, Existing CWT Value, Applied CWT, Applied CWT Value, Existing PIT, Applied PIT, Samples, Conditions, Recap, Injected, Weight, Notes, Group Notes, Import Custom
[INFO] 2026-01-28 03:58:22 UTC (2026-01-27 19:58:22 PT) - Successfully saved file: data/TrappingData.csv - Size: 11875747 bytes
[INFO] 2026-01-28 03:58:22 UTC (2026-01-27 19:58:22 PT) - Data summary:
[INFO] 2026-01-28 03:58:22 UTC (2026-01-27 19:58:22 PT) -   Date range: 10/10/2023 to 9/9/2025
[INFO] 2026-01-28 03:58:22 UTC (2026-01-27 19:58:22 PT) -   Total records: 20647
[INFO] 2026-01-28 03:58:22 UTC (2026-01-27 19:58:22 PT) - Download completed successfully
[INFO] 2026-01-29 04:18:27 UTC (2026-01-28 20:18:27 PT) - Starting nightly FINS data download
[INFO] 2026-01-29 04:18:27 UTC (2026-01-28 20:18:27 PT) - API key found
[INFO] 2026-01-29 04:18:27 UTC (2026-01-28 20:18:27 PT) - Current PT time: 2026-01-28 20:18:27
[INFO] 2026-01-29 04:18:27 UTC (2026-01-28 20:18:27 PT) - Requesting ALL historical trapping data through 01/29/2026 for NPT GRSME Program only
[INFO] 2026-01-29 04:19:05 UTC (2026-01-28 20:19:05 PT) - Downloaded 20647 rows of data
[INFO] 2026-01-29 04:19:05 UTC (2026-01-28 20:19:05 PT) - Columns: Finalize, Verify, Follow-Up, Trapped Date, Is Import, Facility, Trap, Trap Is Offsite, Trapping Session Name, Target Species, Target Run, Trapping Session Comments, Fish ID, Count, Species, Run, Sex, Origin, Origin Expression, Origin Description, Origin Start Date, Origin End Date, Origin Creator, Origin Creation Date, Living Status, Length, Age Designation, Age Calculated, Age Criteria Start Length, Age Criteria End Length, Age Criteria Start Date, Age Criteria End Date, Moved To Facility, Moved To, Moved To Location Type, Moved To Is Offsite, Offsite Owner Facility, Offsite Location Latitude, Offsite Location Longitude, Offsite Location Description, Disposition, Release Site, Release Site Latitude, Release Site Longitude, Purpose, Existing Marks, Existing Marks Quantity, Applied Marks, Applied Marks Quantity, Existing Tags, Applied Tags, Existing CWT, Existing CWT Value, Applied CWT, Applied CWT Value, Existing PIT, Applied PIT, Samples, Conditions, Recap, Injected, Weight, Notes, Group Notes, Import Custom
[INFO] 2026-01-29 04:19:05 UTC (2026-01-28 20:19:05 PT) - Successfully saved file: data/TrappingData.csv - Size: 11875747 bytes
[INFO] 2026-01-29 04:19:05 UTC (2026-01-28 20:19:05 PT) - Data summary:
[INFO] 2026-01-29 04:19:05 UTC (2026-01-28 20:19:05 PT) -   Date range: 10/10/2023 to 9/9/2025
[INFO] 2026-01-29 04:19:05 UTC (2026-01-28 20:19:05 PT) -   Total records: 20647
[INFO] 2026-01-29 04:19:05 UTC (2026-01-28 20:19:05 PT) - Download completed successfully
[INFO] 2026-01-30 04:21:44 UTC (2026-01-29 20:21:44 PT) - Starting nightly FINS data download
[INFO] 2026-01-30 04:21:44 UTC (2026-01-29 20:21:44 PT) - API key found
[INFO] 2026-01-30 04:21:44 UTC (2026-01-29 20:21:44 PT) - Current PT time: 2026-01-29 20:21:44
[INFO] 2026-01-30 04:21:44 UTC (2026-01-29 20:21:44 PT) - Requesting ALL historical trapping data through 01/30/2026 for NPT GRSME Program only
[INFO] 2026-01-30 04:22:16 UTC (2026-01-29 20:22:16 PT) - Downloaded 20647 rows of data
[INFO] 2026-01-30 04:22:16 UTC (2026-01-29 20:22:16 PT) - Columns: Finalize, Verify, Follow-Up, Trapped Date, Is Import, Facility, Trap, Trap Is Offsite, Trapping Session Name, Target Species, Target Run, Trapping Session Comments, Fish ID, Count, Species, Run, Sex, Origin, Origin Expression, Origin Description, Origin Start Date, Origin End Date, Origin Creator, Origin Creation Date, Living Status, Length, Age Designation, Age Calculated, Age Criteria Start Length, Age Criteria End Length, Age Criteria Start Date, Age Criteria End Date, Moved To Facility, Moved To, Moved To Location Type, Moved To Is Offsite, Offsite Owner Facility, Offsite Location Latitude, Offsite Location Longitude, Offsite Location Description, Disposition, Release Site, Release Site Latitude, Release Site Longitude, Purpose, Existing Marks, Existing Marks Quantity, Applied Marks, Applied Marks Quantity, Existing Tags, Applied Tags, Existing CWT, Existing CWT Value, Applied CWT, Applied CWT Value, Existing PIT, Applied PIT, Samples, Conditions, Recap, Injected, Weight, Notes, Group Notes, Import Custom
[INFO] 2026-01-30 04:22:16 UTC (2026-01-29 20:22:16 PT) - Successfully saved file: data/TrappingData.csv - Size: 11875747 bytes
[INFO] 2026-01-30 04:22:16 UTC (2026-01-29 20:22:16 PT) - Data summary:
[INFO] 2026-01-30 04:22:16 UTC (2026-01-29 20:22:16 PT) -   Date range: 10/10/2023 to 9/9/2025
[INFO] 2026-01-30 04:22:16 UTC (2026-01-29 20:22:16 PT) -   Total records: 20647
[INFO] 2026-01-30 04:22:16 UTC (2026-01-29 20:22:16 PT) - Download completed successfully
[INFO] 2026-01-31 04:16:24 UTC (2026-01-30 20:16:24 PT) - Starting nightly FINS data download
[INFO] 2026-01-31 04:16:24 UTC (2026-01-30 20:16:24 PT) - API key found
[INFO] 2026-01-31 04:16:24 UTC (2026-01-30 20:16:24 PT) - Current PT time: 2026-01-30 20:16:24
[INFO] 2026-01-31 04:16:24 UTC (2026-01-30 20:16:24 PT) - Requesting ALL historical trapping data through 01/31/2026 for NPT GRSME Program only
[INFO] 2026-01-31 04:16:59 UTC (2026-01-30 20:16:59 PT) - Downloaded 20647 rows of data
[INFO] 2026-01-31 04:16:59 UTC (2026-01-30 20:16:59 PT) - Columns: Finalize, Verify, Follow-Up, Trapped Date, Is Import, Facility, Trap, Trap Is Offsite, Trapping Session Name, Target Species, Target Run, Trapping Session Comments, Fish ID, Count, Species, Run, Sex, Origin, Origin Expression, Origin Description, Origin Start Date, Origin End Date, Origin Creator, Origin Creation Date, Living Status, Length, Age Designation, Age Calculated, Age Criteria Start Length, Age Criteria End Length, Age Criteria Start Date, Age Criteria End Date, Moved To Facility, Moved To, Moved To Location Type, Moved To Is Offsite, Offsite Owner Facility, Offsite Location Latitude, Offsite Location Longitude, Offsite Location Description, Disposition, Release Site, Release Site Latitude, Release Site Longitude, Purpose, Existing Marks, Existing Marks Quantity, Applied Marks, Applied Marks Quantity, Existing Tags, Applied Tags, Existing CWT, Existing CWT Value, Applied CWT, Applied CWT Value, Existing PIT, Applied PIT, Samples, Conditions, Recap, Injected, Weight, Notes, Group Notes, Import Custom
[INFO] 2026-01-31 04:16:59 UTC (2026-01-30 20:16:59 PT) - Successfully saved file: data/TrappingData.csv - Size: 11875747 bytes
[INFO] 2026-01-31 04:16:59 UTC (2026-01-30 20:16:59 PT) - Data summary:
[INFO] 2026-01-31 04:16:59 UTC (2026-01-30 20:16:59 PT) -   Date range: 10/10/2023 to 9/9/2025
[INFO] 2026-01-31 04:16:59 UTC (2026-01-30 20:16:59 PT) -   Total records: 20647
[INFO] 2026-01-31 04:16:59 UTC (2026-01-30 20:16:59 PT) - Download completed successfully
[INFO] 2026-02-01 04:40:34 UTC (2026-01-31 20:40:34 PT) - Starting nightly FINS data download
[INFO] 2026-02-01 04:40:34 UTC (2026-01-31 20:40:34 PT) - API key found
[INFO] 2026-02-01 04:40:34 UTC (2026-01-31 20:40:34 PT) - Current PT time: 2026-01-31 20:40:34
[INFO] 2026-02-01 04:40:34 UTC (2026-01-31 20:40:34 PT) - Requesting ALL historical trapping data through 02/01/2026 for NPT GRSME Program only
[INFO] 2026-02-01 04:41:10 UTC (2026-01-31 20:41:10 PT) - Downloaded 20647 rows of data
[INFO] 2026-02-01 04:41:10 UTC (2026-01-31 20:41:10 PT) - Columns: Finalize, Verify, Follow-Up, Trapped Date, Is Import, Facility, Trap, Trap Is Offsite, Trapping Session Name, Target Species, Target Run, Trapping Session Comments, Fish ID, Count, Species, Run, Sex, Origin, Origin Expression, Origin Description, Origin Start Date, Origin End Date, Origin Creator, Origin Creation Date, Living Status, Length, Age Designation, Age Calculated, Age Criteria Start Length, Age Criteria End Length, Age Criteria Start Date, Age Criteria End Date, Moved To Facility, Moved To, Moved To Location Type, Moved To Is Offsite, Offsite Owner Facility, Offsite Location Latitude, Offsite Location Longitude, Offsite Location Description, Disposition, Release Site, Release Site Latitude, Release Site Longitude, Purpose, Existing Marks, Existing Marks Quantity, Applied Marks, Applied Marks Quantity, Existing Tags, Applied Tags, Existing CWT, Existing CWT Value, Applied CWT, Applied CWT Value, Existing PIT, Applied PIT, Samples, Conditions, Recap, Injected, Weight, Notes, Group Notes, Import Custom
[INFO] 2026-02-01 04:41:10 UTC (2026-01-31 20:41:10 PT) - Successfully saved file: data/TrappingData.csv - Size: 11875747 bytes
[INFO] 2026-02-01 04:41:10 UTC (2026-01-31 20:41:10 PT) - Data summary:
[INFO] 2026-02-01 04:41:10 UTC (2026-01-31 20:41:10 PT) -   Date range: 10/10/2023 to 9/9/2025
[INFO] 2026-02-01 04:41:10 UTC (2026-01-31 20:41:10 PT) -   Total records: 20647
[INFO] 2026-02-01 04:41:10 UTC (2026-01-31 20:41:10 PT) - Download completed successfully
[INFO] 2026-02-02 04:36:13 UTC (2026-02-01 20:36:13 PT) - Starting nightly FINS data download
[INFO] 2026-02-02 04:36:13 UTC (2026-02-01 20:36:13 PT) - API key found
[INFO] 2026-02-02 04:36:13 UTC (2026-02-01 20:36:13 PT) - Current PT time: 2026-02-01 20:36:13
[INFO] 2026-02-02 04:36:13 UTC (2026-02-01 20:36:13 PT) - Requesting ALL historical trapping data through 02/02/2026 for NPT GRSME Program only
[INFO] 2026-02-02 04:36:45 UTC (2026-02-01 20:36:45 PT) - Downloaded 20647 rows of data
[INFO] 2026-02-02 04:36:45 UTC (2026-02-01 20:36:45 PT) - Columns: Finalize, Verify, Follow-Up, Trapped Date, Is Import, Facility, Trap, Trap Is Offsite, Trapping Session Name, Target Species, Target Run, Trapping Session Comments, Fish ID, Count, Species, Run, Sex, Origin, Origin Expression, Origin Description, Origin Start Date, Origin End Date, Origin Creator, Origin Creation Date, Living Status, Length, Age Designation, Age Calculated, Age Criteria Start Length, Age Criteria End Length, Age Criteria Start Date, Age Criteria End Date, Moved To Facility, Moved To, Moved To Location Type, Moved To Is Offsite, Offsite Owner Facility, Offsite Location Latitude, Offsite Location Longitude, Offsite Location Description, Disposition, Release Site, Release Site Latitude, Release Site Longitude, Purpose, Existing Marks, Existing Marks Quantity, Applied Marks, Applied Marks Quantity, Existing Tags, Applied Tags, Existing CWT, Existing CWT Value, Applied CWT, Applied CWT Value, Existing PIT, Applied PIT, Samples, Conditions, Recap, Injected, Weight, Notes, Group Notes, Import Custom
[INFO] 2026-02-02 04:36:46 UTC (2026-02-01 20:36:46 PT) - Successfully saved file: data/TrappingData.csv - Size: 11875747 bytes
[INFO] 2026-02-02 04:36:46 UTC (2026-02-01 20:36:46 PT) - Data summary:
[INFO] 2026-02-02 04:36:46 UTC (2026-02-01 20:36:46 PT) -   Date range: 10/10/2023 to 9/9/2025
[INFO] 2026-02-02 04:36:46 UTC (2026-02-01 20:36:46 PT) -   Total records: 20647
[INFO] 2026-02-02 04:36:46 UTC (2026-02-01 20:36:46 PT) - Download completed successfully
[INFO] 2026-02-03 04:27:06 UTC (2026-02-02 20:27:06 PT) - Starting nightly FINS data download
[INFO] 2026-02-03 04:27:06 UTC (2026-02-02 20:27:06 PT) - API key found
[INFO] 2026-02-03 04:27:06 UTC (2026-02-02 20:27:06 PT) - Current PT time: 2026-02-02 20:27:06
[INFO] 2026-02-03 04:27:06 UTC (2026-02-02 20:27:06 PT) - Requesting ALL historical trapping data through 02/03/2026 for NPT GRSME Program only
[INFO] 2026-02-03 04:27:42 UTC (2026-02-02 20:27:42 PT) - Downloaded 20647 rows of data
[INFO] 2026-02-03 04:27:42 UTC (2026-02-02 20:27:42 PT) - Columns: Finalize, Verify, Follow-Up, Trapped Date, Is Import, Facility, Trap, Trap Is Offsite, Trapping Session Name, Target Species, Target Run, Trapping Session Comments, Fish ID, Count, Species, Run, Sex, Origin, Origin Expression, Origin Description, Origin Start Date, Origin End Date, Origin Creator, Origin Creation Date, Living Status, Length, Age Designation, Age Calculated, Age Criteria Start Length, Age Criteria End Length, Age Criteria Start Date, Age Criteria End Date, Moved To Facility, Moved To, Moved To Location Type, Moved To Is Offsite, Offsite Owner Facility, Offsite Location Latitude, Offsite Location Longitude, Offsite Location Description, Disposition, Release Site, Release Site Latitude, Release Site Longitude, Purpose, Existing Marks, Existing Marks Quantity, Applied Marks, Applied Marks Quantity, Existing Tags, Applied Tags, Existing CWT, Existing CWT Value, Applied CWT, Applied CWT Value, Existing PIT, Applied PIT, Samples, Conditions, Recap, Injected, Weight, Notes, Group Notes, Import Custom
[INFO] 2026-02-03 04:27:42 UTC (2026-02-02 20:27:42 PT) - Successfully saved file: data/TrappingData.csv - Size: 11875747 bytes
[INFO] 2026-02-03 04:27:42 UTC (2026-02-02 20:27:42 PT) - Data summary:
[INFO] 2026-02-03 04:27:42 UTC (2026-02-02 20:27:42 PT) -   Date range: 10/10/2023 to 9/9/2025
[INFO] 2026-02-03 04:27:42 UTC (2026-02-02 20:27:42 PT) -   Total records: 20647
[INFO] 2026-02-03 04:27:42 UTC (2026-02-02 20:27:42 PT) - Download completed successfully
[INFO] 2026-02-04 04:21:17 UTC (2026-02-03 20:21:17 PT) - Starting nightly FINS data download
[INFO] 2026-02-04 04:21:17 UTC (2026-02-03 20:21:17 PT) - API key found
[INFO] 2026-02-04 04:21:17 UTC (2026-02-03 20:21:17 PT) - Current PT time: 2026-02-03 20:21:17
[INFO] 2026-02-04 04:21:17 UTC (2026-02-03 20:21:17 PT) - Requesting ALL historical trapping data through 02/04/2026 for NPT GRSME Program only
[INFO] 2026-02-04 04:21:49 UTC (2026-02-03 20:21:49 PT) - Downloaded 20647 rows of data
[INFO] 2026-02-04 04:21:49 UTC (2026-02-03 20:21:49 PT) - Columns: Finalize, Verify, Follow-Up, Trapped Date, Is Import, Facility, Trap, Trap Is Offsite, Trapping Session Name, Target Species, Target Run, Trapping Session Comments, Fish ID, Count, Species, Run, Sex, Origin, Origin Expression, Origin Description, Origin Start Date, Origin End Date, Origin Creator, Origin Creation Date, Living Status, Length, Age Designation, Age Calculated, Age Criteria Start Length, Age Criteria End Length, Age Criteria Start Date, Age Criteria End Date, Moved To Facility, Moved To, Moved To Location Type, Moved To Is Offsite, Offsite Owner Facility, Offsite Location Latitude, Offsite Location Longitude, Offsite Location Description, Disposition, Release Site, Release Site Latitude, Release Site Longitude, Purpose, Existing Marks, Existing Marks Quantity, Applied Marks, Applied Marks Quantity, Existing Tags, Applied Tags, Existing CWT, Existing CWT Value, Applied CWT, Applied CWT Value, Existing PIT, Applied PIT, Samples, Conditions, Recap, Injected, Weight, Notes, Group Notes, Import Custom
[INFO] 2026-02-04 04:21:50 UTC (2026-02-03 20:21:50 PT) - Successfully saved file: data/TrappingData.csv - Size: 11875747 bytes
[INFO] 2026-02-04 04:21:50 UTC (2026-02-03 20:21:50 PT) - Data summary:
[INFO] 2026-02-04 04:21:50 UTC (2026-02-03 20:21:50 PT) -   Date range: 10/10/2023 to 9/9/2025
[INFO] 2026-02-04 04:21:50 UTC (2026-02-03 20:21:50 PT) -   Total records: 20647
[INFO] 2026-02-04 04:21:50 UTC (2026-02-03 20:21:50 PT) - Download completed successfully
[INFO] 2026-02-05 04:27:33 UTC (2026-02-04 20:27:33 PT) - Starting nightly FINS data download
[INFO] 2026-02-05 04:27:33 UTC (2026-02-04 20:27:33 PT) - API key found
[INFO] 2026-02-05 04:27:33 UTC (2026-02-04 20:27:33 PT) - Current PT time: 2026-02-04 20:27:33
[INFO] 2026-02-05 04:27:33 UTC (2026-02-04 20:27:33 PT) - Requesting ALL historical trapping data through 02/05/2026 for NPT GRSME Program only
[INFO] 2026-02-05 04:28:10 UTC (2026-02-04 20:28:10 PT) - Downloaded 20647 rows of data
[INFO] 2026-02-05 04:28:10 UTC (2026-02-04 20:28:10 PT) - Columns: Finalize, Verify, Follow-Up, Trapped Date, Is Import, Facility, Trap, Trap Is Offsite, Trapping Session Name, Target Species, Target Run, Trapping Session Comments, Fish ID, Count, Species, Run, Sex, Origin, Origin Expression, Origin Description, Origin Start Date, Origin End Date, Origin Creator, Origin Creation Date, Living Status, Length, Age Designation, Age Calculated, Age Criteria Start Length, Age Criteria End Length, Age Criteria Start Date, Age Criteria End Date, Moved To Facility, Moved To, Moved To Location Type, Moved To Is Offsite, Offsite Owner Facility, Offsite Location Latitude, Offsite Location Longitude, Offsite Location Description, Disposition, Release Site, Release Site Latitude, Release Site Longitude, Purpose, Existing Marks, Existing Marks Quantity, Applied Marks, Applied Marks Quantity, Existing Tags, Applied Tags, Existing CWT, Existing CWT Value, Applied CWT, Applied CWT Value, Existing PIT, Applied PIT, Samples, Conditions, Recap, Injected, Weight, Notes, Group Notes, Import Custom
[INFO] 2026-02-05 04:28:10 UTC (2026-02-04 20:28:10 PT) - Successfully saved file: data/TrappingData.csv - Size: 11875747 bytes
[INFO] 2026-02-05 04:28:10 UTC (2026-02-04 20:28:10 PT) - Data summary:
[INFO] 2026-02-05 04:28:10 UTC (2026-02-04 20:28:10 PT) -   Date range: 10/10/2023 to 9/9/2025
[INFO] 2026-02-05 04:28:10 UTC (2026-02-04 20:28:10 PT) -   Total records: 20647
[INFO] 2026-02-05 04:28:10 UTC (2026-02-04 20:28:10 PT) - Download completed successfully
[INFO] 2026-02-06 04:27:11 UTC (2026-02-05 20:27:11 PT) - Starting nightly FINS data download
[INFO] 2026-02-06 04:27:11 UTC (2026-02-05 20:27:11 PT) - API key found
[INFO] 2026-02-06 04:27:11 UTC (2026-02-05 20:27:11 PT) - Current PT time: 2026-02-05 20:27:11
[INFO] 2026-02-06 04:27:11 UTC (2026-02-05 20:27:11 PT) - Requesting ALL historical trapping data through 02/06/2026 for NPT GRSME Program only
[INFO] 2026-02-06 04:27:45 UTC (2026-02-05 20:27:45 PT) - Downloaded 20647 rows of data
[INFO] 2026-02-06 04:27:45 UTC (2026-02-05 20:27:45 PT) - Columns: Finalize, Verify, Follow-Up, Trapped Date, Is Import, Facility, Trap, Trap Is Offsite, Trapping Session Name, Target Species, Target Run, Trapping Session Comments, Fish ID, Count, Species, Run, Sex, Origin, Origin Expression, Origin Description, Origin Start Date, Origin End Date, Origin Creator, Origin Creation Date, Living Status, Length, Age Designation, Age Calculated, Age Criteria Start Length, Age Criteria End Length, Age Criteria Start Date, Age Criteria End Date, Moved To Facility, Moved To, Moved To Location Type, Moved To Is Offsite, Offsite Owner Facility, Offsite Location Latitude, Offsite Location Longitude, Offsite Location Description, Disposition, Release Site, Release Site Latitude, Release Site Longitude, Purpose, Existing Marks, Existing Marks Quantity, Applied Marks, Applied Marks Quantity, Existing Tags, Applied Tags, Existing CWT, Existing CWT Value, Applied CWT, Applied CWT Value, Existing PIT, Applied PIT, Samples, Conditions, Recap, Injected, Weight, Notes, Group Notes, Import Custom
[INFO] 2026-02-06 04:27:45 UTC (2026-02-05 20:27:45 PT) - Successfully saved file: data/TrappingData.csv - Size: 11875747 bytes
[INFO] 2026-02-06 04:27:45 UTC (2026-02-05 20:27:45 PT) - Data summary:
[INFO] 2026-02-06 04:27:45 UTC (2026-02-05 20:27:45 PT) -   Date range: 10/10/2023 to 9/9/2025
[INFO] 2026-02-06 04:27:45 UTC (2026-02-05 20:27:45 PT) -   Total records: 20647
[INFO] 2026-02-06 04:27:45 UTC (2026-02-05 20:27:45 PT) - Download completed successfully
[INFO] 2026-02-07 04:21:17 UTC (2026-02-06 20:21:17 PT) - Starting nightly FINS data download
[INFO] 2026-02-07 04:21:17 UTC (2026-02-06 20:21:17 PT) - API key found
[INFO] 2026-02-07 04:21:17 UTC (2026-02-06 20:21:17 PT) - Current PT time: 2026-02-06 20:21:17
[INFO] 2026-02-07 04:21:17 UTC (2026-02-06 20:21:17 PT) - Requesting ALL historical trapping data through 02/07/2026 for NPT GRSME Program only
[INFO] 2026-02-07 04:21:51 UTC (2026-02-06 20:21:51 PT) - Downloaded 20647 rows of data
[INFO] 2026-02-07 04:21:51 UTC (2026-02-06 20:21:51 PT) - Columns: Finalize, Verify, Follow-Up, Trapped Date, Is Import, Facility, Trap, Trap Is Offsite, Trapping Session Name, Target Species, Target Run, Trapping Session Comments, Fish ID, Count, Species, Run, Sex, Origin, Origin Expression, Origin Description, Origin Start Date, Origin End Date, Origin Creator, Origin Creation Date, Living Status, Length, Age Designation, Age Calculated, Age Criteria Start Length, Age Criteria End Length, Age Criteria Start Date, Age Criteria End Date, Moved To Facility, Moved To, Moved To Location Type, Moved To Is Offsite, Offsite Owner Facility, Offsite Location Latitude, Offsite Location Longitude, Offsite Location Description, Disposition, Release Site, Release Site Latitude, Release Site Longitude, Purpose, Existing Marks, Existing Marks Quantity, Applied Marks, Applied Marks Quantity, Existing Tags, Applied Tags, Existing CWT, Existing CWT Value, Applied CWT, Applied CWT Value, Existing PIT, Applied PIT, Samples, Conditions, Recap, Injected, Weight, Notes, Group Notes, Import Custom
[INFO] 2026-02-07 04:21:51 UTC (2026-02-06 20:21:51 PT) - Successfully saved file: data/TrappingData.csv - Size: 11875747 bytes
[INFO] 2026-02-07 04:21:51 UTC (2026-02-06 20:21:51 PT) - Data summary:
[INFO] 2026-02-07 04:21:51 UTC (2026-02-06 20:21:51 PT) -   Date range: 10/10/2023 to 9/9/2025
[INFO] 2026-02-07 04:21:51 UTC (2026-02-06 20:21:51 PT) -   Total records: 20647
[INFO] 2026-02-07 04:21:51 UTC (2026-02-06 20:21:51 PT) - Download completed successfully
[INFO] 2026-02-08 04:42:57 UTC (2026-02-07 20:42:57 PT) - Starting nightly FINS data download
[INFO] 2026-02-08 04:42:57 UTC (2026-02-07 20:42:57 PT) - API key found
[INFO] 2026-02-08 04:42:57 UTC (2026-02-07 20:42:57 PT) - Current PT time: 2026-02-07 20:42:57
[INFO] 2026-02-08 04:42:57 UTC (2026-02-07 20:42:57 PT) - Requesting ALL historical trapping data through 02/08/2026 for NPT GRSME Program only
[INFO] 2026-02-08 04:43:35 UTC (2026-02-07 20:43:35 PT) - Downloaded 20647 rows of data
[INFO] 2026-02-08 04:43:35 UTC (2026-02-07 20:43:35 PT) - Columns: Finalize, Verify, Follow-Up, Trapped Date, Is Import, Facility, Trap, Trap Is Offsite, Trapping Session Name, Target Species, Target Run, Trapping Session Comments, Fish ID, Count, Species, Run, Sex, Origin, Origin Expression, Origin Description, Origin Start Date, Origin End Date, Origin Creator, Origin Creation Date, Living Status, Length, Age Designation, Age Calculated, Age Criteria Start Length, Age Criteria End Length, Age Criteria Start Date, Age Criteria End Date, Moved To Facility, Moved To, Moved To Location Type, Moved To Is Offsite, Offsite Owner Facility, Offsite Location Latitude, Offsite Location Longitude, Offsite Location Description, Disposition, Release Site, Release Site Latitude, Release Site Longitude, Purpose, Existing Marks, Existing Marks Quantity, Applied Marks, Applied Marks Quantity, Existing Tags, Applied Tags, Existing CWT, Existing CWT Value, Applied CWT, Applied CWT Value, Existing PIT, Applied PIT, Samples, Conditions, Recap, Injected, Weight, Notes, Group Notes, Import Custom
[INFO] 2026-02-08 04:43:35 UTC (2026-02-07 20:43:35 PT) - Successfully saved file: data/TrappingData.csv - Size: 11875747 bytes
[INFO] 2026-02-08 04:43:35 UTC (2026-02-07 20:43:35 PT) - Data summary:
[INFO] 2026-02-08 04:43:35 UTC (2026-02-07 20:43:35 PT) -   Date range: 10/10/2023 to 9/9/2025
[INFO] 2026-02-08 04:43:35 UTC (2026-02-07 20:43:35 PT) -   Total records: 20647
[INFO] 2026-02-08 04:43:35 UTC (2026-02-07 20:43:35 PT) - Download completed successfully
[INFO] 2026-02-09 04:39:02 UTC (2026-02-08 20:39:02 PT) - Starting nightly FINS data download
[INFO] 2026-02-09 04:39:02 UTC (2026-02-08 20:39:02 PT) - API key found
[INFO] 2026-02-09 04:39:02 UTC (2026-02-08 20:39:02 PT) - Current PT time: 2026-02-08 20:39:02
[INFO] 2026-02-09 04:39:02 UTC (2026-02-08 20:39:02 PT) - Requesting ALL historical trapping data through 02/09/2026 for NPT GRSME Program only
[INFO] 2026-02-09 04:39:39 UTC (2026-02-08 20:39:39 PT) - Downloaded 20647 rows of data
[INFO] 2026-02-09 04:39:39 UTC (2026-02-08 20:39:39 PT) - Columns: Finalize, Verify, Follow-Up, Trapped Date, Is Import, Facility, Trap, Trap Is Offsite, Trapping Session Name, Target Species, Target Run, Trapping Session Comments, Fish ID, Count, Species, Run, Sex, Origin, Origin Expression, Origin Description, Origin Start Date, Origin End Date, Origin Creator, Origin Creation Date, Living Status, Length, Age Designation, Age Calculated, Age Criteria Start Length, Age Criteria End Length, Age Criteria Start Date, Age Criteria End Date, Moved To Facility, Moved To, Moved To Location Type, Moved To Is Offsite, Offsite Owner Facility, Offsite Location Latitude, Offsite Location Longitude, Offsite Location Description, Disposition, Release Site, Release Site Latitude, Release Site Longitude, Purpose, Existing Marks, Existing Marks Quantity, Applied Marks, Applied Marks Quantity, Existing Tags, Applied Tags, Existing CWT, Existing CWT Value, Applied CWT, Applied CWT Value, Existing PIT, Applied PIT, Samples, Conditions, Recap, Injected, Weight, Notes, Group Notes, Import Custom
[INFO] 2026-02-09 04:39:39 UTC (2026-02-08 20:39:39 PT) - Successfully saved file: data/TrappingData.csv - Size: 11875747 bytes
[INFO] 2026-02-09 04:39:39 UTC (2026-02-08 20:39:39 PT) - Data summary:
[INFO] 2026-02-09 04:39:39 UTC (2026-02-08 20:39:39 PT) -   Date range: 10/10/2023 to 9/9/2025
[INFO] 2026-02-09 04:39:39 UTC (2026-02-08 20:39:39 PT) -   Total records: 20647
[INFO] 2026-02-09 04:39:39 UTC (2026-02-08 20:39:39 PT) - Download completed successfully
[INFO] 2026-02-10 04:42:29 UTC (2026-02-09 20:42:29 PT) - Starting nightly FINS data download
[INFO] 2026-02-10 04:42:29 UTC (2026-02-09 20:42:29 PT) - API key found
[INFO] 2026-02-10 04:42:29 UTC (2026-02-09 20:42:29 PT) - Current PT time: 2026-02-09 20:42:29
[INFO] 2026-02-10 04:42:29 UTC (2026-02-09 20:42:29 PT) - Requesting ALL historical trapping data through 02/10/2026 for NPT GRSME Program only
[INFO] 2026-02-10 04:43:03 UTC (2026-02-09 20:43:03 PT) - Downloaded 20647 rows of data
[INFO] 2026-02-10 04:43:03 UTC (2026-02-09 20:43:03 PT) - Columns: Finalize, Verify, Follow-Up, Trapped Date, Is Import, Facility, Trap, Trap Is Offsite, Trapping Session Name, Target Species, Target Run, Trapping Session Comments, Fish ID, Count, Species, Run, Sex, Origin, Origin Expression, Origin Description, Origin Start Date, Origin End Date, Origin Creator, Origin Creation Date, Living Status, Length, Age Designation, Age Calculated, Age Criteria Start Length, Age Criteria End Length, Age Criteria Start Date, Age Criteria End Date, Moved To Facility, Moved To, Moved To Location Type, Moved To Is Offsite, Offsite Owner Facility, Offsite Location Latitude, Offsite Location Longitude, Offsite Location Description, Disposition, Release Site, Release Site Latitude, Release Site Longitude, Purpose, Existing Marks, Existing Marks Quantity, Applied Marks, Applied Marks Quantity, Existing Tags, Applied Tags, Existing CWT, Existing CWT Value, Applied CWT, Applied CWT Value, Existing PIT, Applied PIT, Samples, Conditions, Recap, Injected, Weight, Notes, Group Notes, Import Custom
[INFO] 2026-02-10 04:43:03 UTC (2026-02-09 20:43:03 PT) - Successfully saved file: data/TrappingData.csv - Size: 11875747 bytes
[INFO] 2026-02-10 04:43:03 UTC (2026-02-09 20:43:03 PT) - Data summary:
[INFO] 2026-02-10 04:43:03 UTC (2026-02-09 20:43:03 PT) -   Date range: 10/10/2023 to 9/9/2025
[INFO] 2026-02-10 04:43:03 UTC (2026-02-09 20:43:03 PT) -   Total records: 20647
[INFO] 2026-02-10 04:43:03 UTC (2026-02-09 20:43:03 PT) - Download completed successfully
[INFO] 2026-02-11 04:41:15 UTC (2026-02-10 20:41:15 PT) - Starting nightly FINS data download
[INFO] 2026-02-11 04:41:15 UTC (2026-02-10 20:41:15 PT) - API key found
[INFO] 2026-02-11 04:41:15 UTC (2026-02-10 20:41:15 PT) - Current PT time: 2026-02-10 20:41:15
[INFO] 2026-02-11 04:41:15 UTC (2026-02-10 20:41:15 PT) - Requesting ALL historical trapping data through 02/11/2026 for NPT GRSME Program only
[INFO] 2026-02-11 04:41:48 UTC (2026-02-10 20:41:48 PT) - Downloaded 20647 rows of data
[INFO] 2026-02-11 04:41:48 UTC (2026-02-10 20:41:48 PT) - Columns: Finalize, Verify, Follow-Up, Trapped Date, Is Import, Facility, Trap, Trap Is Offsite, Trapping Session Name, Target Species, Target Run, Trapping Session Comments, Fish ID, Count, Species, Run, Sex, Origin, Origin Expression, Origin Description, Origin Start Date, Origin End Date, Origin Creator, Origin Creation Date, Living Status, Length, Age Designation, Age Calculated, Age Criteria Start Length, Age Criteria End Length, Age Criteria Start Date, Age Criteria End Date, Moved To Facility, Moved To, Moved To Location Type, Moved To Is Offsite, Offsite Owner Facility, Offsite Location Latitude, Offsite Location Longitude, Offsite Location Description, Disposition, Release Site, Release Site Latitude, Release Site Longitude, Purpose, Existing Marks, Existing Marks Quantity, Applied Marks, Applied Marks Quantity, Existing Tags, Applied Tags, Existing CWT, Existing CWT Value, Applied CWT, Applied CWT Value, Existing PIT, Applied PIT, Samples, Conditions, Recap, Injected, Weight, Notes, Group Notes, Import Custom
[INFO] 2026-02-11 04:41:48 UTC (2026-02-10 20:41:48 PT) - Successfully saved file: data/TrappingData.csv - Size: 11875747 bytes
[INFO] 2026-02-11 04:41:48 UTC (2026-02-10 20:41:48 PT) - Data summary:
[INFO] 2026-02-11 04:41:48 UTC (2026-02-10 20:41:48 PT) -   Date range: 10/10/2023 to 9/9/2025
[INFO] 2026-02-11 04:41:48 UTC (2026-02-10 20:41:48 PT) -   Total records: 20647
[INFO] 2026-02-11 04:41:48 UTC (2026-02-10 20:41:48 PT) - Download completed successfully
[INFO] 2026-02-12 04:35:41 UTC (2026-02-11 20:35:41 PT) - Starting nightly FINS data download
[INFO] 2026-02-12 04:35:41 UTC (2026-02-11 20:35:41 PT) - API key found
[INFO] 2026-02-12 04:35:41 UTC (2026-02-11 20:35:41 PT) - Current PT time: 2026-02-11 20:35:41
[INFO] 2026-02-12 04:35:41 UTC (2026-02-11 20:35:41 PT) - Requesting ALL historical trapping data through 02/12/2026 for NPT GRSME Program only
[INFO] 2026-02-12 04:36:20 UTC (2026-02-11 20:36:20 PT) - Downloaded 20647 rows of data
[INFO] 2026-02-12 04:36:20 UTC (2026-02-11 20:36:20 PT) - Columns: Finalize, Verify, Follow-Up, Trapped Date, Is Import, Facility, Trap, Trap Is Offsite, Trapping Session Name, Target Species, Target Run, Trapping Session Comments, Fish ID, Count, Species, Run, Sex, Origin, Origin Expression, Origin Description, Origin Start Date, Origin End Date, Origin Creator, Origin Creation Date, Living Status, Length, Age Designation, Age Calculated, Age Criteria Start Length, Age Criteria End Length, Age Criteria Start Date, Age Criteria End Date, Moved To Facility, Moved To, Moved To Location Type, Moved To Is Offsite, Offsite Owner Facility, Offsite Location Latitude, Offsite Location Longitude, Offsite Location Description, Disposition, Release Site, Release Site Latitude, Release Site Longitude, Purpose, Existing Marks, Existing Marks Quantity, Applied Marks, Applied Marks Quantity, Existing Tags, Applied Tags, Existing CWT, Existing CWT Value, Applied CWT, Applied CWT Value, Existing PIT, Applied PIT, Samples, Conditions, Recap, Injected, Weight, Notes, Group Notes, Import Custom
[INFO] 2026-02-12 04:36:20 UTC (2026-02-11 20:36:20 PT) - Successfully saved file: data/TrappingData.csv - Size: 11875747 bytes
[INFO] 2026-02-12 04:36:20 UTC (2026-02-11 20:36:20 PT) - Data summary:
[INFO] 2026-02-12 04:36:20 UTC (2026-02-11 20:36:20 PT) -   Date range: 10/10/2023 to 9/9/2025
[INFO] 2026-02-12 04:36:20 UTC (2026-02-11 20:36:20 PT) -   Total records: 20647
[INFO] 2026-02-12 04:36:20 UTC (2026-02-11 20:36:20 PT) - Download completed successfully
[INFO] 2026-02-13 04:33:44 UTC (2026-02-12 20:33:44 PT) - Starting nightly FINS data download
[INFO] 2026-02-13 04:33:44 UTC (2026-02-12 20:33:44 PT) - API key found
[INFO] 2026-02-13 04:33:44 UTC (2026-02-12 20:33:44 PT) - Current PT time: 2026-02-12 20:33:44
[INFO] 2026-02-13 04:33:44 UTC (2026-02-12 20:33:44 PT) - Requesting ALL historical trapping data through 02/13/2026 for NPT GRSME Program only
[INFO] 2026-02-13 04:34:21 UTC (2026-02-12 20:34:21 PT) - Downloaded 20647 rows of data
[INFO] 2026-02-13 04:34:21 UTC (2026-02-12 20:34:21 PT) - Columns: Finalize, Verify, Follow-Up, Trapped Date, Is Import, Facility, Trap, Trap Is Offsite, Trapping Session Name, Target Species, Target Run, Trapping Session Comments, Fish ID, Count, Species, Run, Sex, Origin, Origin Expression, Origin Description, Origin Start Date, Origin End Date, Origin Creator, Origin Creation Date, Living Status, Length, Age Designation, Age Calculated, Age Criteria Start Length, Age Criteria End Length, Age Criteria Start Date, Age Criteria End Date, Moved To Facility, Moved To, Moved To Location Type, Moved To Is Offsite, Offsite Owner Facility, Offsite Location Latitude, Offsite Location Longitude, Offsite Location Description, Disposition, Release Site, Release Site Latitude, Release Site Longitude, Purpose, Existing Marks, Existing Marks Quantity, Applied Marks, Applied Marks Quantity, Existing Tags, Applied Tags, Existing CWT, Existing CWT Value, Applied CWT, Applied CWT Value, Existing PIT, Applied PIT, Samples, Conditions, Recap, Injected, Weight, Notes, Group Notes, Import Custom
[INFO] 2026-02-13 04:34:21 UTC (2026-02-12 20:34:21 PT) - Successfully saved file: data/TrappingData.csv - Size: 11875747 bytes
[INFO] 2026-02-13 04:34:21 UTC (2026-02-12 20:34:21 PT) - Data summary:
[INFO] 2026-02-13 04:34:21 UTC (2026-02-12 20:34:21 PT) -   Date range: 10/10/2023 to 9/9/2025
[INFO] 2026-02-13 04:34:21 UTC (2026-02-12 20:34:21 PT) -   Total records: 20647
[INFO] 2026-02-13 04:34:21 UTC (2026-02-12 20:34:21 PT) - Download completed successfully
[INFO] 2026-02-14 04:21:44 UTC (2026-02-13 20:21:44 PT) - Starting nightly FINS data download
[INFO] 2026-02-14 04:21:44 UTC (2026-02-13 20:21:44 PT) - API key found
[INFO] 2026-02-14 04:21:44 UTC (2026-02-13 20:21:44 PT) - Current PT time: 2026-02-13 20:21:44
[INFO] 2026-02-14 04:21:44 UTC (2026-02-13 20:21:44 PT) - Requesting ALL historical trapping data through 02/14/2026 for NPT GRSME Program only
[INFO] 2026-02-14 04:22:19 UTC (2026-02-13 20:22:19 PT) - Downloaded 20647 rows of data
[INFO] 2026-02-14 04:22:19 UTC (2026-02-13 20:22:19 PT) - Columns: Finalize, Verify, Follow-Up, Trapped Date, Is Import, Facility, Trap, Trap Is Offsite, Trapping Session Name, Target Species, Target Run, Trapping Session Comments, Fish ID, Count, Species, Run, Sex, Origin, Origin Expression, Origin Description, Origin Start Date, Origin End Date, Origin Creator, Origin Creation Date, Living Status, Length, Age Designation, Age Calculated, Age Criteria Start Length, Age Criteria End Length, Age Criteria Start Date, Age Criteria End Date, Moved To Facility, Moved To, Moved To Location Type, Moved To Is Offsite, Offsite Owner Facility, Offsite Location Latitude, Offsite Location Longitude, Offsite Location Description, Disposition, Release Site, Release Site Latitude, Release Site Longitude, Purpose, Existing Marks, Existing Marks Quantity, Applied Marks, Applied Marks Quantity, Existing Tags, Applied Tags, Existing CWT, Existing CWT Value, Applied CWT, Applied CWT Value, Existing PIT, Applied PIT, Samples, Conditions, Recap, Injected, Weight, Notes, Group Notes, Import Custom
[INFO] 2026-02-14 04:22:19 UTC (2026-02-13 20:22:19 PT) - Successfully saved file: data/TrappingData.csv - Size: 11875747 bytes
[INFO] 2026-02-14 04:22:19 UTC (2026-02-13 20:22:19 PT) - Data summary:
[INFO] 2026-02-14 04:22:19 UTC (2026-02-13 20:22:19 PT) -   Date range: 10/10/2023 to 9/9/2025
[INFO] 2026-02-14 04:22:19 UTC (2026-02-13 20:22:19 PT) -   Total records: 20647
[INFO] 2026-02-14 04:22:19 UTC (2026-02-13 20:22:19 PT) - Download completed successfully
[INFO] 2026-02-15 04:34:23 UTC (2026-02-14 20:34:23 PT) - Starting nightly FINS data download
[INFO] 2026-02-15 04:34:23 UTC (2026-02-14 20:34:23 PT) - API key found
[INFO] 2026-02-15 04:34:23 UTC (2026-02-14 20:34:23 PT) - Current PT time: 2026-02-14 20:34:23
[INFO] 2026-02-15 04:34:23 UTC (2026-02-14 20:34:23 PT) - Requesting ALL historical trapping data through 02/15/2026 for NPT GRSME Program only
[INFO] 2026-02-15 04:34:58 UTC (2026-02-14 20:34:58 PT) - Downloaded 20647 rows of data
[INFO] 2026-02-15 04:34:58 UTC (2026-02-14 20:34:58 PT) - Columns: Finalize, Verify, Follow-Up, Trapped Date, Is Import, Facility, Trap, Trap Is Offsite, Trapping Session Name, Target Species, Target Run, Trapping Session Comments, Fish ID, Count, Species, Run, Sex, Origin, Origin Expression, Origin Description, Origin Start Date, Origin End Date, Origin Creator, Origin Creation Date, Living Status, Length, Age Designation, Age Calculated, Age Criteria Start Length, Age Criteria End Length, Age Criteria Start Date, Age Criteria End Date, Moved To Facility, Moved To, Moved To Location Type, Moved To Is Offsite, Offsite Owner Facility, Offsite Location Latitude, Offsite Location Longitude, Offsite Location Description, Disposition, Release Site, Release Site Latitude, Release Site Longitude, Purpose, Existing Marks, Existing Marks Quantity, Applied Marks, Applied Marks Quantity, Existing Tags, Applied Tags, Existing CWT, Existing CWT Value, Applied CWT, Applied CWT Value, Existing PIT, Applied PIT, Samples, Conditions, Recap, Injected, Weight, Notes, Group Notes, Import Custom
[INFO] 2026-02-15 04:34:58 UTC (2026-02-14 20:34:58 PT) - Successfully saved file: data/TrappingData.csv - Size: 11875747 bytes
[INFO] 2026-02-15 04:34:58 UTC (2026-02-14 20:34:58 PT) - Data summary:
[INFO] 2026-02-15 04:34:58 UTC (2026-02-14 20:34:58 PT) -   Date range: 10/10/2023 to 9/9/2025
[INFO] 2026-02-15 04:34:58 UTC (2026-02-14 20:34:58 PT) -   Total records: 20647
[INFO] 2026-02-15 04:34:58 UTC (2026-02-14 20:34:58 PT) - Download completed successfully
[INFO] 2026-02-16 04:38:01 UTC (2026-02-15 20:38:01 PT) - Starting nightly FINS data download
[INFO] 2026-02-16 04:38:01 UTC (2026-02-15 20:38:01 PT) - API key found
[INFO] 2026-02-16 04:38:01 UTC (2026-02-15 20:38:01 PT) - Current PT time: 2026-02-15 20:38:01
[INFO] 2026-02-16 04:38:01 UTC (2026-02-15 20:38:01 PT) - Requesting ALL historical trapping data through 02/16/2026 for NPT GRSME Program only
[INFO] 2026-02-16 04:38:35 UTC (2026-02-15 20:38:35 PT) - Downloaded 20647 rows of data
[INFO] 2026-02-16 04:38:35 UTC (2026-02-15 20:38:35 PT) - Columns: Finalize, Verify, Follow-Up, Trapped Date, Is Import, Facility, Trap, Trap Is Offsite, Trapping Session Name, Target Species, Target Run, Trapping Session Comments, Fish ID, Count, Species, Run, Sex, Origin, Origin Expression, Origin Description, Origin Start Date, Origin End Date, Origin Creator, Origin Creation Date, Living Status, Length, Age Designation, Age Calculated, Age Criteria Start Length, Age Criteria End Length, Age Criteria Start Date, Age Criteria End Date, Moved To Facility, Moved To, Moved To Location Type, Moved To Is Offsite, Offsite Owner Facility, Offsite Location Latitude, Offsite Location Longitude, Offsite Location Description, Disposition, Release Site, Release Site Latitude, Release Site Longitude, Purpose, Existing Marks, Existing Marks Quantity, Applied Marks, Applied Marks Quantity, Existing Tags, Applied Tags, Existing CWT, Existing CWT Value, Applied CWT, Applied CWT Value, Existing PIT, Applied PIT, Samples, Conditions, Recap, Injected, Weight, Notes, Group Notes, Import Custom
[INFO] 2026-02-16 04:38:35 UTC (2026-02-15 20:38:35 PT) - Successfully saved file: data/TrappingData.csv - Size: 11875747 bytes
[INFO] 2026-02-16 04:38:35 UTC (2026-02-15 20:38:35 PT) - Data summary:
[INFO] 2026-02-16 04:38:35 UTC (2026-02-15 20:38:35 PT) -   Date range: 10/10/2023 to 9/9/2025
[INFO] 2026-02-16 04:38:35 UTC (2026-02-15 20:38:35 PT) -   Total records: 20647
[INFO] 2026-02-16 04:38:35 UTC (2026-02-15 20:38:35 PT) - Download completed successfully
[INFO] 2026-02-17 04:31:29 UTC (2026-02-16 20:31:29 PT) - Starting nightly FINS data download
[INFO] 2026-02-17 04:31:29 UTC (2026-02-16 20:31:29 PT) - API key found
[INFO] 2026-02-17 04:31:29 UTC (2026-02-16 20:31:29 PT) - Current PT time: 2026-02-16 20:31:29
[INFO] 2026-02-17 04:31:29 UTC (2026-02-16 20:31:29 PT) - Requesting ALL historical trapping data through 02/17/2026 for NPT GRSME Program only
[INFO] 2026-02-17 04:32:06 UTC (2026-02-16 20:32:06 PT) - Downloaded 20647 rows of data
[INFO] 2026-02-17 04:32:06 UTC (2026-02-16 20:32:06 PT) - Columns: Finalize, Verify, Follow-Up, Trapped Date, Is Import, Facility, Trap, Trap Is Offsite, Trapping Session Name, Target Species, Target Run, Trapping Session Comments, Fish ID, Count, Species, Run, Sex, Origin, Origin Expression, Origin Description, Origin Start Date, Origin End Date, Origin Creator, Origin Creation Date, Living Status, Length, Age Designation, Age Calculated, Age Criteria Start Length, Age Criteria End Length, Age Criteria Start Date, Age Criteria End Date, Moved To Facility, Moved To, Moved To Location Type, Moved To Is Offsite, Offsite Owner Facility, Offsite Location Latitude, Offsite Location Longitude, Offsite Location Description, Disposition, Release Site, Release Site Latitude, Release Site Longitude, Purpose, Existing Marks, Existing Marks Quantity, Applied Marks, Applied Marks Quantity, Existing Tags, Applied Tags, Existing CWT, Existing CWT Value, Applied CWT, Applied CWT Value, Existing PIT, Applied PIT, Samples, Conditions, Recap, Injected, Weight, Notes, Group Notes, Import Custom
[INFO] 2026-02-17 04:32:06 UTC (2026-02-16 20:32:06 PT) - Successfully saved file: data/TrappingData.csv - Size: 11875747 bytes
[INFO] 2026-02-17 04:32:06 UTC (2026-02-16 20:32:06 PT) - Data summary:
[INFO] 2026-02-17 04:32:06 UTC (2026-02-16 20:32:06 PT) -   Date range: 10/10/2023 to 9/9/2025
[INFO] 2026-02-17 04:32:06 UTC (2026-02-16 20:32:06 PT) -   Total records: 20647
[INFO] 2026-02-17 04:32:06 UTC (2026-02-16 20:32:06 PT) - Download completed successfully
[INFO] 2026-02-18 04:33:20 UTC (2026-02-17 20:33:20 PT) - Starting nightly FINS data download
[INFO] 2026-02-18 04:33:20 UTC (2026-02-17 20:33:20 PT) - API key found
[INFO] 2026-02-18 04:33:20 UTC (2026-02-17 20:33:20 PT) - Current PT time: 2026-02-17 20:33:20
[INFO] 2026-02-18 04:33:20 UTC (2026-02-17 20:33:20 PT) - Requesting ALL historical trapping data through 02/18/2026 for NPT GRSME Program only
[INFO] 2026-02-18 04:33:57 UTC (2026-02-17 20:33:57 PT) - Downloaded 20647 rows of data
[INFO] 2026-02-18 04:33:57 UTC (2026-02-17 20:33:57 PT) - Columns: Finalize, Verify, Follow-Up, Trapped Date, Is Import, Facility, Trap, Trap Is Offsite, Trapping Session Name, Target Species, Target Run, Trapping Session Comments, Fish ID, Count, Species, Run, Sex, Origin, Origin Expression, Origin Description, Origin Start Date, Origin End Date, Origin Creator, Origin Creation Date, Living Status, Length, Age Designation, Age Calculated, Age Criteria Start Length, Age Criteria End Length, Age Criteria Start Date, Age Criteria End Date, Moved To Facility, Moved To, Moved To Location Type, Moved To Is Offsite, Offsite Owner Facility, Offsite Location Latitude, Offsite Location Longitude, Offsite Location Description, Disposition, Release Site, Release Site Latitude, Release Site Longitude, Purpose, Existing Marks, Existing Marks Quantity, Applied Marks, Applied Marks Quantity, Existing Tags, Applied Tags, Existing CWT, Existing CWT Value, Applied CWT, Applied CWT Value, Existing PIT, Applied PIT, Samples, Conditions, Recap, Injected, Weight, Notes, Group Notes, Import Custom
[INFO] 2026-02-18 04:33:57 UTC (2026-02-17 20:33:57 PT) - Successfully saved file: data/TrappingData.csv - Size: 11875747 bytes
[INFO] 2026-02-18 04:33:57 UTC (2026-02-17 20:33:57 PT) - Data summary:
[INFO] 2026-02-18 04:33:57 UTC (2026-02-17 20:33:57 PT) -   Date range: 10/10/2023 to 9/9/2025
[INFO] 2026-02-18 04:33:57 UTC (2026-02-17 20:33:57 PT) -   Total records: 20647
[INFO] 2026-02-18 04:33:57 UTC (2026-02-17 20:33:57 PT) - Download completed successfully
[INFO] 2026-02-19 04:32:16 UTC (2026-02-18 20:32:16 PT) - Starting nightly FINS data download
[INFO] 2026-02-19 04:32:16 UTC (2026-02-18 20:32:16 PT) - API key found
[INFO] 2026-02-19 04:32:16 UTC (2026-02-18 20:32:16 PT) - Current PT time: 2026-02-18 20:32:16
[INFO] 2026-02-19 04:32:16 UTC (2026-02-18 20:32:16 PT) - Requesting ALL historical trapping data through 02/19/2026 for NPT GRSME Program only
[INFO] 2026-02-19 04:32:50 UTC (2026-02-18 20:32:50 PT) - Downloaded 20647 rows of data
[INFO] 2026-02-19 04:32:50 UTC (2026-02-18 20:32:50 PT) - Columns: Finalize, Verify, Follow-Up, Trapped Date, Is Import, Facility, Trap, Trap Is Offsite, Trapping Session Name, Target Species, Target Run, Trapping Session Comments, Fish ID, Count, Species, Run, Sex, Origin, Origin Expression, Origin Description, Origin Start Date, Origin End Date, Origin Creator, Origin Creation Date, Living Status, Length, Age Designation, Age Calculated, Age Criteria Start Length, Age Criteria End Length, Age Criteria Start Date, Age Criteria End Date, Moved To Facility, Moved To, Moved To Location Type, Moved To Is Offsite, Offsite Owner Facility, Offsite Location Latitude, Offsite Location Longitude, Offsite Location Description, Disposition, Release Site, Release Site Latitude, Release Site Longitude, Purpose, Existing Marks, Existing Marks Quantity, Applied Marks, Applied Marks Quantity, Existing Tags, Applied Tags, Existing CWT, Existing CWT Value, Applied CWT, Applied CWT Value, Existing PIT, Applied PIT, Samples, Conditions, Recap, Injected, Weight, Notes, Group Notes, Import Custom
[INFO] 2026-02-19 04:32:50 UTC (2026-02-18 20:32:50 PT) - Successfully saved file: data/TrappingData.csv - Size: 11875747 bytes
[INFO] 2026-02-19 04:32:50 UTC (2026-02-18 20:32:50 PT) - Data summary:
[INFO] 2026-02-19 04:32:50 UTC (2026-02-18 20:32:50 PT) -   Date range: 10/10/2023 to 9/9/2025
[INFO] 2026-02-19 04:32:50 UTC (2026-02-18 20:32:50 PT) -   Total records: 20647
[INFO] 2026-02-19 04:32:50 UTC (2026-02-18 20:32:50 PT) - Download completed successfully
[INFO] 2026-02-20 04:27:26 UTC (2026-02-19 20:27:26 PT) - Starting nightly FINS data download
[INFO] 2026-02-20 04:27:26 UTC (2026-02-19 20:27:26 PT) - API key found
[INFO] 2026-02-20 04:27:26 UTC (2026-02-19 20:27:26 PT) - Current PT time: 2026-02-19 20:27:26
[INFO] 2026-02-20 04:27:26 UTC (2026-02-19 20:27:26 PT) - Requesting ALL historical trapping data through 02/20/2026 for NPT GRSME Program only
[INFO] 2026-02-20 04:28:02 UTC (2026-02-19 20:28:02 PT) - Downloaded 20647 rows of data
[INFO] 2026-02-20 04:28:02 UTC (2026-02-19 20:28:02 PT) - Columns: Finalize, Verify, Follow-Up, Trapped Date, Is Import, Facility, Trap, Trap Is Offsite, Trapping Session Name, Target Species, Target Run, Trapping Session Comments, Fish ID, Count, Species, Run, Sex, Origin, Origin Expression, Origin Description, Origin Start Date, Origin End Date, Origin Creator, Origin Creation Date, Living Status, Length, Age Designation, Age Calculated, Age Criteria Start Length, Age Criteria End Length, Age Criteria Start Date, Age Criteria End Date, Moved To Facility, Moved To, Moved To Location Type, Moved To Is Offsite, Offsite Owner Facility, Offsite Location Latitude, Offsite Location Longitude, Offsite Location Description, Disposition, Release Site, Release Site Latitude, Release Site Longitude, Purpose, Existing Marks, Existing Marks Quantity, Applied Marks, Applied Marks Quantity, Existing Tags, Applied Tags, Existing CWT, Existing CWT Value, Applied CWT, Applied CWT Value, Existing PIT, Applied PIT, Samples, Conditions, Recap, Injected, Weight, Notes, Group Notes, Import Custom
[INFO] 2026-02-20 04:28:03 UTC (2026-02-19 20:28:03 PT) - Successfully saved file: data/TrappingData.csv - Size: 11875747 bytes
[INFO] 2026-02-20 04:28:03 UTC (2026-02-19 20:28:03 PT) - Data summary:
[INFO] 2026-02-20 04:28:03 UTC (2026-02-19 20:28:03 PT) -   Date range: 10/10/2023 to 9/9/2025
[INFO] 2026-02-20 04:28:03 UTC (2026-02-19 20:28:03 PT) -   Total records: 20647
[INFO] 2026-02-20 04:28:03 UTC (2026-02-19 20:28:03 PT) - Download completed successfully
[INFO] 2026-02-21 04:17:23 UTC (2026-02-20 20:17:23 PT) - Starting nightly FINS data download
[INFO] 2026-02-21 04:17:23 UTC (2026-02-20 20:17:23 PT) - API key found
[INFO] 2026-02-21 04:17:23 UTC (2026-02-20 20:17:23 PT) - Current PT time: 2026-02-20 20:17:23
[INFO] 2026-02-21 04:17:23 UTC (2026-02-20 20:17:23 PT) - Requesting ALL historical trapping data through 02/21/2026 for NPT GRSME Program only
[INFO] 2026-02-21 04:17:54 UTC (2026-02-20 20:17:54 PT) - Downloaded 20647 rows of data
[INFO] 2026-02-21 04:17:54 UTC (2026-02-20 20:17:54 PT) - Columns: Finalize, Verify, Follow-Up, Trapped Date, Is Import, Facility, Trap, Trap Is Offsite, Trapping Session Name, Target Species, Target Run, Trapping Session Comments, Fish ID, Count, Species, Run, Sex, Origin, Origin Expression, Origin Description, Origin Start Date, Origin End Date, Origin Creator, Origin Creation Date, Living Status, Length, Age Designation, Age Calculated, Age Criteria Start Length, Age Criteria End Length, Age Criteria Start Date, Age Criteria End Date, Moved To Facility, Moved To, Moved To Location Type, Moved To Is Offsite, Offsite Owner Facility, Offsite Location Latitude, Offsite Location Longitude, Offsite Location Description, Disposition, Release Site, Release Site Latitude, Release Site Longitude, Purpose, Existing Marks, Existing Marks Quantity, Applied Marks, Applied Marks Quantity, Existing Tags, Applied Tags, Existing CWT, Existing CWT Value, Applied CWT, Applied CWT Value, Existing PIT, Applied PIT, Samples, Conditions, Recap, Injected, Weight, Notes, Group Notes, Import Custom
[INFO] 2026-02-21 04:17:54 UTC (2026-02-20 20:17:54 PT) - Successfully saved file: data/TrappingData.csv - Size: 11875747 bytes
[INFO] 2026-02-21 04:17:54 UTC (2026-02-20 20:17:54 PT) - Data summary:
[INFO] 2026-02-21 04:17:54 UTC (2026-02-20 20:17:54 PT) -   Date range: 10/10/2023 to 9/9/2025
[INFO] 2026-02-21 04:17:54 UTC (2026-02-20 20:17:54 PT) -   Total records: 20647
[INFO] 2026-02-21 04:17:54 UTC (2026-02-20 20:17:54 PT) - Download completed successfully
[INFO] 2026-02-22 04:30:24 UTC (2026-02-21 20:30:24 PT) - Starting nightly FINS data download
[INFO] 2026-02-22 04:30:24 UTC (2026-02-21 20:30:24 PT) - API key found
[INFO] 2026-02-22 04:30:24 UTC (2026-02-21 20:30:24 PT) - Current PT time: 2026-02-21 20:30:24
[INFO] 2026-02-22 04:30:24 UTC (2026-02-21 20:30:24 PT) - Requesting ALL historical trapping data through 02/22/2026 for NPT GRSME Program only
[INFO] 2026-02-22 04:30:57 UTC (2026-02-21 20:30:57 PT) - Downloaded 20647 rows of data
[INFO] 2026-02-22 04:30:57 UTC (2026-02-21 20:30:57 PT) - Columns: Finalize, Verify, Follow-Up, Trapped Date, Is Import, Facility, Trap, Trap Is Offsite, Trapping Session Name, Target Species, Target Run, Trapping Session Comments, Fish ID, Count, Species, Run, Sex, Origin, Origin Expression, Origin Description, Origin Start Date, Origin End Date, Origin Creator, Origin Creation Date, Living Status, Length, Age Designation, Age Calculated, Age Criteria Start Length, Age Criteria End Length, Age Criteria Start Date, Age Criteria End Date, Moved To Facility, Moved To, Moved To Location Type, Moved To Is Offsite, Offsite Owner Facility, Offsite Location Latitude, Offsite Location Longitude, Offsite Location Description, Disposition, Release Site, Release Site Latitude, Release Site Longitude, Purpose, Existing Marks, Existing Marks Quantity, Applied Marks, Applied Marks Quantity, Existing Tags, Applied Tags, Existing CWT, Existing CWT Value, Applied CWT, Applied CWT Value, Existing PIT, Applied PIT, Samples, Conditions, Recap, Injected, Weight, Notes, Group Notes, Import Custom
[INFO] 2026-02-22 04:30:57 UTC (2026-02-21 20:30:57 PT) - Successfully saved file: data/TrappingData.csv - Size: 11875747 bytes
[INFO] 2026-02-22 04:30:57 UTC (2026-02-21 20:30:57 PT) - Data summary:
[INFO] 2026-02-22 04:30:57 UTC (2026-02-21 20:30:57 PT) -   Date range: 10/10/2023 to 9/9/2025
[INFO] 2026-02-22 04:30:57 UTC (2026-02-21 20:30:57 PT) -   Total records: 20647
[INFO] 2026-02-22 04:30:57 UTC (2026-02-21 20:30:57 PT) - Download completed successfully
[INFO] 2026-02-23 04:36:20 UTC (2026-02-22 20:36:20 PT) - Starting nightly FINS data download
[INFO] 2026-02-23 04:36:20 UTC (2026-02-22 20:36:20 PT) - API key found
[INFO] 2026-02-23 04:36:20 UTC (2026-02-22 20:36:20 PT) - Current PT time: 2026-02-22 20:36:20
[INFO] 2026-02-23 04:36:20 UTC (2026-02-22 20:36:20 PT) - Requesting ALL historical trapping data through 02/23/2026 for NPT GRSME Program only
[INFO] 2026-02-23 04:36:56 UTC (2026-02-22 20:36:56 PT) - Downloaded 20647 rows of data
[INFO] 2026-02-23 04:36:56 UTC (2026-02-22 20:36:56 PT) - Columns: Finalize, Verify, Follow-Up, Trapped Date, Is Import, Facility, Trap, Trap Is Offsite, Trapping Session Name, Target Species, Target Run, Trapping Session Comments, Fish ID, Count, Species, Run, Sex, Origin, Origin Expression, Origin Description, Origin Start Date, Origin End Date, Origin Creator, Origin Creation Date, Living Status, Length, Age Designation, Age Calculated, Age Criteria Start Length, Age Criteria End Length, Age Criteria Start Date, Age Criteria End Date, Moved To Facility, Moved To, Moved To Location Type, Moved To Is Offsite, Offsite Owner Facility, Offsite Location Latitude, Offsite Location Longitude, Offsite Location Description, Disposition, Release Site, Release Site Latitude, Release Site Longitude, Purpose, Existing Marks, Existing Marks Quantity, Applied Marks, Applied Marks Quantity, Existing Tags, Applied Tags, Existing CWT, Existing CWT Value, Applied CWT, Applied CWT Value, Existing PIT, Applied PIT, Samples, Conditions, Recap, Injected, Weight, Notes, Group Notes, Import Custom
[INFO] 2026-02-23 04:36:56 UTC (2026-02-22 20:36:56 PT) - Successfully saved file: data/TrappingData.csv - Size: 11875747 bytes
[INFO] 2026-02-23 04:36:56 UTC (2026-02-22 20:36:56 PT) - Data summary:
[INFO] 2026-02-23 04:36:56 UTC (2026-02-22 20:36:56 PT) -   Date range: 10/10/2023 to 9/9/2025
[INFO] 2026-02-23 04:36:56 UTC (2026-02-22 20:36:56 PT) -   Total records: 20647
[INFO] 2026-02-23 04:36:56 UTC (2026-02-22 20:36:56 PT) - Download completed successfully
[INFO] 2026-02-24 04:30:21 UTC (2026-02-23 20:30:21 PT) - Starting nightly FINS data download
[INFO] 2026-02-24 04:30:21 UTC (2026-02-23 20:30:21 PT) - API key found
[INFO] 2026-02-24 04:30:21 UTC (2026-02-23 20:30:21 PT) - Current PT time: 2026-02-23 20:30:21
[INFO] 2026-02-24 04:30:21 UTC (2026-02-23 20:30:21 PT) - Requesting ALL historical trapping data through 02/24/2026 for NPT GRSME Program only
[INFO] 2026-02-24 04:30:56 UTC (2026-02-23 20:30:56 PT) - Downloaded 20647 rows of data
[INFO] 2026-02-24 04:30:56 UTC (2026-02-23 20:30:56 PT) - Columns: Finalize, Verify, Follow-Up, Trapped Date, Is Import, Facility, Trap, Trap Is Offsite, Trapping Session Name, Target Species, Target Run, Trapping Session Comments, Fish ID, Count, Species, Run, Sex, Origin, Origin Expression, Origin Description, Origin Start Date, Origin End Date, Origin Creator, Origin Creation Date, Living Status, Length, Age Designation, Age Calculated, Age Criteria Start Length, Age Criteria End Length, Age Criteria Start Date, Age Criteria End Date, Moved To Facility, Moved To, Moved To Location Type, Moved To Is Offsite, Offsite Owner Facility, Offsite Location Latitude, Offsite Location Longitude, Offsite Location Description, Disposition, Release Site, Release Site Latitude, Release Site Longitude, Purpose, Existing Marks, Existing Marks Quantity, Applied Marks, Applied Marks Quantity, Existing Tags, Applied Tags, Existing CWT, Existing CWT Value, Applied CWT, Applied CWT Value, Existing PIT, Applied PIT, Samples, Conditions, Recap, Injected, Weight, Notes, Group Notes, Import Custom
[INFO] 2026-02-24 04:30:57 UTC (2026-02-23 20:30:57 PT) - Successfully saved file: data/TrappingData.csv - Size: 11875747 bytes
[INFO] 2026-02-24 04:30:57 UTC (2026-02-23 20:30:57 PT) - Data summary:
[INFO] 2026-02-24 04:30:57 UTC (2026-02-23 20:30:57 PT) -   Date range: 10/10/2023 to 9/9/2025
[INFO] 2026-02-24 04:30:57 UTC (2026-02-23 20:30:57 PT) -   Total records: 20647
[INFO] 2026-02-24 04:30:57 UTC (2026-02-23 20:30:57 PT) - Download completed successfully
[INFO] 2026-02-25 04:36:10 UTC (2026-02-24 20:36:10 PT) - Starting nightly FINS data download
[INFO] 2026-02-25 04:36:10 UTC (2026-02-24 20:36:10 PT) - API key found
[INFO] 2026-02-25 04:36:10 UTC (2026-02-24 20:36:10 PT) - Current PT time: 2026-02-24 20:36:10
[INFO] 2026-02-25 04:36:10 UTC (2026-02-24 20:36:10 PT) - Requesting ALL historical trapping data through 02/25/2026 for NPT GRSME Program only
[INFO] 2026-02-25 04:36:48 UTC (2026-02-24 20:36:48 PT) - Downloaded 20647 rows of data
[INFO] 2026-02-25 04:36:48 UTC (2026-02-24 20:36:48 PT) - Columns: Finalize, Verify, Follow-Up, Trapped Date, Is Import, Facility, Trap, Trap Is Offsite, Trapping Session Name, Target Species, Target Run, Trapping Session Comments, Fish ID, Count, Species, Run, Sex, Origin, Origin Expression, Origin Description, Origin Start Date, Origin End Date, Origin Creator, Origin Creation Date, Living Status, Length, Age Designation, Age Calculated, Age Criteria Start Length, Age Criteria End Length, Age Criteria Start Date, Age Criteria End Date, Moved To Facility, Moved To, Moved To Location Type, Moved To Is Offsite, Offsite Owner Facility, Offsite Location Latitude, Offsite Location Longitude, Offsite Location Description, Disposition, Release Site, Release Site Latitude, Release Site Longitude, Purpose, Existing Marks, Existing Marks Quantity, Applied Marks, Applied Marks Quantity, Existing Tags, Applied Tags, Existing CWT, Existing CWT Value, Applied CWT, Applied CWT Value, Existing PIT, Applied PIT, Samples, Conditions, Recap, Injected, Weight, Notes, Group Notes, Import Custom
[INFO] 2026-02-25 04:36:48 UTC (2026-02-24 20:36:48 PT) - Successfully saved file: data/TrappingData.csv - Size: 11875747 bytes
[INFO] 2026-02-25 04:36:48 UTC (2026-02-24 20:36:48 PT) - Data summary:
[INFO] 2026-02-25 04:36:48 UTC (2026-02-24 20:36:48 PT) -   Date range: 10/10/2023 to 9/9/2025
[INFO] 2026-02-25 04:36:48 UTC (2026-02-24 20:36:48 PT) -   Total records: 20647
[INFO] 2026-02-25 04:36:48 UTC (2026-02-24 20:36:48 PT) - Download completed successfully
[INFO] 2026-02-26 04:28:28 UTC (2026-02-25 20:28:28 PT) - Starting nightly FINS data download
[INFO] 2026-02-26 04:28:28 UTC (2026-02-25 20:28:28 PT) - API key found
[INFO] 2026-02-26 04:28:28 UTC (2026-02-25 20:28:28 PT) - Current PT time: 2026-02-25 20:28:28
[INFO] 2026-02-26 04:28:28 UTC (2026-02-25 20:28:28 PT) - Requesting ALL historical trapping data through 02/26/2026 for NPT GRSME Program only
[INFO] 2026-02-26 04:29:01 UTC (2026-02-25 20:29:01 PT) - Downloaded 20647 rows of data
[INFO] 2026-02-26 04:29:01 UTC (2026-02-25 20:29:01 PT) - Columns: Finalize, Verify, Follow-Up, Trapped Date, Is Import, Facility, Trap, Trap Is Offsite, Trapping Session Name, Target Species, Target Run, Trapping Session Comments, Fish ID, Count, Species, Run, Sex, Origin, Origin Expression, Origin Description, Origin Start Date, Origin End Date, Origin Creator, Origin Creation Date, Living Status, Length, Age Designation, Age Calculated, Age Criteria Start Length, Age Criteria End Length, Age Criteria Start Date, Age Criteria End Date, Moved To Facility, Moved To, Moved To Location Type, Moved To Is Offsite, Offsite Owner Facility, Offsite Location Latitude, Offsite Location Longitude, Offsite Location Description, Disposition, Release Site, Release Site Latitude, Release Site Longitude, Purpose, Existing Marks, Existing Marks Quantity, Applied Marks, Applied Marks Quantity, Existing Tags, Applied Tags, Existing CWT, Existing CWT Value, Applied CWT, Applied CWT Value, Existing PIT, Applied PIT, Samples, Conditions, Recap, Injected, Weight, Notes, Group Notes, Import Custom
[INFO] 2026-02-26 04:29:01 UTC (2026-02-25 20:29:01 PT) - Successfully saved file: data/TrappingData.csv - Size: 11875747 bytes
[INFO] 2026-02-26 04:29:01 UTC (2026-02-25 20:29:01 PT) - Data summary:
[INFO] 2026-02-26 04:29:01 UTC (2026-02-25 20:29:01 PT) -   Date range: 10/10/2023 to 9/9/2025
[INFO] 2026-02-26 04:29:01 UTC (2026-02-25 20:29:01 PT) -   Total records: 20647
[INFO] 2026-02-26 04:29:01 UTC (2026-02-25 20:29:01 PT) - Download completed successfully
[INFO] 2026-02-27 04:25:17 UTC (2026-02-26 20:25:17 PT) - Starting nightly FINS data download
[INFO] 2026-02-27 04:25:17 UTC (2026-02-26 20:25:17 PT) - API key found
[INFO] 2026-02-27 04:25:17 UTC (2026-02-26 20:25:17 PT) - Current PT time: 2026-02-26 20:25:17
[INFO] 2026-02-27 04:25:17 UTC (2026-02-26 20:25:17 PT) - Requesting ALL historical trapping data through 02/27/2026 for NPT GRSME Program only
[INFO] 2026-02-27 04:25:48 UTC (2026-02-26 20:25:48 PT) - Downloaded 20647 rows of data
[INFO] 2026-02-27 04:25:48 UTC (2026-02-26 20:25:48 PT) - Columns: Finalize, Verify, Follow-Up, Trapped Date, Is Import, Facility, Trap, Trap Is Offsite, Trapping Session Name, Target Species, Target Run, Trapping Session Comments, Fish ID, Count, Species, Run, Sex, Origin, Origin Expression, Origin Description, Origin Start Date, Origin End Date, Origin Creator, Origin Creation Date, Living Status, Length, Age Designation, Age Calculated, Age Criteria Start Length, Age Criteria End Length, Age Criteria Start Date, Age Criteria End Date, Moved To Facility, Moved To, Moved To Location Type, Moved To Is Offsite, Offsite Owner Facility, Offsite Location Latitude, Offsite Location Longitude, Offsite Location Description, Disposition, Release Site, Release Site Latitude, Release Site Longitude, Purpose, Existing Marks, Existing Marks Quantity, Applied Marks, Applied Marks Quantity, Existing Tags, Applied Tags, Existing CWT, Existing CWT Value, Applied CWT, Applied CWT Value, Existing PIT, Applied PIT, Samples, Conditions, Recap, Injected, Weight, Notes, Group Notes, Import Custom
[INFO] 2026-02-27 04:25:48 UTC (2026-02-26 20:25:48 PT) - Successfully saved file: data/TrappingData.csv - Size: 11875747 bytes
[INFO] 2026-02-27 04:25:48 UTC (2026-02-26 20:25:48 PT) - Data summary:
[INFO] 2026-02-27 04:25:48 UTC (2026-02-26 20:25:48 PT) -   Date range: 10/10/2023 to 9/9/2025
[INFO] 2026-02-27 04:25:48 UTC (2026-02-26 20:25:48 PT) -   Total records: 20647
[INFO] 2026-02-27 04:25:48 UTC (2026-02-26 20:25:48 PT) - Download completed successfully
[INFO] 2026-02-28 04:06:45 UTC (2026-02-27 20:06:45 PT) - Starting nightly FINS data download
[INFO] 2026-02-28 04:06:45 UTC (2026-02-27 20:06:45 PT) - API key found
[INFO] 2026-02-28 04:06:45 UTC (2026-02-27 20:06:45 PT) - Current PT time: 2026-02-27 20:06:45
[INFO] 2026-02-28 04:06:45 UTC (2026-02-27 20:06:45 PT) - Requesting ALL historical trapping data through 02/28/2026 for NPT GRSME Program only
[INFO] 2026-02-28 04:07:19 UTC (2026-02-27 20:07:19 PT) - Downloaded 20647 rows of data
[INFO] 2026-02-28 04:07:19 UTC (2026-02-27 20:07:19 PT) - Columns: Finalize, Verify, Follow-Up, Trapped Date, Is Import, Facility, Trap, Trap Is Offsite, Trapping Session Name, Target Species, Target Run, Trapping Session Comments, Fish ID, Count, Species, Run, Sex, Origin, Origin Expression, Origin Description, Origin Start Date, Origin End Date, Origin Creator, Origin Creation Date, Living Status, Length, Age Designation, Age Calculated, Age Criteria Start Length, Age Criteria End Length, Age Criteria Start Date, Age Criteria End Date, Moved To Facility, Moved To, Moved To Location Type, Moved To Is Offsite, Offsite Owner Facility, Offsite Location Latitude, Offsite Location Longitude, Offsite Location Description, Disposition, Release Site, Release Site Latitude, Release Site Longitude, Purpose, Existing Marks, Existing Marks Quantity, Applied Marks, Applied Marks Quantity, Existing Tags, Applied Tags, Existing CWT, Existing CWT Value, Applied CWT, Applied CWT Value, Existing PIT, Applied PIT, Samples, Conditions, Recap, Injected, Weight, Notes, Group Notes, Import Custom
[INFO] 2026-02-28 04:07:19 UTC (2026-02-27 20:07:19 PT) - Successfully saved file: data/TrappingData.csv - Size: 11875747 bytes
[INFO] 2026-02-28 04:07:19 UTC (2026-02-27 20:07:19 PT) - Data summary:
[INFO] 2026-02-28 04:07:19 UTC (2026-02-27 20:07:19 PT) -   Date range: 10/10/2023 to 9/9/2025
[INFO] 2026-02-28 04:07:19 UTC (2026-02-27 20:07:19 PT) -   Total records: 20647
[INFO] 2026-02-28 04:07:19 UTC (2026-02-27 20:07:19 PT) - Download completed successfully
[INFO] 2026-03-01 04:34:40 UTC (2026-02-28 20:34:40 PT) - Starting nightly FINS data download
[INFO] 2026-03-01 04:34:40 UTC (2026-02-28 20:34:40 PT) - API key found
[INFO] 2026-03-01 04:34:40 UTC (2026-02-28 20:34:40 PT) - Current PT time: 2026-02-28 20:34:40
[INFO] 2026-03-01 04:34:40 UTC (2026-02-28 20:34:40 PT) - Requesting ALL historical trapping data through 03/01/2026 for NPT GRSME Program only
[INFO] 2026-03-01 04:35:20 UTC (2026-02-28 20:35:20 PT) - Downloaded 20647 rows of data
[INFO] 2026-03-01 04:35:20 UTC (2026-02-28 20:35:20 PT) - Columns: Finalize, Verify, Follow-Up, Trapped Date, Is Import, Facility, Trap, Trap Is Offsite, Trapping Session Name, Target Species, Target Run, Trapping Session Comments, Fish ID, Count, Species, Run, Sex, Origin, Origin Expression, Origin Description, Origin Start Date, Origin End Date, Origin Creator, Origin Creation Date, Living Status, Length, Age Designation, Age Calculated, Age Criteria Start Length, Age Criteria End Length, Age Criteria Start Date, Age Criteria End Date, Moved To Facility, Moved To, Moved To Location Type, Moved To Is Offsite, Offsite Owner Facility, Offsite Location Latitude, Offsite Location Longitude, Offsite Location Description, Disposition, Release Site, Release Site Latitude, Release Site Longitude, Purpose, Existing Marks, Existing Marks Quantity, Applied Marks, Applied Marks Quantity, Existing Tags, Applied Tags, Existing CWT, Existing CWT Value, Applied CWT, Applied CWT Value, Existing PIT, Applied PIT, Samples, Conditions, Recap, Injected, Weight, Notes, Group Notes, Import Custom
[INFO] 2026-03-01 04:35:20 UTC (2026-02-28 20:35:20 PT) - Successfully saved file: data/TrappingData.csv - Size: 11875747 bytes
[INFO] 2026-03-01 04:35:20 UTC (2026-02-28 20:35:20 PT) - Data summary:
[INFO] 2026-03-01 04:35:20 UTC (2026-02-28 20:35:20 PT) -   Date range: 10/10/2023 to 9/9/2025
[INFO] 2026-03-01 04:35:20 UTC (2026-02-28 20:35:20 PT) -   Total records: 20647
[INFO] 2026-03-01 04:35:20 UTC (2026-02-28 20:35:20 PT) - Download completed successfully
[INFO] 2026-03-02 04:26:49 UTC (2026-03-01 20:26:49 PT) - Starting nightly FINS data download
[INFO] 2026-03-02 04:26:49 UTC (2026-03-01 20:26:49 PT) - API key found
[INFO] 2026-03-02 04:26:49 UTC (2026-03-01 20:26:49 PT) - Current PT time: 2026-03-01 20:26:49
[INFO] 2026-03-02 04:26:49 UTC (2026-03-01 20:26:49 PT) - Requesting ALL historical trapping data through 03/02/2026 for NPT GRSME Program only
[INFO] 2026-03-02 04:27:25 UTC (2026-03-01 20:27:25 PT) - Downloaded 20647 rows of data
[INFO] 2026-03-02 04:27:25 UTC (2026-03-01 20:27:25 PT) - Columns: Finalize, Verify, Follow-Up, Trapped Date, Is Import, Facility, Trap, Trap Is Offsite, Trapping Session Name, Target Species, Target Run, Trapping Session Comments, Fish ID, Count, Species, Run, Sex, Origin, Origin Expression, Origin Description, Origin Start Date, Origin End Date, Origin Creator, Origin Creation Date, Living Status, Length, Age Designation, Age Calculated, Age Criteria Start Length, Age Criteria End Length, Age Criteria Start Date, Age Criteria End Date, Moved To Facility, Moved To, Moved To Location Type, Moved To Is Offsite, Offsite Owner Facility, Offsite Location Latitude, Offsite Location Longitude, Offsite Location Description, Disposition, Release Site, Release Site Latitude, Release Site Longitude, Purpose, Existing Marks, Existing Marks Quantity, Applied Marks, Applied Marks Quantity, Existing Tags, Applied Tags, Existing CWT, Existing CWT Value, Applied CWT, Applied CWT Value, Existing PIT, Applied PIT, Samples, Conditions, Recap, Injected, Weight, Notes, Group Notes, Import Custom
[INFO] 2026-03-02 04:27:25 UTC (2026-03-01 20:27:25 PT) - Successfully saved file: data/TrappingData.csv - Size: 11875747 bytes
[INFO] 2026-03-02 04:27:25 UTC (2026-03-01 20:27:25 PT) - Data summary:
[INFO] 2026-03-02 04:27:25 UTC (2026-03-01 20:27:25 PT) -   Date range: 10/10/2023 to 9/9/2025
[INFO] 2026-03-02 04:27:25 UTC (2026-03-01 20:27:25 PT) -   Total records: 20647
[INFO] 2026-03-02 04:27:25 UTC (2026-03-01 20:27:25 PT) - Download completed successfully
[INFO] 2026-03-03 04:26:32 UTC (2026-03-02 20:26:32 PT) - Starting nightly FINS data download
[INFO] 2026-03-03 04:26:32 UTC (2026-03-02 20:26:32 PT) - API key found
[INFO] 2026-03-03 04:26:32 UTC (2026-03-02 20:26:32 PT) - Current PT time: 2026-03-02 20:26:32
[INFO] 2026-03-03 04:26:32 UTC (2026-03-02 20:26:32 PT) - Requesting ALL historical trapping data through 03/03/2026 for NPT GRSME Program only
[INFO] 2026-03-03 04:27:06 UTC (2026-03-02 20:27:06 PT) - Downloaded 20647 rows of data
[INFO] 2026-03-03 04:27:06 UTC (2026-03-02 20:27:06 PT) - Columns: Finalize, Verify, Follow-Up, Trapped Date, Is Import, Facility, Trap, Trap Is Offsite, Trapping Session Name, Target Species, Target Run, Trapping Session Comments, Fish ID, Count, Species, Run, Sex, Origin, Origin Expression, Origin Description, Origin Start Date, Origin End Date, Origin Creator, Origin Creation Date, Living Status, Length, Age Designation, Age Calculated, Age Criteria Start Length, Age Criteria End Length, Age Criteria Start Date, Age Criteria End Date, Moved To Facility, Moved To, Moved To Location Type, Moved To Is Offsite, Offsite Owner Facility, Offsite Location Latitude, Offsite Location Longitude, Offsite Location Description, Disposition, Release Site, Release Site Latitude, Release Site Longitude, Purpose, Existing Marks, Existing Marks Quantity, Applied Marks, Applied Marks Quantity, Existing Tags, Applied Tags, Existing CWT, Existing CWT Value, Applied CWT, Applied CWT Value, Existing PIT, Applied PIT, Samples, Conditions, Recap, Injected, Weight, Notes, Group Notes, Import Custom
[INFO] 2026-03-03 04:27:06 UTC (2026-03-02 20:27:06 PT) - Successfully saved file: data/TrappingData.csv - Size: 11875747 bytes
[INFO] 2026-03-03 04:27:06 UTC (2026-03-02 20:27:06 PT) - Data summary:
[INFO] 2026-03-03 04:27:06 UTC (2026-03-02 20:27:06 PT) -   Date range: 10/10/2023 to 9/9/2025
[INFO] 2026-03-03 04:27:06 UTC (2026-03-02 20:27:06 PT) -   Total records: 20647
[INFO] 2026-03-03 04:27:06 UTC (2026-03-02 20:27:06 PT) - Download completed successfully
[INFO] 2026-03-04 04:19:56 UTC (2026-03-03 20:19:56 PT) - Starting nightly FINS data download
[INFO] 2026-03-04 04:19:56 UTC (2026-03-03 20:19:56 PT) - API key found
[INFO] 2026-03-04 04:19:56 UTC (2026-03-03 20:19:56 PT) - Current PT time: 2026-03-03 20:19:56
[INFO] 2026-03-04 04:19:56 UTC (2026-03-03 20:19:56 PT) - Requesting ALL historical trapping data through 03/04/2026 for NPT GRSME Program only
[INFO] 2026-03-04 04:20:32 UTC (2026-03-03 20:20:32 PT) - Downloaded 20647 rows of data
[INFO] 2026-03-04 04:20:32 UTC (2026-03-03 20:20:32 PT) - Columns: Finalize, Verify, Follow-Up, Trapped Date, Is Import, Facility, Trap, Trap Is Offsite, Trapping Session Name, Target Species, Target Run, Trapping Session Comments, Fish ID, Count, Species, Run, Sex, Origin, Origin Expression, Origin Description, Origin Start Date, Origin End Date, Origin Creator, Origin Creation Date, Living Status, Length, Age Designation, Age Calculated, Age Criteria Start Length, Age Criteria End Length, Age Criteria Start Date, Age Criteria End Date, Moved To Facility, Moved To, Moved To Location Type, Moved To Is Offsite, Offsite Owner Facility, Offsite Location Latitude, Offsite Location Longitude, Offsite Location Description, Disposition, Release Site, Release Site Latitude, Release Site Longitude, Purpose, Existing Marks, Existing Marks Quantity, Applied Marks, Applied Marks Quantity, Existing Tags, Applied Tags, Existing CWT, Existing CWT Value, Applied CWT, Applied CWT Value, Existing PIT, Applied PIT, Samples, Conditions, Recap, Injected, Weight, Notes, Group Notes, Import Custom
[INFO] 2026-03-04 04:20:32 UTC (2026-03-03 20:20:32 PT) - Successfully saved file: data/TrappingData.csv - Size: 11875747 bytes
[INFO] 2026-03-04 04:20:32 UTC (2026-03-03 20:20:32 PT) - Data summary:
[INFO] 2026-03-04 04:20:32 UTC (2026-03-03 20:20:32 PT) -   Date range: 10/10/2023 to 9/9/2025
[INFO] 2026-03-04 04:20:32 UTC (2026-03-03 20:20:32 PT) -   Total records: 20647
[INFO] 2026-03-04 04:20:32 UTC (2026-03-03 20:20:32 PT) - Download completed successfully
[INFO] 2026-03-05 04:23:59 UTC (2026-03-04 20:23:59 PT) - Starting nightly FINS data download
[INFO] 2026-03-05 04:23:59 UTC (2026-03-04 20:23:59 PT) - API key found
[INFO] 2026-03-05 04:23:59 UTC (2026-03-04 20:23:59 PT) - Current PT time: 2026-03-04 20:23:59
[INFO] 2026-03-05 04:23:59 UTC (2026-03-04 20:23:59 PT) - Requesting ALL historical trapping data through 03/05/2026 for NPT GRSME Program only
[INFO] 2026-03-05 04:24:31 UTC (2026-03-04 20:24:31 PT) - Downloaded 20647 rows of data
[INFO] 2026-03-05 04:24:31 UTC (2026-03-04 20:24:31 PT) - Columns: Finalize, Verify, Follow-Up, Trapped Date, Is Import, Facility, Trap, Trap Is Offsite, Trapping Session Name, Target Species, Target Run, Trapping Session Comments, Fish ID, Count, Species, Run, Sex, Origin, Origin Expression, Origin Description, Origin Start Date, Origin End Date, Origin Creator, Origin Creation Date, Living Status, Length, Age Designation, Age Calculated, Age Criteria Start Length, Age Criteria End Length, Age Criteria Start Date, Age Criteria End Date, Moved To Facility, Moved To, Moved To Location Type, Moved To Is Offsite, Offsite Owner Facility, Offsite Location Latitude, Offsite Location Longitude, Offsite Location Description, Disposition, Release Site, Release Site Latitude, Release Site Longitude, Purpose, Existing Marks, Existing Marks Quantity, Applied Marks, Applied Marks Quantity, Existing Tags, Applied Tags, Existing CWT, Existing CWT Value, Applied CWT, Applied CWT Value, Existing PIT, Applied PIT, Samples, Conditions, Recap, Injected, Weight, Notes, Group Notes, Import Custom
[INFO] 2026-03-05 04:24:31 UTC (2026-03-04 20:24:31 PT) - Successfully saved file: data/TrappingData.csv - Size: 11875747 bytes
[INFO] 2026-03-05 04:24:31 UTC (2026-03-04 20:24:31 PT) - Data summary:
[INFO] 2026-03-05 04:24:31 UTC (2026-03-04 20:24:31 PT) -   Date range: 10/10/2023 to 9/9/2025
[INFO] 2026-03-05 04:24:31 UTC (2026-03-04 20:24:31 PT) -   Total records: 20647
[INFO] 2026-03-05 04:24:31 UTC (2026-03-04 20:24:31 PT) - Download completed successfully
[INFO] 2026-03-06 04:21:03 UTC (2026-03-05 20:21:03 PT) - Starting nightly FINS data download
[INFO] 2026-03-06 04:21:03 UTC (2026-03-05 20:21:03 PT) - API key found
[INFO] 2026-03-06 04:21:03 UTC (2026-03-05 20:21:03 PT) - Current PT time: 2026-03-05 20:21:03
[INFO] 2026-03-06 04:21:03 UTC (2026-03-05 20:21:03 PT) - Requesting ALL historical trapping data through 03/06/2026 for NPT GRSME Program only
[INFO] 2026-03-06 04:21:38 UTC (2026-03-05 20:21:38 PT) - Downloaded 20647 rows of data
[INFO] 2026-03-06 04:21:38 UTC (2026-03-05 20:21:38 PT) - Columns: Finalize, Verify, Follow-Up, Trapped Date, Is Import, Facility, Trap, Trap Is Offsite, Trapping Session Name, Target Species, Target Run, Trapping Session Comments, Fish ID, Count, Species, Run, Sex, Origin, Origin Expression, Origin Description, Origin Start Date, Origin End Date, Origin Creator, Origin Creation Date, Living Status, Length, Age Designation, Age Calculated, Age Criteria Start Length, Age Criteria End Length, Age Criteria Start Date, Age Criteria End Date, Moved To Facility, Moved To, Moved To Location Type, Moved To Is Offsite, Offsite Owner Facility, Offsite Location Latitude, Offsite Location Longitude, Offsite Location Description, Disposition, Release Site, Release Site Latitude, Release Site Longitude, Purpose, Existing Marks, Existing Marks Quantity, Applied Marks, Applied Marks Quantity, Existing Tags, Applied Tags, Existing CWT, Existing CWT Value, Applied CWT, Applied CWT Value, Existing PIT, Applied PIT, Samples, Conditions, Recap, Injected, Weight, Notes, Group Notes, Import Custom
[INFO] 2026-03-06 04:21:38 UTC (2026-03-05 20:21:38 PT) - Successfully saved file: data/TrappingData.csv - Size: 11875747 bytes
[INFO] 2026-03-06 04:21:38 UTC (2026-03-05 20:21:38 PT) - Data summary:
[INFO] 2026-03-06 04:21:38 UTC (2026-03-05 20:21:38 PT) -   Date range: 10/10/2023 to 9/9/2025
[INFO] 2026-03-06 04:21:38 UTC (2026-03-05 20:21:38 PT) -   Total records: 20647
[INFO] 2026-03-06 04:21:38 UTC (2026-03-05 20:21:38 PT) - Download completed successfully
[INFO] 2026-03-07 04:12:42 UTC (2026-03-06 20:12:42 PT) - Starting nightly FINS data download
[INFO] 2026-03-07 04:12:42 UTC (2026-03-06 20:12:42 PT) - API key found
[INFO] 2026-03-07 04:12:42 UTC (2026-03-06 20:12:42 PT) - Current PT time: 2026-03-06 20:12:42
[INFO] 2026-03-07 04:12:42 UTC (2026-03-06 20:12:42 PT) - Requesting ALL historical trapping data through 03/07/2026 for NPT GRSME Program only
[INFO] 2026-03-07 04:13:13 UTC (2026-03-06 20:13:13 PT) - Downloaded 20647 rows of data
[INFO] 2026-03-07 04:13:13 UTC (2026-03-06 20:13:13 PT) - Columns: Finalize, Verify, Follow-Up, Trapped Date, Is Import, Facility, Trap, Trap Is Offsite, Trapping Session Name, Target Species, Target Run, Trapping Session Comments, Fish ID, Count, Species, Run, Sex, Origin, Origin Expression, Origin Description, Origin Start Date, Origin End Date, Origin Creator, Origin Creation Date, Living Status, Length, Age Designation, Age Calculated, Age Criteria Start Length, Age Criteria End Length, Age Criteria Start Date, Age Criteria End Date, Moved To Facility, Moved To, Moved To Location Type, Moved To Is Offsite, Offsite Owner Facility, Offsite Location Latitude, Offsite Location Longitude, Offsite Location Description, Disposition, Release Site, Release Site Latitude, Release Site Longitude, Purpose, Existing Marks, Existing Marks Quantity, Applied Marks, Applied Marks Quantity, Existing Tags, Applied Tags, Existing CWT, Existing CWT Value, Applied CWT, Applied CWT Value, Existing PIT, Applied PIT, Samples, Conditions, Recap, Injected, Weight, Notes, Group Notes, Import Custom
[INFO] 2026-03-07 04:13:14 UTC (2026-03-06 20:13:14 PT) - Successfully saved file: data/TrappingData.csv - Size: 11875747 bytes
[INFO] 2026-03-07 04:13:14 UTC (2026-03-06 20:13:14 PT) - Data summary:
[INFO] 2026-03-07 04:13:14 UTC (2026-03-06 20:13:14 PT) -   Date range: 10/10/2023 to 9/9/2025
[INFO] 2026-03-07 04:13:14 UTC (2026-03-06 20:13:14 PT) -   Total records: 20647
[INFO] 2026-03-07 04:13:14 UTC (2026-03-06 20:13:14 PT) - Download completed successfully
[INFO] 2026-03-08 04:23:48 UTC (2026-03-07 20:23:48 PT) - Starting nightly FINS data download
[INFO] 2026-03-08 04:23:48 UTC (2026-03-07 20:23:48 PT) - API key found
[INFO] 2026-03-08 04:23:48 UTC (2026-03-07 20:23:48 PT) - Current PT time: 2026-03-07 20:23:48
[INFO] 2026-03-08 04:23:48 UTC (2026-03-07 20:23:48 PT) - Requesting ALL historical trapping data through 03/08/2026 for NPT GRSME Program only
[INFO] 2026-03-08 04:24:20 UTC (2026-03-07 20:24:20 PT) - Downloaded 20647 rows of data
[INFO] 2026-03-08 04:24:20 UTC (2026-03-07 20:24:20 PT) - Columns: Finalize, Verify, Follow-Up, Trapped Date, Is Import, Facility, Trap, Trap Is Offsite, Trapping Session Name, Target Species, Target Run, Trapping Session Comments, Fish ID, Count, Species, Run, Sex, Origin, Origin Expression, Origin Description, Origin Start Date, Origin End Date, Origin Creator, Origin Creation Date, Living Status, Length, Age Designation, Age Calculated, Age Criteria Start Length, Age Criteria End Length, Age Criteria Start Date, Age Criteria End Date, Moved To Facility, Moved To, Moved To Location Type, Moved To Is Offsite, Offsite Owner Facility, Offsite Location Latitude, Offsite Location Longitude, Offsite Location Description, Disposition, Release Site, Release Site Latitude, Release Site Longitude, Purpose, Existing Marks, Existing Marks Quantity, Applied Marks, Applied Marks Quantity, Existing Tags, Applied Tags, Existing CWT, Existing CWT Value, Applied CWT, Applied CWT Value, Existing PIT, Applied PIT, Samples, Conditions, Recap, Injected, Weight, Notes, Group Notes, Import Custom
[INFO] 2026-03-08 04:24:20 UTC (2026-03-07 20:24:20 PT) - Successfully saved file: data/TrappingData.csv - Size: 11875747 bytes
[INFO] 2026-03-08 04:24:20 UTC (2026-03-07 20:24:20 PT) - Data summary:
[INFO] 2026-03-08 04:24:20 UTC (2026-03-07 20:24:20 PT) -   Date range: 10/10/2023 to 9/9/2025
[INFO] 2026-03-08 04:24:20 UTC (2026-03-07 20:24:20 PT) -   Total records: 20647
[INFO] 2026-03-08 04:24:20 UTC (2026-03-07 20:24:20 PT) - Download completed successfully
[INFO] 2026-03-09 04:29:54 UTC (2026-03-08 21:29:54 PT) - Starting nightly FINS data download
[INFO] 2026-03-09 04:29:54 UTC (2026-03-08 21:29:54 PT) - API key found
[INFO] 2026-03-09 04:29:54 UTC (2026-03-08 21:29:54 PT) - Current PT time: 2026-03-08 21:29:54
[INFO] 2026-03-09 04:29:54 UTC (2026-03-08 21:29:54 PT) - Requesting ALL historical trapping data through 03/09/2026 for NPT GRSME Program only
[INFO] 2026-03-09 04:30:32 UTC (2026-03-08 21:30:32 PT) - Downloaded 20647 rows of data
[INFO] 2026-03-09 04:30:32 UTC (2026-03-08 21:30:32 PT) - Columns: Finalize, Verify, Follow-Up, Trapped Date, Is Import, Facility, Trap, Trap Is Offsite, Trapping Session Name, Target Species, Target Run, Trapping Session Comments, Fish ID, Count, Species, Run, Sex, Origin, Origin Expression, Origin Description, Origin Start Date, Origin End Date, Origin Creator, Origin Creation Date, Living Status, Length, Age Designation, Age Calculated, Age Criteria Start Length, Age Criteria End Length, Age Criteria Start Date, Age Criteria End Date, Moved To Facility, Moved To, Moved To Location Type, Moved To Is Offsite, Offsite Owner Facility, Offsite Location Latitude, Offsite Location Longitude, Offsite Location Description, Disposition, Release Site, Release Site Latitude, Release Site Longitude, Purpose, Existing Marks, Existing Marks Quantity, Applied Marks, Applied Marks Quantity, Existing Tags, Applied Tags, Existing CWT, Existing CWT Value, Applied CWT, Applied CWT Value, Existing PIT, Applied PIT, Samples, Conditions, Recap, Injected, Weight, Notes, Group Notes, Import Custom
[INFO] 2026-03-09 04:30:32 UTC (2026-03-08 21:30:32 PT) - Successfully saved file: data/TrappingData.csv - Size: 11875747 bytes
[INFO] 2026-03-09 04:30:32 UTC (2026-03-08 21:30:32 PT) - Data summary:
[INFO] 2026-03-09 04:30:32 UTC (2026-03-08 21:30:32 PT) -   Date range: 10/10/2023 to 9/9/2025
[INFO] 2026-03-09 04:30:32 UTC (2026-03-08 21:30:32 PT) -   Total records: 20647
[INFO] 2026-03-09 04:30:32 UTC (2026-03-08 21:30:32 PT) - Download completed successfully
[INFO] 2026-03-10 04:21:35 UTC (2026-03-09 21:21:35 PT) - Starting nightly FINS data download
[INFO] 2026-03-10 04:21:35 UTC (2026-03-09 21:21:35 PT) - API key found
[INFO] 2026-03-10 04:21:35 UTC (2026-03-09 21:21:35 PT) - Current PT time: 2026-03-09 21:21:35
[INFO] 2026-03-10 04:21:35 UTC (2026-03-09 21:21:35 PT) - Requesting ALL historical trapping data through 03/10/2026 for NPT GRSME Program only
[INFO] 2026-03-10 04:22:11 UTC (2026-03-09 21:22:11 PT) - Downloaded 20647 rows of data
[INFO] 2026-03-10 04:22:11 UTC (2026-03-09 21:22:11 PT) - Columns: Finalize, Verify, Follow-Up, Trapped Date, Is Import, Facility, Trap, Trap Is Offsite, Trapping Session Name, Target Species, Target Run, Trapping Session Comments, Fish ID, Count, Species, Run, Sex, Origin, Origin Expression, Origin Description, Origin Start Date, Origin End Date, Origin Creator, Origin Creation Date, Living Status, Length, Age Designation, Age Calculated, Age Criteria Start Length, Age Criteria End Length, Age Criteria Start Date, Age Criteria End Date, Moved To Facility, Moved To, Moved To Location Type, Moved To Is Offsite, Offsite Owner Facility, Offsite Location Latitude, Offsite Location Longitude, Offsite Location Description, Disposition, Release Site, Release Site Latitude, Release Site Longitude, Purpose, Existing Marks, Existing Marks Quantity, Applied Marks, Applied Marks Quantity, Existing Tags, Applied Tags, Existing CWT, Existing CWT Value, Applied CWT, Applied CWT Value, Existing PIT, Applied PIT, Samples, Conditions, Recap, Injected, Weight, Notes, Group Notes, Import Custom
[INFO] 2026-03-10 04:22:11 UTC (2026-03-09 21:22:11 PT) - Successfully saved file: data/TrappingData.csv - Size: 11875747 bytes
[INFO] 2026-03-10 04:22:11 UTC (2026-03-09 21:22:11 PT) - Data summary:
[INFO] 2026-03-10 04:22:11 UTC (2026-03-09 21:22:11 PT) -   Date range: 10/10/2023 to 9/9/2025
[INFO] 2026-03-10 04:22:11 UTC (2026-03-09 21:22:11 PT) -   Total records: 20647
[INFO] 2026-03-10 04:22:11 UTC (2026-03-09 21:22:11 PT) - Download completed successfully
[INFO] 2026-03-11 04:21:54 UTC (2026-03-10 21:21:54 PT) - Starting nightly FINS data download
[INFO] 2026-03-11 04:21:54 UTC (2026-03-10 21:21:54 PT) - API key found
[INFO] 2026-03-11 04:21:54 UTC (2026-03-10 21:21:54 PT) - Current PT time: 2026-03-10 21:21:54
[INFO] 2026-03-11 04:21:54 UTC (2026-03-10 21:21:54 PT) - Requesting ALL historical trapping data through 03/11/2026 for NPT GRSME Program only
[INFO] 2026-03-11 04:22:25 UTC (2026-03-10 21:22:25 PT) - Downloaded 20647 rows of data
[INFO] 2026-03-11 04:22:25 UTC (2026-03-10 21:22:25 PT) - Columns: Finalize, Verify, Follow-Up, Trapped Date, Is Import, Facility, Trap, Trap Is Offsite, Trapping Session Name, Target Species, Target Run, Trapping Session Comments, Fish ID, Count, Species, Run, Sex, Origin, Origin Expression, Origin Description, Origin Start Date, Origin End Date, Origin Creator, Origin Creation Date, Living Status, Length, Age Designation, Age Calculated, Age Criteria Start Length, Age Criteria End Length, Age Criteria Start Date, Age Criteria End Date, Moved To Facility, Moved To, Moved To Location Type, Moved To Is Offsite, Offsite Owner Facility, Offsite Location Latitude, Offsite Location Longitude, Offsite Location Description, Disposition, Release Site, Release Site Latitude, Release Site Longitude, Purpose, Existing Marks, Existing Marks Quantity, Applied Marks, Applied Marks Quantity, Existing Tags, Applied Tags, Existing CWT, Existing CWT Value, Applied CWT, Applied CWT Value, Existing PIT, Applied PIT, Samples, Conditions, Recap, Injected, Weight, Notes, Group Notes, Import Custom
[INFO] 2026-03-11 04:22:25 UTC (2026-03-10 21:22:25 PT) - Successfully saved file: data/TrappingData.csv - Size: 11875747 bytes
[INFO] 2026-03-11 04:22:25 UTC (2026-03-10 21:22:25 PT) - Data summary:
[INFO] 2026-03-11 04:22:25 UTC (2026-03-10 21:22:25 PT) -   Date range: 10/10/2023 to 9/9/2025
[INFO] 2026-03-11 04:22:25 UTC (2026-03-10 21:22:25 PT) -   Total records: 20647
[INFO] 2026-03-11 04:22:25 UTC (2026-03-10 21:22:25 PT) - Download completed successfully
